strategy,query_budget,queries_used,candidates_proposed,candidates_valid,valid_candidate_rate,candidates_unique,unique_candidate_rate,duplicates,invalid_proposals,edit_budget_rejections,source_prediction,best_prediction,best_drift,drift_per_query,best_operator_edits,max_operator_edits,mean_operator_edits,seed,operator,objective,source_smiles,best_smiles,predictor_calls,one_model_call_per_query,atom_edit_count,structural_change_proxy,element_change_count,atom_count_delta,component_count_delta,best_is_source,source_id,objective_name,signed_change_eV
random,50,50,3400,2175,0.6397058823529411,50,1.0,1225,0,0,4.482829570770264,4.883819103240967,0.4009895324707031,0.008019790649414063,1,1,1.0,42,simple_substitution,TargetIncrease,*C#CC(CCCCOC(=O)NCCC)=C(*)CCCCOC(=O)NCCC,*C#CS(CCCCOC(=O)NCCC)=C(*)CCCCOC(=O)NCCC,51,True,1,1,1,0,0,False,0,TARGET_INCREASE,0.4009895324707031
random,50,10,110,55,0.5,10,1.0,55,0,0,5.693188190460205,6.199018955230713,0.5058307647705078,0.05058307647705078,1,1,1.0,42,simple_substitution,TargetIncrease,*CC(*)C=C,*CC(*)C=O,11,True,1,1,1,0,0,False,1,TARGET_INCREASE,0.5058307647705078
random,50,13,182,91,0.5,13,1.0,91,0,0,4.5167927742004395,6.41111946105957,1.8943266868591309,0.14571743745070237,1,1,1.0,42,simple_substitution,TargetIncrease,*CC(=S)NO*,*CC(=O)NO*,14,True,1,1,1,0,0,False,2,TARGET_INCREASE,1.8943266868591309
random,50,14,210,105,0.5,14,1.0,105,0,0,4.1277289390563965,5.882623195648193,1.7548942565917969,0.1253495897565569,1,1,1.0,42,simple_substitution,TargetIncrease,*CC(=O)CC(*)=S,*CC(=O)CC(*)=O,15,True,1,1,1,0,0,False,3,TARGET_INCREASE,1.7548942565917969
random,50,15,240,120,0.5,15,1.0,120,0,0,3.604166030883789,5.2131242752075195,1.6089582443237305,0.10726388295491536,1,1,1.0,42,simple_substitution,TargetIncrease,*CC(=O)C(=S)C(*)=O,*CC(=O)C(=O)C(*)=O,16,True,1,1,1,0,0,False,4,TARGET_INCREASE,1.6089582443237305
random,50,50,3950,2725,0.689873417721519,50,1.0,1225,0,0,2.682847023010254,2.969146251678467,0.2862992286682129,0.005725984573364258,1,1,1.0,42,simple_substitution,TargetIncrease,*C#Cc1cc(C#Cc2cc(N)c(*)cc2[N+](=O)[O-])c(OCCOCCOC)cc1OCCOCCOC,*C#Cc1cc(C#Cc2cc(N)c(*)cc2C(=O)[O-])c(OCCOCCOC)cc1OCCOCCOC,51,True,1,1,1,0,0,False,5,TARGET_INCREASE,0.2862992286682129
random,50,31,992,496,0.5,31,1.0,496,0,0,1.931450605392456,2.800344467163086,0.8688938617706299,0.02802883425066548,1,1,1.0,42,simple_substitution,TargetIncrease,*C#Cc1ccc(C#Cc2sc(*)c([N+](=O)[O-])c2[N+](=O)[O-])cc1,*C#Cc1ccc(C#CC2=S([N+](=O)[O-])C([N+](=O)[O-])=C(*)S2)cc1,32,True,1,1,1,0,0,False,6,TARGET_INCREASE,0.8688938617706299
random,50,33,1122,561,0.5,33,1.0,561,0,0,2.3184561729431152,2.7792882919311523,0.4608321189880371,0.013964609666304155,1,1,1.0,42,simple_substitution,TargetIncrease,*C#Cc1sc(C#Cc2ccc(*)nc2)c([N+](=O)[O-])c1[N+](=O)[O-],*C#CC1=S([N+](=O)[O-])C([N+](=O)[O-])=C(C#Cc2ccc(*)nc2)S1,34,True,1,1,1,0,0,False,7,TARGET_INCREASE,0.4608321189880371
random,50,50,2800,1575,0.5625,50,1.0,1225,0,0,3.9084136486053467,4.171561241149902,0.26314759254455566,0.005262951850891113,1,1,1.0,42,simple_substitution,TargetIncrease,*CCCCCCCCCCOC(=O)c1ccc(C=Cc2ccc(C(=O)O*)cc2)cc1,*CCCCCCCCCCOC(=O)c1ccc(N=Cc2ccc(C(=O)O*)cc2)cc1,51,True,1,1,1,0,0,False,8,TARGET_INCREASE,0.26314759254455566
random,50,44,1980,990,0.5,44,1.0,990,0,0,2.770007848739624,3.2958593368530273,0.5258514881134033,0.01195117018439553,1,1,1.0,42,simple_substitution,TargetIncrease,*C=Cc1csc(C=Cc2cccc(*)n2)c1CCCCCCCC,*N=Cc1csc(C=Cc2cccc(*)n2)c1CCCCCCCC,45,True,1,1,1,0,0,False,9,TARGET_INCREASE,0.5258514881134033
random,50,22,506,253,0.5,22,1.0,253,0,0,5.766177177429199,6.219655990600586,0.4534788131713867,0.020612673325972122,1,1,1.0,42,simple_substitution,TargetIncrease,*CC(*)C(=O)NCCO,*CC(*)C(=O)OCCO,23,True,1,1,1,0,0,False,10,TARGET_INCREASE,0.4534788131713867
random,50,25,650,325,0.5,25,1.0,325,0,0,5.358880043029785,6.355340003967285,0.9964599609375,0.0398583984375,1,1,1.0,42,simple_substitution,TargetIncrease,*CC(*)C(=O)SC(C)CC,*CC(*)C(=O)OC(C)CC,26,True,1,1,1,0,0,False,11,TARGET_INCREASE,0.9964599609375
random,50,26,702,351,0.5,26,1.0,351,0,0,5.310904502868652,6.647587776184082,1.3366832733154297,0.05141089512751652,1,1,1.0,42,simple_substitution,TargetIncrease,*OC(=O)CCSCCC(*)=O,*OC(=O)CCCCCC(*)=O,27,True,1,1,1,0,0,False,12,TARGET_INCREASE,1.3366832733154297
random,50,31,992,496,0.5,31,1.0,496,0,0,5.054882526397705,6.333026885986328,1.278144359588623,0.04123046321253623,1,1,1.0,42,simple_substitution,TargetIncrease,*CC(*)C(=O)OCCCSCC,*CC(*)C(=O)OCCCCCC,32,True,1,1,1,0,0,False,13,TARGET_INCREASE,1.278144359588623
random,50,32,1056,528,0.5,32,1.0,528,0,0,5.500260353088379,6.074350357055664,0.5740900039672852,0.01794031262397766,1,1,1.0,42,simple_substitution,TargetIncrease,*C=CC(C)C(*)C(=O)OCCCC,*N=CC(C)C(*)C(=O)OCCCC,33,True,1,1,1,0,0,False,14,TARGET_INCREASE,0.5740900039672852
random,50,35,1260,630,0.5,35,1.0,630,0,0,5.93048095703125,6.232001781463623,0.30152082443237305,0.008614880698067802,1,1,1.0,42,simple_substitution,TargetIncrease,*NC(CCC(=O)OCCCC)C(*)=O,*CC(CCC(=O)OCCCC)C(*)=O,36,True,1,1,1,0,0,False,15,TARGET_INCREASE,0.30152082443237305
random,50,34,1190,595,0.5,34,1.0,595,0,0,6.093667507171631,6.392115116119385,0.2984476089477539,0.008777870851404527,1,1,1.0,42,simple_substitution,TargetIncrease,*CC(*)(C#N)C(=O)OCC(C)OCC=C,*CC(*)(C#N)S(=O)OCC(C)OCC=C,35,True,1,1,1,0,0,False,16,TARGET_INCREASE,0.2984476089477539
random,50,43,1892,946,0.5,43,1.0,946,0,0,4.716371059417725,5.819509983062744,1.1031389236450195,0.025654393573139988,1,1,1.0,42,simple_substitution,TargetIncrease,*C(=NCCCCCC)N(*)CCCCCC,*C(=NCCCCCC)C(*)CCCCCC,44,True,1,1,1,0,0,False,17,TARGET_INCREASE,1.1031389236450195
random,50,36,1332,666,0.5,36,1.0,666,0,0,5.228766918182373,5.284872055053711,0.05610513687133789,0.0015584760242038304,1,1,1.0,42,simple_substitution,TargetIncrease,*CC#CC#CCOC(=O)CCCCC(=O)O*,*CC#CC#CCCC(=O)CCCCC(=O)O*,37,True,1,1,1,0,0,False,18,TARGET_INCREASE,0.05610513687133789
random,50,26,702,351,0.5,26,1.0,351,0,0,6.2741827964782715,6.493568420410156,0.21938562393188477,0.008437908612764798,1,1,1.0,42,simple_substitution,TargetIncrease,*CC(CO*)(CS(=O)(=O)CCC)CS(=O)(=O)CCC,*CC(CO*)(CS(=O)(=O)CCC)CS(=O)(=O)OCC,27,True,1,1,1,0,0,False,19,TARGET_INCREASE,0.21938562393188477
random,50,14,210,105,0.5,14,1.0,105,0,0,6.232177257537842,6.779282569885254,0.5471053123474121,0.03907895088195801,1,1,1.0,42,simple_substitution,TargetIncrease,*CC(C)(C)CS(*)(=O)=O,*CC(C)(C)OS(*)(=O)=O,15,True,1,1,1,0,0,False,20,TARGET_INCREASE,0.5471053123474121
random,50,19,380,190,0.5,19,1.0,190,0,0,7.237398147583008,7.678802490234375,0.4414043426513672,0.023231807507966693,1,1,1.0,42,simple_substitution,TargetIncrease,*C(F)C(*)(F)OC(F)(F)F,*C(F)C(*)(F)OS(F)(F)F,20,True,1,1,1,0,0,False,21,TARGET_INCREASE,0.4414043426513672
random,50,28,812,406,0.5,28,1.0,406,0,0,6.301794528961182,6.529063701629639,0.22726917266845703,0.008116756166730608,1,1,1.0,42,simple_substitution,TargetIncrease,*CC(*)C(=O)OCCCCC,*CC(*)S(=O)OCCCCC,29,True,1,1,1,0,0,False,22,TARGET_INCREASE,0.22726917266845703
random,50,31,992,496,0.5,31,1.0,496,0,0,6.122353553771973,6.53025484085083,0.4079012870788574,0.013158106034801852,1,1,1.0,42,simple_substitution,TargetIncrease,*CC(*)(C)C(=O)OCCCOC,*CC(*)(C)C(=O)OCCCOF,32,True,1,1,1,0,0,False,23,TARGET_INCREASE,0.4079012870788574
random,50,34,1190,595,0.5,34,1.0,595,0,0,5.851002216339111,6.210636138916016,0.3596339225769043,0.010577468311085421,1,1,1.0,42,simple_substitution,TargetIncrease,*C=CCCCCCCCCCC*,*CCCCCCCCCCC=N*,35,True,1,1,1,0,0,False,24,TARGET_INCREASE,0.3596339225769043
random,50,23,552,276,0.5,23,1.0,276,0,0,7.346739768981934,7.584042072296143,0.23730230331420898,0.010317491448443869,1,1,1.0,42,simple_substitution,TargetIncrease,*C(F)(F)C(*)(F)OC(F)(F)C(F)(F)F,*C(F)(F)C(*)(F)OC(F)(F)S(F)(F)F,24,True,1,1,1,0,0,False,25,TARGET_INCREASE,0.23730230331420898
random,50,28,812,406,0.5,28,1.0,406,0,0,6.814662933349609,7.171639442443848,0.3569765090942383,0.012749161039079939,1,1,1.0,42,simple_substitution,TargetIncrease,*CC(*)(F)C(=O)OCC(F)(F)C(F)(F)F,*CC(*)(F)S(=O)OCC(F)(F)C(F)(F)F,29,True,1,1,1,0,0,False,26,TARGET_INCREASE,0.3569765090942383
random,50,43,1892,946,0.5,43,1.0,946,0,0,6.311307907104492,6.745854377746582,0.43454647064208984,0.010105731875397438,1,1,1.0,42,simple_substitution,TargetIncrease,*CCCCCCCCCCCCC(=O)N*,*CCCCCCCCCCCCC(=O)O*,44,True,1,1,1,0,0,False,27,TARGET_INCREASE,0.43454647064208984
random,50,30,930,465,0.5,30,1.0,465,0,0,6.676274299621582,6.842276573181152,0.1660022735595703,0.005533409118652344,1,1,1.0,42,simple_substitution,TargetIncrease,*CC(*)C(=O)OCC(F)(F)C(F)(F)C(F)(F)F,*CC(*)C(=O)OCC(F)(F)C(F)(F)S(F)(F)F,31,True,1,1,1,0,0,False,28,TARGET_INCREASE,0.1660022735595703
random,50,47,2256,1128,0.5,47,1.0,1128,0,0,5.6309332847595215,6.002129077911377,0.37119579315185547,0.007897782833018202,1,1,1.0,42,simple_substitution,TargetIncrease,*CCCCCNC(=O)C(OC)C(OC)C(=O)N*,*CCCCCNC(=O)C(OC)C(OC)C(=O)O*,48,True,1,1,1,0,0,False,29,TARGET_INCREASE,0.37119579315185547
greedy,50,50,68,68,1.0,50,1.0,0,0,0,4.482829570770264,4.883819103240967,0.4009895324707031,0.008019790649414063,1,1,1.0,42,simple_substitution,TargetIncrease,*C#CC(CCCCOC(=O)NCCC)=C(*)CCCCOC(=O)NCCC,*C#CS(CCCCOC(=O)NCCC)=C(*)CCCCOC(=O)NCCC,51,True,1,1,1,0,0,False,0,TARGET_INCREASE,0.4009895324707031
greedy,50,25,40,25,0.625,25,1.0,5,0,10,5.693188190460205,6.773104190826416,1.079916000366211,0.04319664001464844,3,3,1.88,42,simple_substitution,TargetIncrease,*CC(*)C=C,*OC(*)N=O,26,True,3,3,3,0,0,False,1,TARGET_INCREASE,1.079916000366211
greedy,50,33,52,33,0.6346153846153846,33,1.0,6,0,13,4.5167927742004395,7.572003364562988,3.055210590362549,0.09258213910189542,3,3,1.878787878787879,42,simple_substitution,TargetIncrease,*CC(=S)NO*,*ONS(=O)O*,34,True,2,2,2,0,0,False,2,TARGET_INCREASE,3.055210590362549
greedy,50,36,56,36,0.6428571428571429,36,1.0,6,0,14,4.1277289390563965,7.0693840980529785,2.941655158996582,0.08171264330546062,3,3,1.8888888888888888,42,simple_substitution,TargetIncrease,*CC(=O)CC(*)=S,*OC(=O)OC(*)=O,37,True,3,3,3,0,0,False,3,TARGET_INCREASE,2.941655158996582
greedy,50,41,45,41,0.9111111111111111,41,1.0,4,0,0,3.604166030883789,6.189079284667969,2.5849132537841797,0.06304666472644341,2,3,1.951219512195122,42,simple_substitution,TargetIncrease,*CC(=O)C(=S)C(*)=O,*CC(=O)S(=O)C(*)=O,42,True,1,1,1,0,0,False,4,TARGET_INCREASE,2.5849132537841797
greedy,50,50,79,79,1.0,50,1.0,0,0,0,2.682847023010254,2.969146251678467,0.2862992286682129,0.005725984573364258,1,1,1.0,42,simple_substitution,TargetIncrease,*C#Cc1cc(C#Cc2cc(N)c(*)cc2[N+](=O)[O-])c(OCCOCCOC)cc1OCCOCCOC,*C#Cc1cc(C#Cc2cc(N)c(*)cc2C(=O)[O-])c(OCCOCCOC)cc1OCCOCCOC,51,True,1,1,1,0,0,False,5,TARGET_INCREASE,0.2862992286682129
greedy,50,50,64,64,1.0,50,1.0,0,0,0,1.931450605392456,3.0357651710510254,1.1043145656585693,0.022086291313171386,2,2,1.38,42,simple_substitution,TargetIncrease,*C#Cc1ccc(C#Cc2sc(*)c([N+](=O)[O-])c2[N+](=O)[O-])cc1,*C#Cc1ccc(C#SC2=S([N+](=O)[O-])C([N+](=O)[O-])=C(*)S2)cc1,51,True,2,2,2,0,0,False,6,TARGET_INCREASE,1.1043145656585693
greedy,50,50,68,68,1.0,50,1.0,0,0,0,2.3184561729431152,3.661768913269043,1.3433127403259277,0.026866254806518556,2,2,1.34,42,simple_substitution,TargetIncrease,*C#Cc1sc(C#Cc2ccc(*)nc2)c([N+](=O)[O-])c1[N+](=O)[O-],*C#CC1=S([N+](=O)[O-])S([N+](=O)[O-])=C(C#Cc2ccc(*)nc2)S1,51,True,2,2,2,0,0,False,7,TARGET_INCREASE,1.3433127403259277
greedy,50,50,56,56,1.0,50,1.0,0,0,0,3.9084136486053467,4.171561241149902,0.26314759254455566,0.005262951850891113,1,1,1.0,42,simple_substitution,TargetIncrease,*CCCCCCCCCCOC(=O)c1ccc(C=Cc2ccc(C(=O)O*)cc2)cc1,*CCCCCCCCCCOC(=O)c1ccc(N=Cc2ccc(C(=O)O*)cc2)cc1,51,True,1,1,1,0,0,False,8,TARGET_INCREASE,0.26314759254455566
greedy,50,50,88,87,0.9886363636363636,50,1.0,1,0,0,2.770007848739624,3.5408501625061035,0.7708423137664795,0.01541684627532959,2,2,1.12,42,simple_substitution,TargetIncrease,*C=Cc1csc(C=Cc2cccc(*)n2)c1CCCCCCCC,*N=Nc1csc(C=Cc2cccc(*)n2)c1CCCCCCCC,51,True,2,2,2,0,0,False,9,TARGET_INCREASE,0.7708423137664795
greedy,50,50,66,62,0.9393939393939394,50,1.0,4,0,0,5.766177177429199,6.656152248382568,0.8899750709533691,0.017799501419067384,3,3,1.72,42,simple_substitution,TargetIncrease,*CC(*)C(=O)NCCO,*OC(*)S(=O)OCCO,51,True,3,3,3,0,0,False,10,TARGET_INCREASE,0.8899750709533691
greedy,50,50,75,71,0.9466666666666667,50,1.0,4,0,0,5.358880043029785,6.780570030212402,1.4216899871826172,0.028433799743652344,3,3,1.54,42,simple_substitution,TargetIncrease,*CC(*)C(=O)SC(C)CC,*OC(*)S(=O)OC(C)CC,51,True,2,2,2,0,0,False,11,TARGET_INCREASE,1.4216899871826172
greedy,50,50,52,50,0.9615384615384616,50,1.0,2,0,0,5.310904502868652,6.859470367431641,1.5485658645629883,0.030971317291259765,2,2,1.48,42,simple_substitution,TargetIncrease,*OC(=O)CCSCCC(*)=O,*OC(=O)CCCCOC(*)=O,51,True,1,1,1,0,0,False,12,TARGET_INCREASE,1.5485658645629883
greedy,50,50,62,60,0.967741935483871,50,1.0,2,0,0,5.054882526397705,6.542758941650391,1.4878764152526855,0.02975752830505371,2,2,1.38,42,simple_substitution,TargetIncrease,*CC(*)C(=O)OCCCSCC,*CC(*)S(=O)OCCCCCC,51,True,0,0,0,0,0,False,13,TARGET_INCREASE,1.4878764152526855
greedy,50,50,64,63,0.984375,50,1.0,1,0,0,5.500260353088379,6.4520440101623535,0.9517836570739746,0.01903567314147949,2,2,1.36,42,simple_substitution,TargetIncrease,*C=CC(C)C(*)C(=O)OCCCC,*N=NC(C)C(*)C(=O)OCCCC,51,True,2,2,2,0,0,False,14,TARGET_INCREASE,0.9517836570739746
greedy,50,50,70,68,0.9714285714285714,50,1.0,2,0,0,5.93048095703125,6.2848615646362305,0.35438060760498047,0.007087612152099609,2,2,1.3,42,simple_substitution,TargetIncrease,*NC(CCC(=O)OCCCC)C(*)=O,*CC(COC(=O)OCCCC)C(*)=O,51,True,1,1,1,0,0,False,15,TARGET_INCREASE,0.35438060760498047
greedy,50,50,68,68,1.0,50,1.0,0,0,0,6.093667507171631,6.515207290649414,0.4215397834777832,0.008430795669555664,2,2,1.32,42,simple_substitution,TargetIncrease,*CC(*)(C#N)C(=O)OCC(C)OCC=C,*CS(*)(C#N)S(=O)OCC(C)OCC=C,51,True,2,2,2,0,0,False,16,TARGET_INCREASE,0.4215397834777832
greedy,50,50,86,85,0.9883720930232558,50,1.0,1,0,0,4.716371059417725,5.819509983062744,1.1031389236450195,0.02206277847290039,1,2,1.14,42,simple_substitution,TargetIncrease,*C(=NCCCCCC)N(*)CCCCCC,*C(=NCCCCCC)C(*)CCCCCC,51,True,1,1,1,0,0,False,17,TARGET_INCREASE,1.1031389236450195
greedy,50,50,72,70,0.9722222222222222,50,1.0,2,0,0,5.228766918182373,5.284872055053711,0.05610513687133789,0.0011221027374267577,1,2,1.28,42,simple_substitution,TargetIncrease,*CC#CC#CCOC(=O)CCCCC(=O)O*,*CC#CC#CCCC(=O)CCCCC(=O)O*,51,True,1,1,1,0,0,False,18,TARGET_INCREASE,0.05610513687133789
greedy,50,50,68,66,0.9705882352941176,50,1.0,2,0,0,6.2741827964782715,6.709719657897949,0.43553686141967773,0.008710737228393555,2,2,1.48,42,simple_substitution,TargetIncrease,*CC(CO*)(CS(=O)(=O)CCC)CS(=O)(=O)CCC,*CC(CO*)(CS(=O)(=O)OCC)CS(=O)(=O)OCC,51,True,2,2,2,0,0,False,19,TARGET_INCREASE,0.43553686141967773
greedy,50,39,64,39,0.609375,39,1.0,7,0,18,6.232177257537842,7.106291770935059,0.8741145133972168,0.022413192651210688,3,3,1.9743589743589745,42,simple_substitution,TargetIncrease,*CC(C)(C)CS(*)(=O)=O,*OC(C)(F)OS(*)(=O)=O,40,True,3,3,3,0,0,False,20,TARGET_INCREASE,0.8741145133972168
greedy,50,50,57,55,0.9649122807017544,50,1.0,2,0,0,7.237398147583008,8.112994194030762,0.8755960464477539,0.01751192092895508,3,3,1.86,42,simple_substitution,TargetIncrease,*C(F)C(*)(F)OC(F)(F)F,*N(F)S(*)(F)OS(F)(F)F,51,True,3,3,3,0,0,False,21,TARGET_INCREASE,0.8755960464477539
greedy,50,50,56,56,1.0,50,1.0,0,0,0,6.301794528961182,6.6828694343566895,0.3810749053955078,0.0076214981079101565,2,2,1.44,42,simple_substitution,TargetIncrease,*CC(*)C(=O)OCCCCC,*OC(*)S(=O)OCCCCC,51,True,2,2,2,0,0,False,22,TARGET_INCREASE,0.3810749053955078
greedy,50,50,62,59,0.9516129032258065,50,1.0,3,0,0,6.122353553771973,6.8525238037109375,0.7301702499389648,0.014603404998779297,2,2,1.38,42,simple_substitution,TargetIncrease,*CC(*)(C)C(=O)OCCCOC,*CC(*)(C)S(=O)OCCCOF,51,True,2,2,2,0,0,False,23,TARGET_INCREASE,0.7301702499389648
greedy,50,50,68,67,0.9852941176470589,50,1.0,1,0,0,5.851002216339111,6.210636138916016,0.3596339225769043,0.007192678451538086,1,2,1.32,42,simple_substitution,TargetIncrease,*C=CCCCCCCCCCC*,*CCCCCCCCCCC=N*,51,True,1,1,1,0,0,False,24,TARGET_INCREASE,0.3596339225769043
greedy,50,50,69,67,0.9710144927536232,50,1.0,2,0,0,7.346739768981934,7.810113906860352,0.46337413787841797,0.00926748275756836,3,3,1.62,42,simple_substitution,TargetIncrease,*C(F)(F)C(*)(F)OC(F)(F)C(F)(F)F,*C(F)(OS(F)(F)S(F)(F)F)S(*)(F)F,51,True,3,3,3,0,0,False,25,TARGET_INCREASE,0.46337413787841797
greedy,50,50,56,56,1.0,50,1.0,0,0,0,6.814662933349609,7.309802055358887,0.49513912200927734,0.009902782440185547,2,2,1.44,42,simple_substitution,TargetIncrease,*CC(*)(F)C(=O)OCC(F)(F)C(F)(F)F,*CC(*)(F)S(=O)OCS(F)(F)C(F)(F)F,51,True,2,2,2,0,0,False,26,TARGET_INCREASE,0.49513912200927734
greedy,50,50,86,84,0.9767441860465116,50,1.0,2,0,0,6.311307907104492,6.745854377746582,0.43454647064208984,0.008690929412841797,1,2,1.14,42,simple_substitution,TargetIncrease,*CCCCCCCCCCCCC(=O)N*,*CCCCCCCCCCCCC(=O)O*,51,True,1,1,1,0,0,False,27,TARGET_INCREASE,0.43454647064208984
greedy,50,50,60,60,1.0,50,1.0,0,0,0,6.676274299621582,6.97177791595459,0.2955036163330078,0.005910072326660156,2,2,1.4,42,simple_substitution,TargetIncrease,*CC(*)C(=O)OCC(F)(F)C(F)(F)C(F)(F)F,*CC(*)C(=O)OCS(F)(F)C(F)(F)S(F)(F)F,51,True,2,2,2,0,0,False,28,TARGET_INCREASE,0.2955036163330078
greedy,50,50,94,92,0.9787234042553191,50,1.0,2,0,0,5.6309332847595215,6.002129077911377,0.37119579315185547,0.007423915863037109,1,2,1.06,42,simple_substitution,TargetIncrease,*CCCCCNC(=O)C(OC)C(OC)C(=O)N*,*CCCCCNC(=O)C(OC)C(OC)C(=O)O*,51,True,1,1,1,0,0,False,29,TARGET_INCREASE,0.37119579315185547
metropolis,50,50,3944,3183,0.8070486815415822,50,1.0,217,0,544,4.482829570770264,4.650576114654541,0.16774654388427734,0.003354930877685547,3,3,1.86,42,simple_substitution,TargetIncrease,*C#CC(CCCCOC(=O)NCCC)=C(*)CCCCOC(=O)NCCC,*C#CC(CCCCOC(=O)CNCC)=S(*)CCCCOC(=O)NCCC,51,True,1,1,1,0,0,False,0,TARGET_INCREASE,0.16774654388427734
metropolis,50,22,250,138,0.552,22,1.0,92,0,20,5.693188190460205,6.773104190826416,1.079916000366211,0.04908709092573686,3,3,2.0454545454545454,42,simple_substitution,TargetIncrease,*CC(*)C=C,*OC(*)N=O,23,True,3,3,3,0,0,False,1,TARGET_INCREASE,1.079916000366211
metropolis,50,40,598,364,0.6086956521739131,40,1.0,169,0,65,4.5167927742004395,6.910464286804199,2.3936715126037598,0.05984178781509399,3,3,2.175,42,simple_substitution,TargetIncrease,*CC(=S)NO*,*CC(=O)OO*,41,True,2,2,2,0,0,False,2,TARGET_INCREASE,2.3936715126037598
metropolis,50,36,588,340,0.5782312925170068,36,1.0,178,0,70,4.1277289390563965,6.471226215362549,2.3434972763061523,0.0650971465640598,3,3,2.0,42,simple_substitution,TargetIncrease,*CC(=O)CC(*)=S,*OC(=O)CC(*)=O,37,True,2,2,2,0,0,False,3,TARGET_INCREASE,2.3434972763061523
metropolis,50,50,870,534,0.6137931034482759,50,1.0,216,0,120,3.604166030883789,6.189079284667969,2.5849132537841797,0.05169826507568359,3,3,2.34,42,simple_substitution,TargetIncrease,*CC(=O)C(=S)C(*)=O,*CC(=O)S(=O)C(*)=O,51,True,1,1,1,0,0,False,4,TARGET_INCREASE,2.5849132537841797
metropolis,50,50,5137,3775,0.7348647070274479,50,1.0,175,0,1187,2.682847023010254,3.0409979820251465,0.3581509590148926,0.007163019180297852,3,3,2.06,42,simple_substitution,TargetIncrease,*C#Cc1cc(C#Cc2cc(N)c(*)cc2[N+](=O)[O-])c(OCCOCCOC)cc1OCCOCCOC,*C#Cc1cc(C#Cc2cc(F)c(*)cc2S(=O)[O-])c(OCCOCCOC)cc1OCCOCSOC,51,True,3,3,3,0,0,False,5,TARGET_INCREASE,0.3581509590148926
metropolis,50,50,1864,1360,0.7296137339055794,50,1.0,215,0,289,1.931450605392456,3.041351795196533,1.1099011898040771,0.02219802379608154,3,3,1.94,42,simple_substitution,TargetIncrease,*C#Cc1ccc(C#Cc2sc(*)c([N+](=O)[O-])c2[N+](=O)[O-])cc1,*C#Cc1ccc(S#CC2=C(C(=O)[O-])S([N+](=O)[O-])=C(*)S2)cc1,51,True,2,2,2,0,0,False,6,TARGET_INCREASE,1.1099011898040771
metropolis,50,50,1953,1409,0.7214541730670763,50,1.0,251,0,293,2.3184561729431152,3.661768913269043,1.3433127403259277,0.026866254806518556,2,3,1.9,42,simple_substitution,TargetIncrease,*C#Cc1sc(C#Cc2ccc(*)nc2)c([N+](=O)[O-])c1[N+](=O)[O-],*C#CC1=S([N+](=O)[O-])S([N+](=O)[O-])=C(C#Cc2ccc(*)nc2)S1,51,True,2,2,2,0,0,False,7,TARGET_INCREASE,1.3433127403259277
metropolis,50,50,3204,2608,0.8139825218476904,50,1.0,202,0,394,3.9084136486053467,4.0383219718933105,0.12990832328796387,0.0025981664657592773,3,3,1.96,42,simple_substitution,TargetIncrease,*CCCCCCCCCCOC(=O)c1ccc(C=Cc2ccc(C(=O)O*)cc2)cc1,*CCCCCCOCSCOC(=O)c1ccc(N=Cc2ccc(C(=O)O*)cc2)cc1,51,True,3,3,3,0,0,False,8,TARGET_INCREASE,0.12990832328796387
metropolis,50,50,2740,2061,0.7521897810218978,50,1.0,145,0,534,2.770007848739624,3.608755588531494,0.8387477397918701,0.0167749547958374,3,3,2.08,42,simple_substitution,TargetIncrease,*C=Cc1csc(C=Cc2cccc(*)n2)c1CCCCCCCC,*N=Cc1csc(C=[SH]c2cccc(*)n2)c1CCCNCCCC,51,True,3,3,3,0,0,False,9,TARGET_INCREASE,0.8387477397918701
metropolis,50,50,1232,825,0.6696428571428571,50,1.0,275,0,132,5.766177177429199,6.599823951721191,0.8336467742919922,0.016672935485839844,3,3,2.1,42,simple_substitution,TargetIncrease,*CC(*)C(=O)NCCO,*OC(*)S(=O)NCOO,51,True,3,3,3,0,0,False,10,TARGET_INCREASE,0.8336467742919922
metropolis,50,50,1425,952,0.6680701754385965,50,1.0,298,0,175,5.358880043029785,6.355340003967285,0.9964599609375,0.01992919921875,1,3,1.94,42,simple_substitution,TargetIncrease,*CC(*)C(=O)SC(C)CC,*CC(*)C(=O)OC(C)CC,51,True,1,1,1,0,0,False,11,TARGET_INCREASE,0.9964599609375
metropolis,50,50,1430,1087,0.7601398601398601,50,1.0,213,0,130,5.310904502868652,6.859470367431641,1.5485658645629883,0.030971317291259765,3,3,2.24,42,simple_substitution,TargetIncrease,*OC(=O)CCSCCC(*)=O,*OC(=O)CCCCOC(*)=O,51,True,1,1,1,0,0,False,12,TARGET_INCREASE,1.5485658645629883
metropolis,50,50,1798,1322,0.7352614015572859,50,1.0,228,0,248,5.054882526397705,6.366611003875732,1.3117284774780273,0.026234569549560546,3,3,2.14,42,simple_substitution,TargetIncrease,*CC(*)C(=O)OCCCSCC,*OC(*)S(=O)OCCCOCC,51,True,2,2,2,0,0,False,13,TARGET_INCREASE,1.3117284774780273
metropolis,50,50,1824,1382,0.7576754385964912,50,1.0,218,0,224,5.500260353088379,6.560068130493164,1.0598077774047852,0.021196155548095702,3,3,2.08,42,simple_substitution,TargetIncrease,*C=CC(C)C(*)C(=O)OCCCC,*N=NC(C)C(*)C(=O)OOCCC,51,True,3,3,3,0,0,False,14,TARGET_INCREASE,1.0598077774047852
metropolis,50,50,1925,1552,0.8062337662337662,50,1.0,198,0,175,5.93048095703125,6.367614269256592,0.4371333122253418,0.008742666244506836,2,3,2.02,42,simple_substitution,TargetIncrease,*NC(CCC(=O)OCCCC)C(*)=O,*CC(CCC(=O)OOCCC)C(*)=O,51,True,1,1,1,0,0,False,15,TARGET_INCREASE,0.4371333122253418
metropolis,50,50,1938,1439,0.7425180598555211,50,1.0,261,0,238,6.093667507171631,6.619278907775879,0.525611400604248,0.010512228012084962,3,3,1.92,42,simple_substitution,TargetIncrease,*CC(*)(C#N)C(=O)OCC(C)OCC=C,*CS(*)(C#N)C(=O)OOC(C)OOC=C,51,True,3,3,3,0,0,False,16,TARGET_INCREASE,0.525611400604248
metropolis,50,50,2494,1876,0.7522052927024859,50,1.0,274,0,344,4.716371059417725,5.97943115234375,1.2630600929260254,0.02526120185852051,3,3,1.82,42,simple_substitution,TargetIncrease,*C(=NCCCCCC)N(*)CCCCCC,*C(=NCCCCCC)[SH](*)OCCCCF,51,True,3,3,3,0,0,False,17,TARGET_INCREASE,1.2630600929260254
metropolis,50,50,1980,1305,0.6590909090909091,50,1.0,495,0,180,5.228766918182373,5.284872055053711,0.05610513687133789,0.0011221027374267577,1,3,1.64,42,simple_substitution,TargetIncrease,*CC#CC#CCOC(=O)CCCCC(=O)O*,*CC#CC#CCCC(=O)CCCCC(=O)O*,51,True,1,1,1,0,0,False,18,TARGET_INCREASE,0.05610513687133789
metropolis,50,50,2144,1600,0.746268656716418,50,1.0,160,0,384,6.2741827964782715,6.602639198303223,0.32845640182495117,0.006569128036499023,2,3,2.16,42,simple_substitution,TargetIncrease,*CC(CO*)(CS(=O)(=O)CCC)CS(=O)(=O)CCC,*CC(CS(=O)(=O)CCC)(CS(=O)(=O)OCC)OO*,51,True,2,2,2,0,0,False,19,TARGET_INCREASE,0.32845640182495117
metropolis,50,28,516,298,0.5775193798449613,28,1.0,132,0,86,6.232177257537842,6.991458892822266,0.7592816352844238,0.027117201260157993,3,3,1.8571428571428572,42,simple_substitution,TargetIncrease,*CC(C)(C)CS(*)(=O)=O,*CC(O)(F)OS(*)(=O)=O,29,True,3,3,3,0,0,False,20,TARGET_INCREASE,0.7592816352844238
metropolis,50,35,760,438,0.5763157894736842,35,1.0,246,0,76,7.237398147583008,8.112994194030762,0.8755960464477539,0.025017029898507254,3,3,1.9142857142857144,42,simple_substitution,TargetIncrease,*C(F)C(*)(F)OC(F)(F)F,*N(F)S(*)(F)OS(F)(F)F,36,True,3,3,3,0,0,False,21,TARGET_INCREASE,0.8755960464477539
metropolis,50,50,1484,1021,0.6880053908355795,50,1.0,379,0,84,6.301794528961182,6.619098663330078,0.3173041343688965,0.00634608268737793,3,3,1.78,42,simple_substitution,TargetIncrease,*CC(*)C(=O)OCCCCC,*CC(*)S(=O)ONCCCF,51,True,3,3,3,0,0,False,22,TARGET_INCREASE,0.3173041343688965
metropolis,50,50,1767,1303,0.7374080362195812,50,1.0,247,0,217,6.122353553771973,6.93274450302124,0.8103909492492676,0.016207818984985353,3,3,1.96,42,simple_substitution,TargetIncrease,*CC(*)(C)C(=O)OCCCOC,*CC(*)(F)S(=O)OCCCCC,51,True,2,2,2,0,0,False,23,TARGET_INCREASE,0.8103909492492676
metropolis,50,50,1768,1328,0.751131221719457,50,1.0,372,0,68,5.851002216339111,6.210636138916016,0.3596339225769043,0.007192678451538086,3,3,1.9,42,simple_substitution,TargetIncrease,*C=CCCCCCCCCCC*,*CCCCCCCCCCC=N*,51,True,1,1,1,0,0,False,24,TARGET_INCREASE,0.3596339225769043
metropolis,50,50,1477,966,0.6540284360189573,50,1.0,268,0,243,7.346739768981934,7.584042072296143,0.23730230331420898,0.00474604606628418,1,3,1.96,42,simple_substitution,TargetIncrease,*C(F)(F)C(*)(F)OC(F)(F)C(F)(F)F,*C(F)(F)C(*)(F)OC(F)(F)S(F)(F)F,51,True,1,1,1,0,0,False,25,TARGET_INCREASE,0.23730230331420898
metropolis,50,50,1728,1241,0.7181712962962963,50,1.0,235,0,252,6.814662933349609,7.24454402923584,0.42988109588623047,0.00859762191772461,2,3,1.98,42,simple_substitution,TargetIncrease,*CC(*)(F)C(=O)OCC(F)(F)C(F)(F)F,*CC(*)(F)S(=O)OOC(F)(F)C(F)(F)F,51,True,2,2,2,0,0,False,26,TARGET_INCREASE,0.42988109588623047
metropolis,50,50,2236,1835,0.8206618962432916,50,1.0,315,0,86,6.311307907104492,6.773139476776123,0.46183156967163086,0.009236631393432617,2,3,2.04,42,simple_substitution,TargetIncrease,*CCCCCCCCCCCCC(=O)N*,*CCCCCCCCCCCOC(=O)O*,51,True,2,2,2,0,0,False,27,TARGET_INCREASE,0.46183156967163086
metropolis,50,50,1748,1302,0.7448512585812357,50,1.0,250,0,196,6.676274299621582,6.94809627532959,0.2718219757080078,0.005436439514160157,3,3,2.16,42,simple_substitution,TargetIncrease,*CC(*)C(=O)OCC(F)(F)C(F)(F)C(F)(F)F,*CC(*)S(=O)ONS(F)(F)C(F)(F)C(F)(F)F,51,True,3,3,3,0,0,False,28,TARGET_INCREASE,0.2718219757080078
metropolis,50,50,2632,2101,0.7982522796352584,50,1.0,249,0,282,5.6309332847595215,6.389066696166992,0.7581334114074707,0.015162668228149413,3,3,2.14,42,simple_substitution,TargetIncrease,*CCCCCNC(=O)C(OC)C(OC)C(=O)N*,*CCCCONC(=O)C(OF)C(OC)C(=O)O*,51,True,3,3,3,0,0,False,29,TARGET_INCREASE,0.7581334114074707
evolutionary,50,20,1496,1310,0.8756684491978609,20,1.0,50,0,136,4.482829570770264,4.689472675323486,0.20664310455322266,0.010332155227661132,3,3,2.15,42,simple_substitution,TargetIncrease,*C#CC(CCCCOC(=O)NCCC)=C(*)CCCCOC(=O)NCCC,*C#CC(CCCCOS(=O)NCCC)=C(*)CCCOOC(=O)NOCC,21,True,3,3,3,0,0,False,0,TARGET_INCREASE,0.20664310455322266
evolutionary,50,25,270,146,0.5407407407407407,25,1.0,114,0,10,5.693188190460205,6.773104190826416,1.079916000366211,0.04319664001464844,3,3,2.24,42,simple_substitution,TargetIncrease,*CC(*)C=C,*OC(*)N=O,26,True,3,3,3,0,0,False,1,TARGET_INCREASE,1.079916000366211
evolutionary,50,20,286,187,0.6538461538461539,20,1.0,73,0,26,4.5167927742004395,7.011655330657959,2.4948625564575195,0.12474312782287597,3,3,2.05,42,simple_substitution,TargetIncrease,*CC(=S)NO*,*ONC(=O)O*,21,True,2,2,2,0,0,False,2,TARGET_INCREASE,2.4948625564575195
evolutionary,50,26,406,234,0.5763546798029556,26,1.0,144,0,28,4.1277289390563965,7.0693840980529785,2.941655158996582,0.11314058303833008,3,3,2.3076923076923075,42,simple_substitution,TargetIncrease,*CC(=O)CC(*)=S,*OC(=O)OC(*)=O,27,True,3,3,3,0,0,False,3,TARGET_INCREASE,2.941655158996582
evolutionary,50,20,330,244,0.7393939393939394,20,1.0,56,0,30,3.604166030883789,5.750179290771484,2.1460132598876953,0.10730066299438476,3,3,2.2,42,simple_substitution,TargetIncrease,*CC(=O)C(=S)C(*)=O,*OS(=O)C(=O)C(*)=O,21,True,2,2,2,0,0,False,4,TARGET_INCREASE,2.1460132598876953
evolutionary,50,15,1331,1144,0.859504132231405,15,1.0,31,0,156,2.682847023010254,3.115778684616089,0.43293166160583496,0.02886211077372233,3,3,2.0,42,simple_substitution,TargetIncrease,*C#Cc1cc(C#Cc2cc(N)c(*)cc2[N+](=O)[O-])c(OCCOCCOC)cc1OCCOCCOC,*C#Cc1cc(C#Cc2cc(N)c(*)cc2S(=O)[O-])c(SCCOCCOC)cc1SCCOCCOC,16,True,3,3,3,0,0,False,5,TARGET_INCREASE,0.43293166160583496
evolutionary,50,20,713,589,0.8260869565217391,20,1.0,59,0,65,1.931450605392456,3.5391311645507812,1.6076805591583252,0.08038402795791626,3,3,2.05,42,simple_substitution,TargetIncrease,*C#Cc1ccc(C#Cc2sc(*)c([N+](=O)[O-])c2[N+](=O)[O-])cc1,*C#Cc1ccc(C#CC2=S([N+](=O)[O-])S([N+]([O-])=S)=C(*)S2)cc1,21,True,3,3,3,0,0,False,6,TARGET_INCREASE,1.6076805591583252
evolutionary,50,15,553,467,0.8444846292947559,15,1.0,22,0,64,2.3184561729431152,3.0115113258361816,0.6930551528930664,0.04620367685953776,3,3,2.0,42,simple_substitution,TargetIncrease,*C#Cc1sc(C#Cc2ccc(*)nc2)c([N+](=O)[O-])c1[N+](=O)[O-],*C#Cc1sc(S#Cc2ccc(*)nc2)c(C(=O)[O-])c1[N+](=O)[O-],16,True,1,1,1,0,0,False,7,TARGET_INCREASE,0.6930551528930664
evolutionary,50,15,918,822,0.8954248366013072,15,1.0,36,0,60,3.9084136486053467,4.093832015991211,0.18541836738586426,0.01236122449239095,2,3,1.8,42,simple_substitution,TargetIncrease,*CCCCCCCCCCOC(=O)c1ccc(C=Cc2ccc(C(=O)O*)cc2)cc1,*CCCCCCCCCCOC(=O)c1ccc(C=Cc2cnc(C(=O)O*)cn2)cc1,16,True,2,2,2,0,0,False,8,TARGET_INCREASE,0.18541836738586426
evolutionary,50,15,748,629,0.8409090909090909,15,1.0,31,0,88,2.770007848739624,3.9027481079101562,1.1327402591705322,0.07551601727803549,3,3,2.0,42,simple_substitution,TargetIncrease,*C=Cc1csc(C=Cc2cccc(*)n2)c1CCCCCCCC,*N=Cc1csc([SH]=Cc2cccc(*)n2)c1CCCCCCNC,16,True,3,3,3,0,0,False,9,TARGET_INCREASE,1.1327402591705322
evolutionary,50,35,836,486,0.5813397129186603,35,1.0,284,0,66,5.766177177429199,6.691510200500488,0.9253330230712891,0.0264380863734654,3,3,2.5714285714285716,42,simple_substitution,TargetIncrease,*CC(*)C(=O)NCCO,*CC(*)S(=O)OCCF,36,True,2,2,2,0,0,False,10,TARGET_INCREASE,0.9253330230712891
evolutionary,50,20,550,445,0.8090909090909091,20,1.0,55,0,50,5.358880043029785,6.468358039855957,1.1094779968261719,0.05547389984130859,3,3,2.05,42,simple_substitution,TargetIncrease,*CC(*)C(=O)SC(C)CC,*CC(*)S(=O)SC(C)OS,21,True,3,3,3,0,0,False,11,TARGET_INCREASE,1.1094779968261719
evolutionary,50,25,702,565,0.8048433048433048,25,1.0,85,0,52,5.310904502868652,6.611506462097168,1.3006019592285156,0.05202407836914062,3,3,2.2,42,simple_substitution,TargetIncrease,*OC(=O)CCSCCC(*)=O,*OC(=O)OONCCC(*)=O,26,True,3,3,3,0,0,False,12,TARGET_INCREASE,1.3006019592285156
evolutionary,50,42,1395,956,0.6853046594982078,42,1.0,346,0,93,5.054882526397705,6.690786361694336,1.6359038352966309,0.03895009131658645,3,3,2.4761904761904763,42,simple_substitution,TargetIncrease,*CC(*)C(=O)OCCCSCC,*CC(*)S(=O)OCCCCCF,43,True,1,1,1,0,0,False,13,TARGET_INCREASE,1.6359038352966309
evolutionary,50,30,1056,829,0.7850378787878788,30,1.0,131,0,96,5.500260353088379,6.681702613830566,1.1814422607421875,0.03938140869140625,3,3,2.0,42,simple_substitution,TargetIncrease,*C=CC(C)C(*)C(=O)OCCCC,*N=NC(C)C(*)S(=O)OCCCC,31,True,3,3,3,0,0,False,14,TARGET_INCREASE,1.1814422607421875
evolutionary,50,25,910,794,0.8725274725274725,25,1.0,81,0,35,5.93048095703125,6.670210838317871,0.7397298812866211,0.029589195251464844,3,3,2.16,42,simple_substitution,TargetIncrease,*NC(CCC(=O)OCCCC)C(*)=O,*O[SH](CCC(=O)OOCCC)C(*)=O,26,True,3,3,3,0,0,False,15,TARGET_INCREASE,0.7397298812866211
evolutionary,50,20,782,624,0.7979539641943734,20,1.0,56,0,102,6.093667507171631,6.356212615966797,0.262545108795166,0.0131272554397583,3,3,2.2,42,simple_substitution,TargetIncrease,*CC(*)(C#N)C(=O)OCC(C)OCC=C,*OC(*)(C#N)C(=O)OOC(C)ONC=C,21,True,3,3,3,0,0,False,16,TARGET_INCREASE,0.262545108795166
evolutionary,50,41,1935,1412,0.7297157622739018,41,1.0,351,0,172,4.716371059417725,5.771686553955078,1.0553154945373535,0.02573940230578911,3,3,2.3658536585365852,42,simple_substitution,TargetIncrease,*C(=NCCCCCC)N(*)CCCCCC,*N(CCCCCC)S(*)=NOCCCCN,42,True,3,3,3,0,0,False,17,TARGET_INCREASE,1.0553154945373535
evolutionary,50,50,1800,1371,0.7616666666666667,50,1.0,429,0,0,5.228766918182373,5.243659496307373,0.014892578125,0.0002978515625,1,2,1.56,42,simple_substitution,TargetIncrease,*CC#CC#CCOC(=O)CCCCC(=O)O*,*CC#CC#CCOC(=O)CCCOC(=O)O*,51,True,1,1,1,0,0,False,18,TARGET_INCREASE,0.014892578125
evolutionary,50,20,700,552,0.7885714285714286,20,1.0,64,0,84,6.2741827964782715,6.6554107666015625,0.381227970123291,0.01906139850616455,3,3,2.0,42,simple_substitution,TargetIncrease,*CC(CO*)(CS(=O)(=O)CCC)CS(=O)(=O)CCC,*CC(CS(=O)(=O)CCC)(CS(=O)(=O)OCF)OO*,21,True,3,3,3,0,0,False,19,TARGET_INCREASE,0.381227970123291
evolutionary,50,31,507,350,0.6903353057199211,31,1.0,121,0,36,6.232177257537842,7.106291770935059,0.8741145133972168,0.028197242367652156,3,3,2.161290322580645,42,simple_substitution,TargetIncrease,*CC(C)(C)CS(*)(=O)=O,*OC(C)(F)OS(*)(=O)=O,32,True,3,3,3,0,0,False,20,TARGET_INCREASE,0.8741145133972168
evolutionary,50,45,874,576,0.6590389016018307,45,1.0,279,0,19,7.237398147583008,7.770186901092529,0.5327887535095215,0.011839750077989366,2,3,1.9777777777777779,42,simple_substitution,TargetIncrease,*C(F)C(*)(F)OC(F)(F)F,*C(F)C(*)(F)SS(F)(F)F,46,True,2,2,2,0,0,False,21,TARGET_INCREASE,0.5327887535095215
evolutionary,50,50,1428,1069,0.7485994397759104,50,1.0,331,0,28,6.301794528961182,6.843143939971924,0.5413494110107422,0.010826988220214844,3,3,2.36,42,simple_substitution,TargetIncrease,*CC(*)C(=O)OCCCCC,*OC(*)S(=O)OCCCCF,51,True,3,3,3,0,0,False,22,TARGET_INCREASE,0.5413494110107422
evolutionary,50,15,496,434,0.875,15,1.0,31,0,31,6.122353553771973,6.764339447021484,0.6419858932495117,0.04279905954996745,2,3,1.8666666666666667,42,simple_substitution,TargetIncrease,*CC(*)(C)C(=O)OCCCOC,*CC(*)(C)S(=O)OCCCOO,16,True,2,2,2,0,0,False,23,TARGET_INCREASE,0.6419858932495117
evolutionary,50,50,1768,1087,0.6148190045248869,50,1.0,647,0,34,5.851002216339111,6.646013259887695,0.795011043548584,0.01590022087097168,2,3,1.44,42,simple_substitution,TargetIncrease,*C=CCCCCCCCCCC*,*CCCCCCCCCCN=N*,51,True,2,2,2,0,0,False,24,TARGET_INCREASE,0.795011043548584
evolutionary,50,34,828,593,0.716183574879227,34,1.0,189,0,46,7.346739768981934,7.810113906860352,0.46337413787841797,0.013628651114071117,3,3,2.411764705882353,42,simple_substitution,TargetIncrease,*C(F)(F)C(*)(F)OC(F)(F)C(F)(F)F,*C(F)(OS(F)(F)S(F)(F)F)S(*)(F)F,35,True,3,3,3,0,0,False,25,TARGET_INCREASE,0.46337413787841797
evolutionary,50,40,1236,907,0.7338187702265372,40,1.0,241,0,88,6.814662933349609,7.452845096588135,0.6381821632385254,0.015954554080963135,3,3,2.275,42,simple_substitution,TargetIncrease,*CC(*)(F)C(=O)OCC(F)(F)C(F)(F)F,*OC(*)(F)S(=O)OCC(F)(F)S(F)(F)F,41,True,3,3,3,0,0,False,26,TARGET_INCREASE,0.6381821632385254
evolutionary,50,50,2150,1649,0.7669767441860466,50,1.0,501,0,0,6.311307907104492,6.745854377746582,0.43454647064208984,0.008690929412841797,1,3,2.28,42,simple_substitution,TargetIncrease,*CCCCCCCCCCCCC(=O)N*,*CCCCCCCCCCCCC(=O)O*,51,True,1,1,1,0,0,False,27,TARGET_INCREASE,0.43454647064208984
evolutionary,50,20,694,536,0.7723342939481268,20,1.0,64,0,94,6.676274299621582,7.103179454803467,0.42690515518188477,0.02134525775909424,3,3,2.0,42,simple_substitution,TargetIncrease,*CC(*)C(=O)OCC(F)(F)C(F)(F)C(F)(F)F,*CC(*)S(=O)OCS(F)(F)C(F)(F)S(F)(F)F,21,True,3,3,3,0,0,False,28,TARGET_INCREASE,0.42690515518188477
evolutionary,50,15,799,678,0.8485607008760951,15,1.0,27,0,94,5.6309332847595215,6.365494728088379,0.7345614433288574,0.048970762888590494,3,3,2.0,42,simple_substitution,TargetIncrease,*CCCCCNC(=O)C(OC)C(OC)C(=O)N*,*CCCCCCC(=O)C(OC)C(OC)S(=O)O*,16,True,2,2,2,0,0,False,29,TARGET_INCREASE,0.7345614433288574
random,50,50,3400,2175,0.6397058823529411,50,1.0,1225,0,0,4.482829570770264,3.7934136390686035,0.6894159317016602,0.013788318634033203,1,1,1.0,42,simple_substitution,TargetDecrease,*C#CC(CCCCOC(=O)NCCC)=C(*)CCCCOC(=O)NCCC,*C#SC(CCCCOC(=O)NCCC)=C(*)CCCCOC(=O)NCCC,51,True,1,1,1,0,0,False,0,TARGET_DECREASE,-0.6894159317016602
random,50,10,110,55,0.5,10,1.0,55,0,0,5.693188190460205,4.2734222412109375,1.4197659492492676,0.14197659492492676,1,1,1.0,42,simple_substitution,TargetDecrease,*CC(*)C=C,*CC(*)C=S,11,True,1,1,1,0,0,False,1,TARGET_DECREASE,-1.4197659492492676
random,50,13,182,91,0.5,13,1.0,91,0,0,4.5167927742004395,3.8305416107177734,0.686251163482666,0.05278855103712816,1,1,1.0,42,simple_substitution,TargetDecrease,*CC(=S)NO*,*CS(=S)NO*,14,True,1,1,1,0,0,False,2,TARGET_DECREASE,-0.686251163482666
random,50,14,210,105,0.5,14,1.0,105,0,0,4.1277289390563965,3.5971689224243164,0.5305600166320801,0.03789714404514858,1,1,1.0,42,simple_substitution,TargetDecrease,*CC(=O)CC(*)=S,*CS(=O)CC(*)=S,15,True,1,1,1,0,0,False,3,TARGET_DECREASE,-0.5305600166320801
random,50,15,240,120,0.5,15,1.0,120,0,0,3.604166030883789,2.853893280029297,0.7502727508544922,0.05001818339029948,1,1,1.0,42,simple_substitution,TargetDecrease,*CC(=O)C(=S)C(*)=O,*CC(=O)C(=S)C(*)=S,16,True,1,1,1,0,0,False,4,TARGET_DECREASE,-0.7502727508544922
random,50,50,3950,2725,0.689873417721519,50,1.0,1225,0,0,2.682847023010254,2.326362133026123,0.35648488998413086,0.007129697799682617,1,1,1.0,42,simple_substitution,TargetDecrease,*C#Cc1cc(C#Cc2cc(N)c(*)cc2[N+](=O)[O-])c(OCCOCCOC)cc1OCCOCCOC,*C#Cc1cc(C#CS2=CC(N)=C(*)C=C2[N+](=O)[O-])c(OCCOCCOC)cc1OCCOCCOC,51,True,1,1,1,0,0,False,5,TARGET_DECREASE,-0.35648488998413086
random,50,31,992,496,0.5,31,1.0,496,0,0,1.931450605392456,1.3753442764282227,0.5561063289642334,0.017938913837555918,1,1,1.0,42,simple_substitution,TargetDecrease,*C#Cc1ccc(C#Cc2sc(*)c([N+](=O)[O-])c2[N+](=O)[O-])cc1,*C#CS1=CC=C(C#Cc2sc(*)c([N+](=O)[O-])c2[N+](=O)[O-])C=C1,32,True,1,1,1,0,0,False,6,TARGET_DECREASE,-0.5561063289642334
random,50,33,1122,561,0.5,33,1.0,561,0,0,2.3184561729431152,1.5913891792297363,0.7270669937133789,0.022032333142829662,1,1,1.0,42,simple_substitution,TargetDecrease,*C#Cc1sc(C#Cc2ccc(*)nc2)c([N+](=O)[O-])c1[N+](=O)[O-],*C#CS1=C([N+](=O)[O-])C([N+](=O)[O-])=C(C#Cc2ccc(*)nc2)S1,34,True,1,1,1,0,0,False,7,TARGET_DECREASE,-0.7270669937133789
random,50,50,2800,1575,0.5625,50,1.0,1225,0,0,3.9084136486053467,3.32053279876709,0.5878808498382568,0.011757616996765136,1,1,1.0,42,simple_substitution,TargetDecrease,*CCCCCCCCCCOC(=O)c1ccc(C=Cc2ccc(C(=O)O*)cc2)cc1,*CCCCCCCCCCOC(=O)S1=CC=C(C=Cc2ccc(C(=O)O*)cc2)C=C1,51,True,1,1,1,0,0,False,8,TARGET_DECREASE,-0.5878808498382568
random,50,44,1980,990,0.5,44,1.0,990,0,0,2.770007848739624,2.356985092163086,0.4130227565765381,0.009386880831284956,1,1,1.0,42,simple_substitution,TargetDecrease,*C=Cc1csc(C=Cc2cccc(*)n2)c1CCCCCCCC,*C=CC1=CSS(C=Cc2cccc(*)n2)=C1CCCCCCCC,45,True,1,1,1,0,0,False,9,TARGET_DECREASE,-0.4130227565765381
random,50,22,506,253,0.5,22,1.0,253,0,0,5.766177177429199,4.462924957275391,1.3032522201538086,0.059238737279718574,1,1,1.0,42,simple_substitution,TargetDecrease,*CC(*)C(=O)NCCO,*CC(*)C(=S)NCCO,23,True,1,1,1,0,0,False,10,TARGET_DECREASE,-1.3032522201538086
random,50,25,650,325,0.5,25,1.0,325,0,0,5.358880043029785,4.622184753417969,0.7366952896118164,0.029467811584472658,1,1,1.0,42,simple_substitution,TargetDecrease,*CC(*)C(=O)SC(C)CC,*SC(*)C(=O)SC(C)CC,26,True,1,1,1,0,0,False,11,TARGET_DECREASE,-0.7366952896118164
random,50,26,702,351,0.5,26,1.0,351,0,0,5.310904502868652,4.553647518157959,0.7572569847106934,0.029125268642718975,1,1,1.0,42,simple_substitution,TargetDecrease,*OC(=O)CCSCCC(*)=O,*OC(=O)CCSCCC(*)=S,27,True,1,1,1,0,0,False,12,TARGET_DECREASE,-0.7572569847106934
random,50,31,992,496,0.5,31,1.0,496,0,0,5.054882526397705,4.417916774749756,0.6369657516479492,0.020547282311224168,1,1,1.0,42,simple_substitution,TargetDecrease,*CC(*)C(=O)OCCCSCC,*CC(*)C(=S)OCCCSCC,32,True,1,1,1,0,0,False,13,TARGET_DECREASE,-0.6369657516479492
random,50,32,1056,528,0.5,32,1.0,528,0,0,5.500260353088379,4.311397075653076,1.1888632774353027,0.03715197741985321,1,1,1.0,42,simple_substitution,TargetDecrease,*C=CC(C)C(*)C(=O)OCCCC,*C=CC(C)C(*)C(=S)OCCCC,33,True,1,1,1,0,0,False,14,TARGET_DECREASE,-1.1888632774353027
random,50,35,1260,630,0.5,35,1.0,630,0,0,5.93048095703125,4.572198390960693,1.3582825660705566,0.038808073316301615,1,1,1.0,42,simple_substitution,TargetDecrease,*NC(CCC(=O)OCCCC)C(*)=O,*NC(CCC(=O)OCCCC)C(*)=S,36,True,1,1,1,0,0,False,15,TARGET_DECREASE,-1.3582825660705566
random,50,34,1190,595,0.5,34,1.0,595,0,0,6.093667507171631,4.3924560546875,1.7012114524841309,0.05003563095541561,1,1,1.0,42,simple_substitution,TargetDecrease,*CC(*)(C#N)C(=O)OCC(C)OCC=C,*CC(*)(C#[SH])C(=O)OCC(C)OCC=C,35,True,1,1,1,0,0,False,16,TARGET_DECREASE,-1.7012114524841309
random,50,43,1892,946,0.5,43,1.0,946,0,0,4.716371059417725,3.9417989253997803,0.7745721340179443,0.018013305442277774,1,1,1.0,42,simple_substitution,TargetDecrease,*C(=NCCCCCC)N(*)CCCCCC,*C(=NCCCCCC)N(*)CSCCCC,44,True,1,1,1,0,0,False,17,TARGET_DECREASE,-0.7745721340179443
random,50,36,1332,666,0.5,36,1.0,666,0,0,5.228766918182373,4.480069160461426,0.7486977577209473,0.02079715993669298,1,1,1.0,42,simple_substitution,TargetDecrease,*CC#CC#CCOC(=O)CCCCC(=O)O*,*CS#CC#CCOC(=O)CCCCC(=O)O*,37,True,1,1,1,0,0,False,18,TARGET_DECREASE,-0.7486977577209473
random,50,26,702,351,0.5,26,1.0,351,0,0,6.2741827964782715,4.982485771179199,1.2916970252990723,0.049680654819195084,1,1,1.0,42,simple_substitution,TargetDecrease,*CC(CO*)(CS(=O)(=O)CCC)CS(=O)(=O)CCC,*CC(CO*)(CS(=O)(=O)CCC)CS(=O)(=S)CCC,27,True,1,1,1,0,0,False,19,TARGET_DECREASE,-1.2916970252990723
random,50,14,210,105,0.5,14,1.0,105,0,0,6.232177257537842,4.383321285247803,1.848855972290039,0.13206114087785994,1,1,1.0,42,simple_substitution,TargetDecrease,*CC(C)(C)CS(*)(=O)=O,*CC(C)(C)CS(*)(=O)=S,15,True,1,1,1,0,0,False,20,TARGET_DECREASE,-1.848855972290039
random,50,19,380,190,0.5,19,1.0,190,0,0,7.237398147583008,6.811708450317383,0.425689697265625,0.022404720908717105,1,1,1.0,42,simple_substitution,TargetDecrease,*C(F)C(*)(F)OC(F)(F)F,*C(F)C(*)(F)OC(F)(F)S,20,True,1,1,1,0,0,False,21,TARGET_DECREASE,-0.425689697265625
random,50,28,812,406,0.5,28,1.0,406,0,0,6.301794528961182,4.676426410675049,1.6253681182861328,0.058048861367361884,1,1,1.0,42,simple_substitution,TargetDecrease,*CC(*)C(=O)OCCCCC,*CC(*)C(=S)OCCCCC,29,True,1,1,1,0,0,False,22,TARGET_DECREASE,-1.6253681182861328
random,50,31,992,496,0.5,31,1.0,496,0,0,6.122353553771973,4.604934215545654,1.5174193382263184,0.0489490109105264,1,1,1.0,42,simple_substitution,TargetDecrease,*CC(*)(C)C(=O)OCCCOC,*CC(*)(C)C(=S)OCCCOC,32,True,1,1,1,0,0,False,23,TARGET_DECREASE,-1.5174193382263184
random,50,34,1190,595,0.5,34,1.0,595,0,0,5.851002216339111,4.64919376373291,1.2018084526062012,0.03534730742959415,1,1,1.0,42,simple_substitution,TargetDecrease,*C=CCCCCCCCCCC*,*C=CCCCCCCCCCS*,35,True,1,1,1,0,0,False,24,TARGET_DECREASE,-1.2018084526062012
random,50,23,552,276,0.5,23,1.0,276,0,0,7.346739768981934,7.163695335388184,0.18304443359375,0.00795845363451087,1,1,1.0,42,simple_substitution,TargetDecrease,*C(F)(F)C(*)(F)OC(F)(F)C(F)(F)F,*C(F)(S)C(*)(F)OC(F)(F)C(F)(F)F,24,True,1,1,1,0,0,False,25,TARGET_DECREASE,-0.18304443359375
random,50,28,812,406,0.5,28,1.0,406,0,0,6.814662933349609,5.118136405944824,1.6965265274047852,0.06059023312159947,1,1,1.0,42,simple_substitution,TargetDecrease,*CC(*)(F)C(=O)OCC(F)(F)C(F)(F)F,*CC(*)(F)C(=S)OCC(F)(F)C(F)(F)F,29,True,1,1,1,0,0,False,26,TARGET_DECREASE,-1.6965265274047852
random,50,43,1892,946,0.5,43,1.0,946,0,0,6.311307907104492,4.983216762542725,1.3280911445617676,0.030885840571203898,1,1,1.0,42,simple_substitution,TargetDecrease,*CCCCCCCCCCCCC(=O)N*,*NC(=O)CCCCCCCCCCCS*,44,True,1,1,1,0,0,False,27,TARGET_DECREASE,-1.3280911445617676
random,50,30,930,465,0.5,30,1.0,465,0,0,6.676274299621582,5.27660608291626,1.3996682167053223,0.04665560722351074,1,1,1.0,42,simple_substitution,TargetDecrease,*CC(*)C(=O)OCC(F)(F)C(F)(F)C(F)(F)F,*SC(*)C(=O)OCC(F)(F)C(F)(F)C(F)(F)F,31,True,1,1,1,0,0,False,28,TARGET_DECREASE,-1.3996682167053223
random,50,47,2256,1128,0.5,47,1.0,1128,0,0,5.6309332847595215,4.67515230178833,0.9557809829711914,0.02033576559513173,1,1,1.0,42,simple_substitution,TargetDecrease,*CCCCCNC(=O)C(OC)C(OC)C(=O)N*,*CCCCCNC(=O)C(OC)C(OC)C(=S)N*,48,True,1,1,1,0,0,False,29,TARGET_DECREASE,-0.9557809829711914
greedy,50,50,68,68,1.0,50,1.0,0,0,0,4.482829570770264,3.7934136390686035,0.6894159317016602,0.013788318634033203,1,1,1.0,42,simple_substitution,TargetDecrease,*C#CC(CCCCOC(=O)NCCC)=C(*)CCCCOC(=O)NCCC,*C#SC(CCCCOC(=O)NCCC)=C(*)CCCCOC(=O)NCCC,51,True,1,1,1,0,0,False,0,TARGET_DECREASE,-0.6894159317016602
greedy,50,24,40,24,0.6,24,1.0,6,0,10,5.693188190460205,3.574618339538574,2.118569850921631,0.08827374378840129,3,3,1.8333333333333333,42,simple_substitution,TargetDecrease,*CC(*)C=C,*SN(*)C=S,25,True,3,3,3,0,0,False,1,TARGET_DECREASE,-2.118569850921631
greedy,50,35,52,35,0.6730769230769231,35,1.0,4,0,13,4.5167927742004395,2.9907734394073486,1.5260193347930908,0.043600552422659734,3,3,1.8857142857142857,42,simple_substitution,TargetDecrease,*CC(=S)NO*,*CS(=S)SS*,36,True,3,3,3,0,0,False,2,TARGET_DECREASE,-1.5260193347930908
greedy,50,38,56,38,0.6785714285714286,38,1.0,4,0,14,4.1277289390563965,2.487265110015869,1.6404638290405273,0.0431701007642244,3,3,1.894736842105263,42,simple_substitution,TargetDecrease,*CC(=O)CC(*)=S,*CS(=S)NC(*)=S,39,True,3,3,3,0,0,False,3,TARGET_DECREASE,-1.6404638290405273
greedy,50,39,60,39,0.65,39,1.0,6,0,15,3.604166030883789,1.676539421081543,1.927626609802246,0.049426323328262724,3,3,1.8974358974358974,42,simple_substitution,TargetDecrease,*CC(=O)C(=S)C(*)=O,*NC(=S)C(=S)C(*)=S,40,True,3,3,3,0,0,False,4,TARGET_DECREASE,-1.927626609802246
greedy,50,50,79,79,1.0,50,1.0,0,0,0,2.682847023010254,2.326362133026123,0.35648488998413086,0.007129697799682617,1,1,1.0,42,simple_substitution,TargetDecrease,*C#Cc1cc(C#Cc2cc(N)c(*)cc2[N+](=O)[O-])c(OCCOCCOC)cc1OCCOCCOC,*C#Cc1cc(C#CS2=CC(N)=C(*)C=C2[N+](=O)[O-])c(OCCOCCOC)cc1OCCOCCOC,51,True,1,1,1,0,0,False,5,TARGET_DECREASE,-0.35648488998413086
greedy,50,50,68,68,1.0,50,1.0,0,0,0,1.931450605392456,0.8665146827697754,1.0649359226226807,0.021298718452453614,2,2,1.38,42,simple_substitution,TargetDecrease,*C#Cc1ccc(C#Cc2sc(*)c([N+](=O)[O-])c2[N+](=O)[O-])cc1,*C#SS1=CC=C(C#Cc2sc(*)c([N+](=O)[O-])c2[N+](=O)[O-])C=C1,51,True,2,2,2,0,0,False,6,TARGET_DECREASE,-1.0649359226226807
greedy,50,50,68,68,1.0,50,1.0,0,0,0,2.3184561729431152,1.099001407623291,1.2194547653198242,0.024389095306396484,2,2,1.34,42,simple_substitution,TargetDecrease,*C#Cc1sc(C#Cc2ccc(*)nc2)c([N+](=O)[O-])c1[N+](=O)[O-],*C#CS1=C([N+](C)=O)C([N+](=O)[O-])=C(C#Cc2ccc(*)nc2)S1,51,True,1,1,1,0,0,False,7,TARGET_DECREASE,-1.2194547653198242
greedy,50,50,56,56,1.0,50,1.0,0,0,0,3.9084136486053467,3.32053279876709,0.5878808498382568,0.011757616996765136,1,1,1.0,42,simple_substitution,TargetDecrease,*CCCCCCCCCCOC(=O)c1ccc(C=Cc2ccc(C(=O)O*)cc2)cc1,*CCCCCCCCCCOC(=O)S1=CC=C(C=Cc2ccc(C(=O)O*)cc2)C=C1,51,True,1,1,1,0,0,False,8,TARGET_DECREASE,-0.5878808498382568
greedy,50,50,91,91,1.0,50,1.0,0,0,0,2.770007848739624,2.356985092163086,0.4130227565765381,0.008260455131530762,1,2,1.12,42,simple_substitution,TargetDecrease,*C=Cc1csc(C=Cc2cccc(*)n2)c1CCCCCCCC,*C=CC1=CSS(C=Cc2cccc(*)n2)=C1CCCCCCCC,51,True,1,1,1,0,0,False,9,TARGET_DECREASE,-0.4130227565765381
greedy,50,50,66,61,0.9242424242424242,50,1.0,5,0,0,5.766177177429199,3.6020727157592773,2.164104461669922,0.043282089233398435,3,3,1.72,42,simple_substitution,TargetDecrease,*CC(*)C(=O)NCCO,*SN(*)C(=S)NCCO,51,True,3,3,3,0,0,False,10,TARGET_DECREASE,-2.164104461669922
greedy,50,50,75,70,0.9333333333333333,50,1.0,5,0,0,5.358880043029785,4.044820308685303,1.3140597343444824,0.02628119468688965,2,3,1.54,42,simple_substitution,TargetDecrease,*CC(*)C(=O)SC(C)CC,*SN(*)C(=O)SC(C)CC,51,True,2,2,2,0,0,False,11,TARGET_DECREASE,-1.3140597343444824
greedy,50,50,52,50,0.9615384615384616,50,1.0,2,0,0,5.310904502868652,3.9987518787384033,1.312152624130249,0.02624305248260498,2,2,1.48,42,simple_substitution,TargetDecrease,*OC(=O)CCSCCC(*)=O,*OC(=O)CCSSCC(*)=S,51,True,2,2,2,0,0,False,12,TARGET_DECREASE,-1.312152624130249
greedy,50,50,62,60,0.967741935483871,50,1.0,2,0,0,5.054882526397705,3.9075801372528076,1.1473023891448975,0.02294604778289795,2,2,1.38,42,simple_substitution,TargetDecrease,*CC(*)C(=O)OCCCSCC,*CN(*)C(=S)OCCCSCC,51,True,2,2,2,0,0,False,13,TARGET_DECREASE,-1.1473023891448975
greedy,50,50,64,62,0.96875,50,1.0,2,0,0,5.500260353088379,3.3580322265625,2.142228126525879,0.04284456253051758,2,2,1.36,42,simple_substitution,TargetDecrease,*C=CC(C)C(*)C(=O)OCCCC,*C=CC(C)N(*)C(=S)OCCCC,51,True,2,2,2,0,0,False,14,TARGET_DECREASE,-2.142228126525879
greedy,50,50,70,68,0.9714285714285714,50,1.0,2,0,0,5.93048095703125,3.678664445877075,2.251816511154175,0.045036330223083496,2,2,1.3,42,simple_substitution,TargetDecrease,*NC(CCC(=O)OCCCC)C(*)=O,*NN(CCC(=O)OCCCC)C(*)=S,51,True,2,2,2,0,0,False,15,TARGET_DECREASE,-2.251816511154175
greedy,50,50,68,67,0.9852941176470589,50,1.0,1,0,0,6.093667507171631,3.888063430786133,2.205604076385498,0.04411208152770996,2,2,1.32,42,simple_substitution,TargetDecrease,*CC(*)(C#N)C(=O)OCC(C)OCC=C,*CC(*)(C#[SH])C(=S)OCC(C)OCC=C,51,True,2,2,2,0,0,False,16,TARGET_DECREASE,-2.205604076385498
greedy,50,50,86,84,0.9767441860465116,50,1.0,2,0,0,4.716371059417725,3.5879433155059814,1.1284277439117432,0.022568554878234864,2,2,1.14,42,simple_substitution,TargetDecrease,*C(=NCCCCCC)N(*)CCCCCC,*C(=CCCCCCC)N(*)CSCCCC,51,True,1,1,1,0,0,False,17,TARGET_DECREASE,-1.1284277439117432
greedy,50,50,72,72,1.0,50,1.0,0,0,0,5.228766918182373,3.703920364379883,1.5248465538024902,0.030496931076049803,2,2,1.28,42,simple_substitution,TargetDecrease,*CC#CC#CCOC(=O)CCCCC(=O)O*,*CS#SC#CCOC(=O)CCCCC(=O)O*,51,True,2,2,2,0,0,False,18,TARGET_DECREASE,-1.5248465538024902
greedy,50,50,71,69,0.971830985915493,50,1.0,2,0,0,6.2741827964782715,4.232213020324707,2.0419697761535645,0.04083939552307129,2,2,1.48,42,simple_substitution,TargetDecrease,*CC(CO*)(CS(=O)(=O)CCC)CS(=O)(=O)CCC,*CC(CO*)(CS(=O)(=S)CCC)CS(=O)(=S)CCC,51,True,2,2,2,0,0,False,19,TARGET_DECREASE,-2.0419697761535645
greedy,50,40,59,40,0.6779661016949152,40,1.0,5,0,14,6.232177257537842,3.531214952468872,2.7009623050689697,0.06752405762672424,3,3,1.925,42,simple_substitution,TargetDecrease,*CC(C)(C)CS(*)(=O)=O,*CC(C)(C)SS(*)(=S)=S,41,True,3,3,3,0,0,False,20,TARGET_DECREASE,-2.7009623050689697
greedy,50,50,65,58,0.8923076923076924,50,1.0,7,0,0,7.237398147583008,5.871254920959473,1.3661432266235352,0.027322864532470702,3,3,1.84,42,simple_substitution,TargetDecrease,*C(F)C(*)(F)OC(F)(F)F,*[SH](F)C(*)(F)SC(F)(F)S,51,True,3,3,3,0,0,False,21,TARGET_DECREASE,-1.3661432266235352
greedy,50,50,56,54,0.9642857142857143,50,1.0,2,0,0,6.301794528961182,3.961298942565918,2.3404955863952637,0.04680991172790527,2,2,1.44,42,simple_substitution,TargetDecrease,*CC(*)C(=O)OCCCCC,*CN(*)C(=S)OCCCCC,51,True,2,2,2,0,0,False,22,TARGET_DECREASE,-2.3404955863952637
greedy,50,50,62,60,0.967741935483871,50,1.0,2,0,0,6.122353553771973,4.11259126663208,2.0097622871398926,0.04019524574279785,2,2,1.38,42,simple_substitution,TargetDecrease,*CC(*)(C)C(=O)OCCCOC,*CC(*)(C)C(=S)OSCCOC,51,True,2,2,2,0,0,False,23,TARGET_DECREASE,-2.0097622871398926
greedy,50,50,68,66,0.9705882352941176,50,1.0,2,0,0,5.851002216339111,4.366411209106445,1.484591007232666,0.02969182014465332,2,2,1.32,42,simple_substitution,TargetDecrease,*C=CCCCCCCCCCC*,*C=CSCCCCCCCCS*,51,True,2,2,2,0,0,False,24,TARGET_DECREASE,-1.484591007232666
greedy,50,50,73,66,0.9041095890410958,50,1.0,7,0,0,7.346739768981934,6.78000545501709,0.5667343139648438,0.011334686279296876,3,3,1.6,42,simple_substitution,TargetDecrease,*C(F)(F)C(*)(F)OC(F)(F)C(F)(F)F,*C(S)(S)C(*)(C)OC(F)(F)C(F)(F)F,51,True,3,3,3,0,0,False,25,TARGET_DECREASE,-0.5667343139648438
greedy,50,50,56,54,0.9642857142857143,50,1.0,2,0,0,6.814662933349609,4.4642486572265625,2.350414276123047,0.04700828552246094,2,2,1.44,42,simple_substitution,TargetDecrease,*CC(*)(F)C(=O)OCC(F)(F)C(F)(F)F,*SC(*)(F)C(=S)OCC(F)(F)C(F)(F)F,51,True,2,2,2,0,0,False,26,TARGET_DECREASE,-2.350414276123047
greedy,50,50,86,84,0.9767441860465116,50,1.0,2,0,0,6.311307907104492,4.546933650970459,1.7643742561340332,0.035287485122680665,2,2,1.14,42,simple_substitution,TargetDecrease,*CCCCCCCCCCCCC(=O)N*,*NC(=S)CCCCCCCCCCCS*,51,True,2,2,2,0,0,False,27,TARGET_DECREASE,-1.7643742561340332
greedy,50,50,60,58,0.9666666666666667,50,1.0,2,0,0,6.676274299621582,4.25417947769165,2.4220948219299316,0.048441896438598635,2,2,1.4,42,simple_substitution,TargetDecrease,*CC(*)C(=O)OCC(F)(F)C(F)(F)C(F)(F)F,*SC(*)C(=S)OCC(F)(F)C(F)(F)C(F)(F)F,51,True,2,2,2,0,0,False,28,TARGET_DECREASE,-2.4220948219299316
greedy,50,50,94,92,0.9787234042553191,50,1.0,2,0,0,5.6309332847595215,4.268001556396484,1.362931728363037,0.027258634567260742,2,2,1.06,42,simple_substitution,TargetDecrease,*CCCCCNC(=O)C(OC)C(OC)C(=O)N*,*NC(=S)C(OC)C(OC)C(=O)NCCCCS*,51,True,2,2,2,0,0,False,29,TARGET_DECREASE,-1.362931728363037
metropolis,50,50,4284,3263,0.7616713352007469,50,1.0,137,0,884,4.482829570770264,3.742314100265503,0.7405154705047607,0.014810309410095215,3,3,2.04,42,simple_substitution,TargetDecrease,*C#CC(CCCCOC(=O)NCCC)=C(*)CCCCOC(=O)NCCC,*C#CC(CCCCOC(=O)NCCC)=C(*)CCCSSC(=O)NSCC,51,True,3,3,3,0,0,False,0,TARGET_DECREASE,-0.7405154705047607
metropolis,50,34,430,224,0.5209302325581395,34,1.0,126,0,80,5.693188190460205,3.574618339538574,2.118569850921631,0.06231087796828326,3,3,2.0,42,simple_substitution,TargetDecrease,*CC(*)C=C,*SN(*)C=S,35,True,3,3,3,0,0,False,1,TARGET_DECREASE,-2.118569850921631
metropolis,50,33,507,280,0.5522682445759369,33,1.0,162,0,65,4.5167927742004395,3.6437926292419434,0.8730001449584961,0.026454549847227154,3,3,2.212121212121212,42,simple_substitution,TargetDecrease,*CC(=S)NO*,*NC(=S)NS*,34,True,2,2,2,0,0,False,2,TARGET_DECREASE,-0.8730001449584961
metropolis,50,50,812,495,0.6096059113300493,50,1.0,205,0,112,4.1277289390563965,2.925246238708496,1.2024827003479004,0.024049654006958007,3,3,2.18,42,simple_substitution,TargetDecrease,*CC(=O)CC(*)=S,*CS(=S)CC(*)=S,51,True,2,2,2,0,0,False,3,TARGET_DECREASE,-1.2024827003479004
metropolis,50,38,660,401,0.6075757575757575,38,1.0,184,0,75,3.604166030883789,1.676539421081543,1.927626609802246,0.05072701604742753,3,3,2.0789473684210527,42,simple_substitution,TargetDecrease,*CC(=O)C(=S)C(*)=O,*NC(=S)C(=S)C(*)=S,39,True,3,3,3,0,0,False,4,TARGET_DECREASE,-1.927626609802246
metropolis,50,50,5003,3809,0.7613431940835499,50,1.0,157,0,1037,2.682847023010254,2.313687801361084,0.3691592216491699,0.007383184432983398,2,3,2.04,42,simple_substitution,TargetDecrease,*C#Cc1cc(C#Cc2cc(N)c(*)cc2[N+](=O)[O-])c(OCCOCCOC)cc1OCCOCCOC,*C#Cc1cc(C#CS2=CC(N)=C(*)C=C2[N+](=O)[O-])c(OCCOCCON)cc1OCCOCCOC,51,True,2,2,2,0,0,False,5,TARGET_DECREASE,-0.3691592216491699
metropolis,50,50,1907,1472,0.7718930256948086,50,1.0,133,0,302,1.931450605392456,0.9140479564666748,1.0174026489257812,0.020348052978515625,3,3,2.16,42,simple_substitution,TargetDecrease,*C#Cc1ccc(C#Cc2sc(*)c([N+](=O)[O-])c2[N+](=O)[O-])cc1,*C#CC1=CC=S(C#Cc2sc(*)c([N+](C)=O)c2[N+](=O)[O-])C=C1,51,True,1,1,1,0,0,False,6,TARGET_DECREASE,-1.0174026489257812
metropolis,50,50,2088,1449,0.6939655172413793,50,1.0,221,0,418,2.3184561729431152,0.6255955696105957,1.6928606033325195,0.03385721206665039,3,3,1.88,42,simple_substitution,TargetDecrease,*C#Cc1sc(C#Cc2ccc(*)nc2)c([N+](=O)[O-])c1[N+](=O)[O-],*C#SS1=C([N+](=O)[O-])C([N+](C)=O)=C(C#Cc2ccc(*)nc2)S1,51,True,2,2,2,0,0,False,7,TARGET_DECREASE,-1.6928606033325195
metropolis,50,50,3686,2722,0.7384698860553446,50,1.0,142,0,822,3.9084136486053467,3.2177772521972656,0.690636396408081,0.01381272792816162,3,3,2.06,42,simple_substitution,TargetDecrease,*CCCCCCCCCCOC(=O)c1ccc(C=Cc2ccc(C(=O)O*)cc2)cc1,*NCCCCCCCCCNC(=O)S1=CC=C(C=Cc2ccc(C(=O)O*)cc2)C=C1,51,True,3,3,3,0,0,False,8,TARGET_DECREASE,-0.690636396408081
metropolis,50,50,2712,2049,0.7555309734513275,50,1.0,205,0,458,2.770007848739624,2.3218934535980225,0.44811439514160156,0.00896228790283203,3,3,1.9,42,simple_substitution,TargetDecrease,*C=Cc1csc(C=Cc2cccc(*)n2)c1CCCCCCCC,*C=CC1=CSS(C=CC2=CC=CS(*)=N2)=C1NCCCCCCC,51,True,3,3,3,0,0,False,9,TARGET_DECREASE,-0.44811439514160156
metropolis,50,50,1342,889,0.6624441132637854,50,1.0,211,0,242,5.766177177429199,3.8693790435791016,1.8967981338500977,0.03793596267700195,2,3,2.06,42,simple_substitution,TargetDecrease,*CC(*)C(=O)NCCO,*CN(*)C(=S)NCCO,51,True,2,2,2,0,0,False,10,TARGET_DECREASE,-1.8967981338500977
metropolis,50,50,1500,977,0.6513333333333333,50,1.0,273,0,250,5.358880043029785,4.34459924697876,1.0142807960510254,0.020285615921020506,3,3,1.88,42,simple_substitution,TargetDecrease,*CC(*)C(=O)SC(C)CC,*CN(*)C(=S)S[SH](C)CC,51,True,3,3,3,0,0,False,11,TARGET_DECREASE,-1.0142807960510254
metropolis,50,50,1534,1113,0.7255541069100391,50,1.0,187,0,234,5.310904502868652,3.9775404930114746,1.3333640098571777,0.026667280197143553,3,3,2.06,42,simple_substitution,TargetDecrease,*OC(=O)CCSCCC(*)=O,*OC(=S)NCSCCC(*)=S,51,True,3,3,3,0,0,False,12,TARGET_DECREASE,-1.3333640098571777
metropolis,50,50,1829,1344,0.7348277747402953,50,1.0,206,0,279,5.054882526397705,3.885822296142578,1.169060230255127,0.02338120460510254,3,3,1.96,42,simple_substitution,TargetDecrease,*CC(*)C(=O)OCCCSCC,*CC(*)C(=O)OCNCSSS,51,True,3,3,3,0,0,False,13,TARGET_DECREASE,-1.169060230255127
metropolis,50,50,2016,1401,0.6949404761904762,50,1.0,199,0,416,5.500260353088379,3.938718795776367,1.5615415573120117,0.031230831146240236,3,3,2.04,42,simple_substitution,TargetDecrease,*C=CC(C)C(*)C(=O)OCCCC,*C=CN(S)C(*)C(=O)CCCCC,51,True,2,2,2,0,0,False,14,TARGET_DECREASE,-1.5615415573120117
metropolis,50,50,2205,1575,0.7142857142857143,50,1.0,175,0,455,5.93048095703125,3.8233094215393066,2.1071715354919434,0.042143430709838864,3,3,2.0,42,simple_substitution,TargetDecrease,*NC(CCC(=O)OCCCC)C(*)=O,*NC(SCC(=O)OCSCC)C(*)=S,51,True,3,3,3,0,0,False,15,TARGET_DECREASE,-2.1071715354919434
metropolis,50,50,2040,1522,0.746078431372549,50,1.0,178,0,340,6.093667507171631,4.284948825836182,1.8087186813354492,0.036174373626708986,3,3,2.02,42,simple_substitution,TargetDecrease,*CC(*)(C#N)C(=O)OCC(C)OCC=C,*CC(*)(C#[SH])S(=O)OCN(C)OCC=C,51,True,2,2,2,0,0,False,16,TARGET_DECREASE,-1.8087186813354492
metropolis,50,50,2709,1972,0.7279438907345884,50,1.0,178,0,559,4.716371059417725,3.610287666320801,1.1060833930969238,0.022121667861938477,2,3,1.98,42,simple_substitution,TargetDecrease,*C(=NCCCCCC)N(*)CCCCCC,*C(=CSCCCCC)N(*)CCCCCC,51,True,1,1,1,0,0,False,17,TARGET_DECREASE,-1.1060833930969238
metropolis,50,50,2340,1621,0.6927350427350427,50,1.0,179,0,540,5.228766918182373,3.4724416732788086,1.7563252449035645,0.03512650489807129,3,3,1.98,42,simple_substitution,TargetDecrease,*CC#CC#CCOC(=O)CCCCC(=O)O*,*CC#CC#SSOC(=O)CCCCC(=O)S*,51,True,3,3,3,0,0,False,18,TARGET_DECREASE,-1.7563252449035645
metropolis,50,50,2218,1377,0.6208295761947701,50,1.0,277,0,564,6.2741827964782715,4.792817115783691,1.48136568069458,0.029627313613891603,3,3,1.96,42,simple_substitution,TargetDecrease,*CC(CO*)(CS(=O)(=O)CCC)CS(=O)(=O)CCC,*CS(CO*)(CS(=O)(=O)CCO)CS(=O)(=S)CCC,51,True,2,2,2,0,0,False,19,TARGET_DECREASE,-1.48136568069458
metropolis,50,41,799,479,0.5994993742177722,41,1.0,178,0,142,6.232177257537842,4.004656791687012,2.22752046585083,0.05432976745977634,3,3,2.024390243902439,42,simple_substitution,TargetDecrease,*CC(C)(C)CS(*)(=O)=O,*CC(C)(O)SS(*)(=O)=S,42,True,2,2,2,0,0,False,20,TARGET_DECREASE,-2.22752046585083
metropolis,50,50,1317,795,0.6036446469248291,50,1.0,223,0,299,7.237398147583008,5.856072425842285,1.3813257217407227,0.027626514434814453,3,3,2.0,42,simple_substitution,TargetDecrease,*C(F)C(*)(F)OC(F)(F)F,*[SH](C)C(*)(F)OC(F)(F)F,51,True,1,1,1,0,0,False,21,TARGET_DECREASE,-1.3813257217407227
metropolis,50,50,1792,1220,0.6808035714285714,50,1.0,180,0,392,6.301794528961182,4.189629554748535,2.1121649742126465,0.04224329948425293,3,3,2.02,42,simple_substitution,TargetDecrease,*CC(*)C(=O)OCCCCC,*SN(*)C(=O)OCCCSC,51,True,3,3,3,0,0,False,22,TARGET_DECREASE,-2.1121649742126465
metropolis,50,50,1829,1387,0.758337889557135,50,1.0,163,0,279,6.122353553771973,4.46388053894043,1.658473014831543,0.03316946029663086,3,3,2.26,42,simple_substitution,TargetDecrease,*CC(*)(C)C(=O)OCCCOC,*CC(*)(N)C(=S)ONCCOC,51,True,3,3,3,0,0,False,23,TARGET_DECREASE,-1.658473014831543
metropolis,50,50,2176,1526,0.7012867647058824,50,1.0,174,0,476,5.851002216339111,4.094447612762451,1.7565546035766602,0.035131092071533206,3,3,2.0,42,simple_substitution,TargetDecrease,*C=CCCCCCCCCCC*,*C=CSSCCCCNCCC*,51,True,3,3,3,0,0,False,24,TARGET_DECREASE,-1.7565546035766602
metropolis,50,50,1665,1061,0.6372372372372372,50,1.0,221,0,383,7.346739768981934,6.903320789337158,0.4434189796447754,0.008868379592895508,3,3,2.02,42,simple_substitution,TargetDecrease,*C(F)(F)C(*)(F)OC(F)(F)C(F)(F)F,*C(F)(F)C(*)(S)OC(N)(F)C(F)(F)S,51,True,3,3,3,0,0,False,25,TARGET_DECREASE,-0.4434189796447754
metropolis,50,50,1916,1263,0.6591858037578288,50,1.0,209,0,444,6.814662933349609,4.682218074798584,2.1324448585510254,0.04264889717102051,3,3,1.98,42,simple_substitution,TargetDecrease,*CC(*)(F)C(=O)OCC(F)(F)C(F)(F)F,*CC(*)(F)C(=S)OSC(N)(F)C(F)(F)F,51,True,3,3,3,0,0,False,26,TARGET_DECREASE,-2.1324448585510254
metropolis,50,50,2752,2008,0.7296511627906976,50,1.0,142,0,602,6.311307907104492,4.320679664611816,1.9906282424926758,0.039812564849853516,3,3,2.08,42,simple_substitution,TargetDecrease,*CCCCCCCCCCCCC(=O)N*,*CCCCCNCCCCSCC(=S)N*,51,True,3,3,3,0,0,False,27,TARGET_DECREASE,-1.9906282424926758
metropolis,50,50,2102,1370,0.6517602283539486,50,1.0,214,0,518,6.676274299621582,3.903122901916504,2.773151397705078,0.05546302795410156,3,3,2.02,42,simple_substitution,TargetDecrease,*CC(*)C(=O)OCC(F)(F)C(F)(F)C(F)(F)F,*SC(*)C(=S)OSC(F)(F)C(F)(F)C(F)(F)F,51,True,3,3,3,0,0,False,28,TARGET_DECREASE,-2.773151397705078
metropolis,50,50,2820,2086,0.7397163120567376,50,1.0,264,0,470,5.6309332847595215,4.5001044273376465,1.130828857421875,0.0226165771484375,3,3,1.9,42,simple_substitution,TargetDecrease,*CCCCCNC(=O)C(OC)C(OC)C(=O)N*,*NC(=O)N(OC)C(OC)S(=O)NCCCCS*,51,True,3,3,3,0,0,False,29,TARGET_DECREASE,-1.130828857421875
evolutionary,50,15,1156,990,0.856401384083045,15,1.0,30,0,136,4.482829570770264,3.584826946258545,0.8980026245117188,0.059866841634114584,3,3,2.0,42,simple_substitution,TargetDecrease,*C#CC(CCCCOC(=O)NCCC)=C(*)CCCCOC(=O)NCCC,*C#CC(SCCNOC(=S)NCCC)=C(*)CCCCOC(=O)NCCC,16,True,3,3,3,0,0,False,0,TARGET_DECREASE,-0.8980026245117188
evolutionary,50,22,260,127,0.48846153846153845,22,1.0,113,0,20,5.693188190460205,3.7816970348358154,1.9114911556243896,0.08688596161929044,3,3,2.1363636363636362,42,simple_substitution,TargetDecrease,*CC(*)C=C,*NN(*)C=S,23,True,3,3,3,0,0,False,1,TARGET_DECREASE,-1.9114911556243896
evolutionary,50,23,338,189,0.5591715976331361,23,1.0,123,0,26,4.5167927742004395,3.3404581546783447,1.1763346195220947,0.051144983457482376,3,3,2.347826086956522,42,simple_substitution,TargetDecrease,*CC(=S)NO*,*CS(=S)SN*,24,True,2,2,2,0,0,False,2,TARGET_DECREASE,-1.1763346195220947
evolutionary,50,25,378,256,0.6772486772486772,25,1.0,94,0,28,4.1277289390563965,2.683150053024292,1.4445788860321045,0.05778315544128418,3,3,2.16,42,simple_substitution,TargetDecrease,*CC(=O)CC(*)=S,*CS(=S)OC(*)=S,26,True,2,2,2,0,0,False,3,TARGET_DECREASE,-1.4445788860321045
evolutionary,50,27,480,262,0.5458333333333333,27,1.0,158,0,60,3.604166030883789,1.676539421081543,1.927626609802246,0.07139357814082394,3,3,2.4444444444444446,42,simple_substitution,TargetDecrease,*CC(=O)C(=S)C(*)=O,*NC(=S)C(=S)C(*)=S,28,True,3,3,3,0,0,False,4,TARGET_DECREASE,-1.927626609802246
evolutionary,50,29,2550,2195,0.8607843137254902,29,1.0,110,0,245,2.682847023010254,2.039231300354004,0.64361572265625,0.02219364560883621,3,3,2.2758620689655173,42,simple_substitution,TargetDecrease,*C#Cc1cc(C#Cc2cc(N)c(*)cc2[N+](=O)[O-])c(OCCOCCOC)cc1OCCOCCOC,*C#CC1=CC(C#CS2=CC(N)=C(*)C=C2[N+](=O)[O-])=C(OCCOCCOC)C=S1OCCOCCCC,30,True,2,2,2,0,0,False,5,TARGET_DECREASE,-0.64361572265625
evolutionary,50,15,575,489,0.8504347826086956,15,1.0,20,0,66,1.931450605392456,0.8675813674926758,1.0638692378997803,0.07092461585998536,3,3,2.0,42,simple_substitution,TargetDecrease,*C#Cc1ccc(C#Cc2sc(*)c([N+](=O)[O-])c2[N+](=O)[O-])cc1,*C#Cc1ccc(C#CS2=C([N+](C)=O)C([N+](=C)[O-])=C(*)S2)cc1,16,True,2,2,2,0,0,False,6,TARGET_DECREASE,-1.0638692378997803
evolutionary,50,20,742,625,0.8423180592991913,20,1.0,47,0,70,2.3184561729431152,0.937995433807373,1.3804607391357422,0.0690230369567871,3,3,2.25,42,simple_substitution,TargetDecrease,*C#Cc1sc(C#Cc2ccc(*)nc2)c([N+](=O)[O-])c1[N+](=O)[O-],*C#CS1=C([N+](N)=O)C([N+](=C)[O-])=C(C#Cc2ccc(*)nc2)S1,21,True,2,2,2,0,0,False,7,TARGET_DECREASE,-1.3804607391357422
evolutionary,50,25,1646,1440,0.8748481166464156,25,1.0,74,0,132,3.9084136486053467,2.8417258262634277,1.066687822341919,0.042667512893676755,3,3,2.28,42,simple_substitution,TargetDecrease,*CCCCCCCCCCOC(=O)c1ccc(C=Cc2ccc(C(=O)O*)cc2)cc1,*CCCCCCCCCCOC(=O)C1=C[SH]=S(C=CC2=CC=S(C(=O)O*)C=C2)C=C1,26,True,3,3,3,0,0,False,8,TARGET_DECREASE,-1.066687822341919
evolutionary,50,29,1563,1205,0.7709532949456174,29,1.0,163,0,195,2.770007848739624,2.427117347717285,0.34289050102233887,0.01182381038008065,3,3,2.310344827586207,42,simple_substitution,TargetDecrease,*C=Cc1csc(C=Cc2cccc(*)n2)c1CCCCCCCC,*C=CC1=NSS(C=CC2=CC=CS(*)=N2)=C1CCCCCCCC,30,True,3,3,3,0,0,False,9,TARGET_DECREASE,-0.34289050102233887
evolutionary,50,23,550,431,0.7836363636363637,23,1.0,75,0,44,5.766177177429199,3.6020727157592773,2.164104461669922,0.09409149833347487,3,3,2.1739130434782608,42,simple_substitution,TargetDecrease,*CC(*)C(=O)NCCO,*SN(*)C(=S)NCCO,24,True,3,3,3,0,0,False,10,TARGET_DECREASE,-2.164104461669922
evolutionary,50,25,725,510,0.7034482758620689,25,1.0,115,0,100,5.358880043029785,3.6632742881774902,1.695605754852295,0.0678242301940918,3,3,2.24,42,simple_substitution,TargetDecrease,*CC(*)C(=O)SC(C)CC,*SC(*)S(=S)SC(C)CC,26,True,3,3,3,0,0,False,11,TARGET_DECREASE,-1.695605754852295
evolutionary,50,20,572,473,0.8269230769230769,20,1.0,47,0,52,5.310904502868652,4.190295696258545,1.1206088066101074,0.056030440330505374,3,3,2.25,42,simple_substitution,TargetDecrease,*OC(=O)CCSCCC(*)=O,*CC(=O)CCSCCS(*)=S,21,True,2,2,2,0,0,False,12,TARGET_DECREASE,-1.1206088066101074
evolutionary,50,20,713,555,0.7784011220196353,20,1.0,65,0,93,5.054882526397705,3.6241931915283203,1.4306893348693848,0.07153446674346924,3,3,2.05,42,simple_substitution,TargetDecrease,*CC(*)C(=O)OCCCSCC,*SN(*)C(=S)OCCCSCC,21,True,3,3,3,0,0,False,13,TARGET_DECREASE,-1.4306893348693848
evolutionary,50,20,704,586,0.8323863636363636,20,1.0,54,0,64,5.500260353088379,4.156014442443848,1.3442459106445312,0.06721229553222656,3,3,2.1,42,simple_substitution,TargetDecrease,*C=CC(C)C(*)C(=O)OCCCC,*C=CN(F)C(*)C(=O)OCSCC,21,True,3,3,3,0,0,False,14,TARGET_DECREASE,-1.3442459106445312
evolutionary,50,15,595,495,0.8319327731092437,15,1.0,30,0,70,5.93048095703125,4.380464553833008,1.5500164031982422,0.10333442687988281,3,3,2.0,42,simple_substitution,TargetDecrease,*NC(CCC(=O)OCCCC)C(*)=O,*SC(CCC(=S)OCSCC)C(*)=O,16,True,3,3,3,0,0,False,15,TARGET_DECREASE,-1.5500164031982422
evolutionary,50,15,578,487,0.842560553633218,15,1.0,23,0,68,6.093667507171631,4.559063911437988,1.5346035957336426,0.10230690638224284,3,3,2.0,42,simple_substitution,TargetDecrease,*CC(*)(C#N)C(=O)OCC(C)OCC=C,*CC(*)(S#N)C(=O)SSC(C)OCC=C,16,True,3,3,3,0,0,False,16,TARGET_DECREASE,-1.5346035957336426
evolutionary,50,20,946,805,0.8509513742071881,20,1.0,55,0,86,4.716371059417725,3.139078140258789,1.5772929191589355,0.07886464595794677,3,3,2.25,42,simple_substitution,TargetDecrease,*C(=NCCCCCC)N(*)CCCCCC,*C(=CSSCCCC)N(*)CCCCCC,21,True,2,2,2,0,0,False,17,TARGET_DECREASE,-1.5772929191589355
evolutionary,50,15,612,517,0.8447712418300654,15,1.0,23,0,72,5.228766918182373,4.0277323722839355,1.2010345458984375,0.0800689697265625,3,3,2.0,42,simple_substitution,TargetDecrease,*CC#CC#CCOC(=O)CCCCC(=O)O*,*CS#CC#CSOS(=O)CCCCC(=O)O*,16,True,3,3,3,0,0,False,18,TARGET_DECREASE,-1.2010345458984375
evolutionary,50,20,913,731,0.80065717415115,20,1.0,47,0,135,6.2741827964782715,4.24448823928833,2.0296945571899414,0.10148472785949707,3,3,2.25,42,simple_substitution,TargetDecrease,*CC(CO*)(CS(=O)(=O)CCC)CS(=O)(=O)CCC,*CC(CO*)(CS(=O)(=O)CSC)SS(=O)(=S)CCC,21,True,3,3,3,0,0,False,19,TARGET_DECREASE,-2.0296945571899414
evolutionary,50,20,377,271,0.7188328912466844,20,1.0,51,0,55,6.232177257537842,3.8881030082702637,2.344074249267578,0.1172037124633789,3,3,2.25,42,simple_substitution,TargetDecrease,*CC(C)(C)CS(*)(=O)=O,*CS(C)(C)SS(*)(=O)=S,21,True,3,3,3,0,0,False,20,TARGET_DECREASE,-2.344074249267578
evolutionary,50,15,323,248,0.7678018575851393,15,1.0,37,0,38,7.237398147583008,5.589594841003418,1.6478033065795898,0.10985355377197266,3,3,2.0,42,simple_substitution,TargetDecrease,*C(F)C(*)(F)OC(F)(F)F,*[SH](C)C(*)(N)OC(F)(F)F,16,True,2,2,2,0,0,False,21,TARGET_DECREASE,-1.6478033065795898
evolutionary,50,20,616,513,0.8327922077922078,20,1.0,47,0,56,6.301794528961182,4.009286880493164,2.2925076484680176,0.11462538242340088,3,3,2.25,42,simple_substitution,TargetDecrease,*CC(*)C(=O)OCCCCC,*SC(*)S(=S)OCCCCC,21,True,3,3,3,0,0,False,22,TARGET_DECREASE,-2.2925076484680176
evolutionary,50,15,496,440,0.8870967741935484,15,1.0,25,0,31,6.122353553771973,4.983006477355957,1.1393470764160156,0.0759564717610677,3,3,2.0,42,simple_substitution,TargetDecrease,*CC(*)(C)C(=O)OCCCOC,*SC(*)(C)C(=O)OCCNNC,16,True,3,3,3,0,0,False,23,TARGET_DECREASE,-1.1393470764160156
evolutionary,50,15,578,487,0.842560553633218,15,1.0,23,0,68,5.851002216339111,4.428125381469727,1.4228768348693848,0.09485845565795899,3,3,2.0,42,simple_substitution,TargetDecrease,*C=CCCCCCCCCCC*,*C=CNCCSCCSCCC*,16,True,3,3,3,0,0,False,24,TARGET_DECREASE,-1.4228768348693848
evolutionary,50,15,451,353,0.7827050997782705,15,1.0,36,0,62,7.346739768981934,7.035696029663086,0.31104373931884766,0.020736249287923177,3,3,2.0,42,simple_substitution,TargetDecrease,*C(F)(F)C(*)(F)OC(F)(F)C(F)(F)F,*C(N)(F)C(*)(F)OC(F)(F)C(C)(F)S,16,True,3,3,3,0,0,False,25,TARGET_DECREASE,-0.31104373931884766
evolutionary,50,20,660,522,0.7909090909090909,20,1.0,50,0,88,6.814662933349609,4.4642486572265625,2.350414276123047,0.11752071380615234,3,3,2.25,42,simple_substitution,TargetDecrease,*CC(*)(F)C(=O)OCC(F)(F)C(F)(F)F,*SC(*)(F)C(=S)OCC(F)(F)C(F)(F)F,21,True,2,2,2,0,0,False,26,TARGET_DECREASE,-2.350414276123047
evolutionary,50,15,731,618,0.8454172366621067,15,1.0,27,0,86,6.311307907104492,4.661859035491943,1.6494488716125488,0.10996325810750325,3,3,2.0,42,simple_substitution,TargetDecrease,*CCCCCCCCCCCCC(=O)N*,*CSCCCCSCCCCCC(=C)N*,16,True,2,2,2,0,0,False,27,TARGET_DECREASE,-1.6494488716125488
evolutionary,50,20,702,562,0.8005698005698005,20,1.0,50,0,90,6.676274299621582,4.069796085357666,2.606478214263916,0.1303239107131958,3,3,2.25,42,simple_substitution,TargetDecrease,*CC(*)C(=O)OCC(F)(F)C(F)(F)C(F)(F)F,*SC(*)S(=S)OCC(F)(F)C(F)(F)C(F)(F)F,21,True,3,3,3,0,0,False,28,TARGET_DECREASE,-2.606478214263916
evolutionary,50,25,1269,1095,0.8628841607565012,25,1.0,80,0,94,5.6309332847595215,4.472390651702881,1.1585426330566406,0.04634170532226563,3,3,2.4,42,simple_substitution,TargetDecrease,*CCCCCNC(=O)C(OC)C(OC)C(=O)N*,*NC(=O)N(OC)C(OC)C(=O)NCNCCS*,26,True,3,3,3,0,0,False,29,TARGET_DECREASE,-1.1585426330566406
