row_index,model,n_representations,prediction_mean,prediction_std,prediction_range,max_pairwise_prediction_drift,length_prediction_correlation,embedding_mean_feature_variance,embedding_mean_pairwise_distance,embedding_max_pairwise_distance,representation_invariance_score
3446,clean_transformer,9,4.631066772672865,0.4717454399777198,1.4506008625030518,1.4506008625030518,0.3013026445645008,0.049463415944035305,2.5906815134929118,3.688358288559398,0.5075481276638313
3446,defended_transformer,9,4.8185995949639215,0.31162481900763006,1.0277462005615234,1.0277462005615234,0.5109354076592397,0.008503700191036445,1.0456022043802689,1.859013782550012,0.6094103575237205
3465,clean_transformer,11,4.187463370236483,0.4919313971737371,1.8124995231628418,1.8124995231628418,-0.4302992780886074,0.03315509915757138,2.051013288905771,3.337146794756459,0.497073796521092
3465,defended_transformer,11,3.6539365378293125,0.5449785782448605,1.7350115776062012,1.7350115776062012,-0.3527736130049578,0.017136599031647853,1.425403259174202,2.689790670543426,0.4715028751040866
3301,clean_transformer,11,2.1528718905015425,0.5321001055737019,1.7335796356201172,1.7335796356201172,0.831919375200578,0.06881818641682966,2.7281645424796634,6.20611894287731,0.4774659458261764
3301,defended_transformer,11,2.8363223292610864,0.3988967179960076,1.5933477878570557,1.5933477878570557,0.03897386603080693,0.013149703959486888,1.2187208408395258,2.9139859010288944,0.549322028808412
3501,clean_transformer,11,4.833380070599643,0.5502812151229577,2.2109110355377197,2.2109110355377197,0.3291315497121387,0.02928374091228675,1.7946663329917938,4.5590894358191205,0.4690906829948629
3501,defended_transformer,11,4.6126298687674785,0.4438879373416736,1.4477176666259766,1.4477176666259766,0.3605830037316742,0.010776143841357798,1.1016209024908754,2.5435199246556177,0.5227498277764071
3331,clean_transformer,11,3.758144183592363,0.5606806382007903,1.9585239887237549,1.9585239887237549,0.6338072682045166,0.03491822296408918,2.029239340026783,4.762415334065498,0.4644308965901614
3331,defended_transformer,11,3.298770947889848,0.4047654590248157,1.1998534202575684,1.1998534202575684,0.469982859017342,0.009470759867295815,1.0803945407261304,1.9311857798388536,0.5457037026344719
3021,clean_transformer,11,3.4489888928153296,0.28720300484693495,1.0616116523742676,1.0616116523742676,0.23174423565218497,0.02049148790044893,1.5745742602960822,3.313692000064303,0.6286535890354771
3021,defended_transformer,11,3.3184667500582608,0.31169978367951573,1.095383882522583,1.095383882522583,0.41479595163735344,0.008826296471293585,1.0357572269303723,2.07148599351993,0.6093531024004007
3081,clean_transformer,11,5.85216743295843,0.5878271480230524,1.8373169898986816,1.8373169898986816,0.14778593429725367,0.03152761133422427,2.01672624870567,3.5775034950721833,0.4526922766415443
3081,defended_transformer,11,5.808330882679332,0.40433534077160754,1.4935274124145508,1.4935274124145508,0.30892545887659384,0.009071625455282766,1.0370971372032982,2.342649095542809,0.5459672691490562
3434,clean_transformer,11,5.751471129330722,0.2760134264865321,1.0399999618530273,1.0399999618530273,-0.3625181702179704,0.008415113493608265,1.0381584395862296,1.8706587955477463,0.6378823750459335
3434,defended_transformer,11,5.885651501742276,0.15827155736634127,0.6089282035827637,0.6089282035827637,-0.6943675123924022,0.0026299602818633003,0.5798071060241403,1.0402153010779316,0.7544191783207851
3110,clean_transformer,11,1.8701527118682861,0.5554775690107582,1.7377519607543945,1.7377519607543945,0.2760692348858087,0.047176914861552066,2.385793972154705,5.531200347830068,0.466750664315311
3110,defended_transformer,11,3.2617250139063056,0.48894359548509325,1.5176582336425781,1.5176582336425781,0.08557849150747426,0.01737304327197208,1.4379785078697807,2.8381226316848758,0.4985968002875138
3010,clean_transformer,11,5.18302618373524,0.4006377216958758,1.1227993965148926,1.1227993965148926,-0.12635387754844704,0.013322460942742897,1.2970113495478583,2.220493969078331,0.5482436306031994
3010,defended_transformer,11,5.279348936947909,0.2852223556619646,1.0955100059509277,1.0955100059509277,-0.5914152795813485,0.0055663898391913515,0.8216413366699663,1.7839806449875493,0.6302676607800713
2952,clean_transformer,11,4.324268622831865,0.41056166978245195,1.3503613471984863,1.3503613471984863,0.3942446234669591,0.017909549595870766,1.5093119217992708,2.888265545870737,0.5421765790713163
2952,defended_transformer,11,4.5716939839449795,0.3274558035118692,1.1779437065124512,1.1779437065124512,0.07544769030376128,0.006277841488437829,0.8482612326665449,2.0181368628941923,0.5975533982620571
3044,clean_transformer,11,2.991674553264271,0.4356301699171341,1.7190773487091064,1.7190773487091064,0.2959290868069703,0.030726198271491097,1.8757926742894677,4.710105939517703,0.5274325927492217
3044,defended_transformer,11,2.5736857544292104,0.28061828354284113,1.0503263473510742,1.0503263473510742,0.1417677360238109,0.006122966788701886,0.836175432888261,1.970495656179595,0.6340518318006734
3051,clean_transformer,11,4.397263613614169,0.4866075674594302,1.8939990997314453,1.8939990997314453,-0.35188248557859625,0.025317785821681642,1.7397627067943255,3.545113577255007,0.49979408517348944
3051,defended_transformer,11,4.3182055299932305,0.4009528094997019,1.2543730735778809,1.2543730735778809,0.04921923941888706,0.011290642185571964,1.1872390895862923,2.3008342520598837,0.5480489138310827
3311,clean_transformer,11,4.64990910616788,0.25020162331790186,0.8795080184936523,0.8795080184936523,-0.03917066508211275,0.018027185323370897,1.5390688449687588,2.63132122580541,0.6602407441261521
3311,defended_transformer,11,4.179917422207919,0.3063070222308844,1.0000967979431152,1.0000967979431152,-0.6763308405784612,0.009195563262362445,1.0660294076417907,2.0687320197039716,0.6134995226559021
3262,clean_transformer,11,2.762293728915128,0.3643385182610676,1.2969565391540527,1.2969565391540527,-0.5799442508734313,0.019964604546461893,1.5842690571848523,3.1646318345701707,0.57164133032111
3262,defended_transformer,11,2.445958289233121,0.3822343103349369,1.3360400199890137,1.3360400199890137,-0.23855797934271378,0.008264887765013336,0.9516507114769245,2.509438494457581,0.5598616336983513
3397,clean_transformer,11,3.9274932471188633,0.31537925883673157,1.2576990127563477,1.2576990127563477,0.16504852682730328,0.012647808877323238,1.29280675976968,2.1700311242001242,0.6065560237787792
3397,defended_transformer,11,3.369825233112682,0.3208562006072858,1.1946678161621094,1.1946678161621094,0.4337072444921335,0.007176381390286779,0.9439323265210448,1.8955266400172786,0.602439775765451
2984,clean_transformer,11,4.090366645292803,0.2508873821617059,0.9918735027313232,0.9918735027313232,-0.18080314962228883,0.017649225708719598,1.4994097535418751,3.069610611652049,0.6596264863308579
2984,defended_transformer,11,3.5432065183466133,0.42158316363867615,1.2521181106567383,1.2521181106567383,-0.0413496394718204,0.011389779491174994,1.1416487634150334,2.5517020422414647,0.5355940046927313
3530,clean_transformer,11,3.9375350692055444,0.6973238194700561,2.4964685440063477,2.4964685440063477,-0.1971047033134785,0.037929442574184714,2.1375370947375423,4.42697084627921,0.4108105618205361
3530,defended_transformer,11,4.168341246518222,0.5550419603446862,1.9922771453857422,1.9922771453857422,0.02266152645701797,0.018327820471095883,1.444294507378469,3.487765083012643,0.4669459304379957
3246,clean_transformer,11,5.943820129741322,0.6104662367548425,2.3753013610839844,2.3753013610839844,0.38941614554774434,0.03646236285278531,2.058546332251899,4.3247084199133665,0.44334715824518695
3246,defended_transformer,11,5.952420971610329,0.39333241400624774,1.3565282821655273,1.3565282821655273,0.08298954814942375,0.007384913754147513,0.9487680620458843,2.0167758751753855,0.5527972511107193
2979,clean_transformer,11,2.890632824464278,0.5873264258921893,2.095932722091675,2.095932722091675,0.3413000882758334,0.0477507918526977,2.4397466952456357,5.323954920599639,0.45290342335569217
2979,defended_transformer,11,3.6170806884765625,0.7773388519223625,2.595540761947632,2.595540761947632,-0.17193819581524294,0.0340883795507442,1.9410554914027036,4.898361946765296,0.3847956593038021
3123,clean_transformer,11,6.111579851670698,0.41373075341789656,1.33335542678833,1.33335542678833,0.518257490633858,0.04637011408729838,2.3901778868460064,4.251779566305906,0.5402673325212048
3123,defended_transformer,11,6.151269349184903,0.5105450001908511,1.6261820793151855,1.6261820793151855,-0.08306694824885048,0.015077229860966719,1.3733371723691497,2.7894204168519834,0.4877913120783927
3381,clean_transformer,11,3.682854348962957,0.8168209649139353,2.8104991912841797,2.8104991912841797,-0.11320171994137171,0.06164931799667144,2.773107522205755,5.100852928370496,0.373136242251708
3381,defended_transformer,11,4.357325640591708,0.5654396226561751,1.9804868698120117,1.9804868698120117,-0.49551304035491955,0.021842231553598532,1.656961212819116,3.0144157903372224,0.4623292214557519
3030,clean_transformer,11,5.2175563682209365,0.5761641901005726,1.793245553970337,1.793245553970337,0.6985827329723412,0.019339581241493625,1.477213917388432,3.3701467333922333,0.45766203801448707
3030,defended_transformer,11,5.426908016204834,0.23219104548509462,0.8055596351623535,0.8055596351623535,0.5335899669267402,0.0038561263782147057,0.6972430478680605,1.2419575290294298,0.6767932925138883
3145,clean_transformer,11,7.193354043093595,0.5050664073482588,1.6418037414550781,1.6418037414550781,0.4185264269527922,0.023254802383418816,1.7046474408135874,3.3872476769230175,0.4904872485881674
3145,defended_transformer,11,6.787068713795055,0.3449035582077023,1.2344660758972168,1.2344660758972168,0.44449316735826333,0.006955362096417802,0.8935786425911096,2.164262904615911,0.5850087784873166
3574,clean_transformer,11,4.1346025250174785,0.2839851205263041,1.0744032859802246,1.0744032859802246,0.06398215503302147,0.026887120909444246,1.8031734771296624,3.9907132301773247,0.6312801216209861
3574,defended_transformer,11,3.804001894864169,0.32315361720962393,1.2033920288085938,1.2033920288085938,-0.40032221120140604,0.008218063550822802,1.0042155966353916,2.251989508502609,0.6007297157169766
3078,clean_transformer,11,4.862590963190252,0.25825062852066116,0.7540702819824219,0.7540702819824219,-0.2518861177043773,0.014671660851087672,1.4007990269025374,2.2121109829594747,0.6531022832454544
3078,defended_transformer,11,4.629959583282471,0.3339850774967209,0.9206647872924805,0.9206647872924805,0.09831520667739056,0.008090133880751853,1.005160326102858,1.8383484129407504,0.5927964757304534
2989,clean_transformer,11,4.235228126699274,0.38337538344486394,1.2256803512573242,1.2256803512573242,-0.7459176961956249,0.022047440203135774,1.6917057230726116,2.677207919059874,0.5591269786312343
2989,defended_transformer,11,3.9561120813543145,0.42245563510250866,1.495366096496582,1.495366096496582,-0.6463254262060922,0.010506747258020609,1.0992500769912654,2.7716011937806013,0.5350797428518799
3466,clean_transformer,11,5.289146336642179,0.6531338537534842,1.946624755859375,1.946624755859375,0.2812198027925146,0.028804883358962245,1.833821076136801,3.617252471326412,0.4267440778013054
3466,defended_transformer,11,5.56081654808738,0.3215075344111929,1.2912821769714355,1.2912821769714355,-0.021332206973750864,0.005170831824218382,0.7883785424349674,1.997693371454406,0.6019539736580058
3225,clean_transformer,11,3.9778624447909268,0.3563854912305522,1.2044432163238525,1.2044432163238525,0.08089187614459349,0.04604190990328373,2.439916769754064,4.308635756498229,0.5770369152063081
3225,defended_transformer,11,3.676355231891979,0.3996866111957742,1.333845615386963,1.333845615386963,0.6184194171915324,0.01697119534186152,1.420656280888491,3.289044248577295,0.548832234365743
3147,clean_transformer,11,3.7919052947651255,0.32155616704377776,1.2183141708374023,1.2183141708374023,0.1616721978784591,0.02653979439462479,1.8850152044212372,2.8324072587952314,0.6019177320836995
3147,defended_transformer,11,3.4977599707516758,0.21139584703404946,0.6540038585662842,0.6540038585662842,0.31018814079049395,0.005522680222654508,0.8240277819714638,1.567787881218241,0.696968170279356
3394,clean_transformer,11,2.66277458451011,0.26164788427163826,0.9618346691131592,0.9618346691131592,0.40201215365686266,0.017512615886475923,1.4657625641178844,3.1700336870617467,0.650135456750917
3394,defended_transformer,11,2.60654599016363,0.305717598903941,1.1425416469573975,1.1425416469573975,0.3026719394907963,0.005993588530727715,0.8363152312741895,2.044953544286062,0.6139561456229646
3404,clean_transformer,11,4.027329704978249,0.4802360064489137,1.3913750648498535,1.3913750648498535,-0.37044118570871415,0.0347738555472394,2.0158583859047647,4.689760229019186,0.5030891255472271
3404,defended_transformer,11,3.5693946318192915,0.4008246231192381,1.4333372116088867,1.4333372116088867,-0.4503668217478248,0.009949391195161432,1.0847046755779894,2.3864472693823133,0.548128113275622
3288,clean_transformer,11,2.9698522741144355,0.4997781735659917,1.6324286460876465,1.6324286460876465,0.14595037036807407,0.03172619905186457,1.9384893325708945,4.295443302862302,0.4931179285232913
3288,defended_transformer,11,2.750612497329712,0.22329175030854811,0.7322540283203125,0.7322540283203125,0.2974216774697644,0.004225910810679183,0.7138402137424633,1.5017445344723972,0.6852823615145515
3305,clean_transformer,11,6.277317480607466,0.5339173268935836,1.711958885192871,1.711958885192871,0.479696820219616,0.02361959718653786,1.730932536772686,2.8733279160717684,0.4766154011132685
3305,defended_transformer,11,6.346642927689985,0.32906265395545187,1.0075130462646484,1.0075130462646484,0.22835212557901352,0.008027000315157715,1.0005997919582865,1.7756613905387342,0.5963756541664634
3014,clean_transformer,11,3.4895502870733086,0.24711456363595422,0.8091945648193359,0.8091945648193359,-0.4394513830978467,0.016651541193458144,1.4882227288705003,2.3070288266148755,0.6630201561429149
3014,defended_transformer,11,3.330535476857966,0.46660775142940375,1.6904923915863037,1.6904923915863037,-0.6808675696443336,0.0117903884450016,1.125924197139613,3.053397985499098,0.5102848867043728
3412,clean_transformer,11,3.7821994478052314,0.317068951122439,1.0491361618041992,1.0491361618041992,-0.6461807563102484,0.02783196567413906,1.8481572412334948,3.7461627599166234,0.6052801320786552
3412,defended_transformer,11,3.467990203337236,0.3154331808460405,0.9343056678771973,0.9343056678771973,-0.6697148722612736,0.007485691772928932,0.947343633584401,1.9545503049599384,0.6065152240246612
3338,clean_transformer,11,4.457383849404075,0.5190794981104979,1.7411994934082031,1.7411994934082031,-0.3393690255840978,0.023741524113901766,1.751297921530836,3.3449031931708557,0.4836501501101891
3338,defended_transformer,11,4.231632579456676,0.5957368906316098,2.0772366523742676,2.0772366523742676,-0.419994684311258,0.01574919078842904,1.3559174259416018,3.0608114881777935,0.449382789301334
3187,clean_transformer,11,5.572677222165194,0.6493890843009739,2.5397796630859375,2.5397796630859375,0.565523498380551,0.028512754678961024,1.660831291082027,4.802889565407819,0.42815131960331737
3187,defended_transformer,11,5.501989277926358,0.34092264549307016,1.1200776100158691,1.1200776100158691,0.1891788043608754,0.005880363354694179,0.8584756872336939,1.7624520665959744,0.5878243819227569
3377,clean_transformer,11,6.4075729630210185,0.2512475942336758,0.7799010276794434,0.7799010276794434,0.3516966964805631,0.01061070920927816,1.1832407952307855,1.977357559735138,0.6593042896198754
3377,defended_transformer,11,5.636080698533491,0.12310052349906622,0.5176782608032227,0.5176782608032227,0.10950887296424756,0.001606110366973498,0.4362824391253694,0.9391862563812783,0.7979664911948573
3449,clean_transformer,11,6.179238232699308,0.5383165300363122,1.9478411674499512,1.9478411674499512,0.37842596698019826,0.02304570385782543,1.716319641460489,3.284461912869647,0.4745688613854165
3449,defended_transformer,11,5.891538099809126,0.4854998921608206,1.8453750610351562,1.8453750610351562,-0.25126692092528463,0.014134290206697129,1.3284128501737864,2.827357912658031,0.500363814178021
3199,clean_transformer,11,3.2835058082233775,0.4545549019782424,1.7106773853302002,1.7106773853302002,-0.36642674278258575,0.0374790462311546,2.1270716227075166,4.034815303022696,0.5168225529702071
3199,defended_transformer,11,3.096131433140148,0.49246397546559556,1.610626220703125,1.610626220703125,-0.06753133918240148,0.018159264231398076,1.4477239854822823,3.295398454418084,0.496803296283447
3405,clean_transformer,11,6.022972627119585,0.2925011170663555,0.9373941421508789,0.9373941421508789,0.4361711408906544,0.014482504803589206,1.392193021217586,2.1084127418335012,0.6243764054889643
3405,defended_transformer,11,6.062325694344261,0.20371503244619696,0.6383213996887207,0.6383213996887207,0.08635483618213685,0.0050551633207856165,0.8226290448616588,1.390162602138055,0.704727429373861
3410,clean_transformer,11,3.2193110205910425,0.4643678682404012,1.719618320465088,1.719618320465088,0.06652540001067632,0.02431689433415448,1.7350510330314461,3.732216778890388,0.5114872944866085
3410,defended_transformer,11,3.213962684978138,0.24981061879885866,0.7544903755187988,0.7544903755187988,0.2610638226511561,0.004555972423971936,0.7567451608971539,1.398210589447725,0.6605914927105684
3300,clean_transformer,11,3.356067722493952,0.7166255883430558,2.589012622833252,2.589012622833252,0.5213975574179127,0.0905184358294624,3.278848784359853,7.384976237838594,0.4042183136312109
3300,defended_transformer,11,3.5995765165849165,0.8086611359220778,2.6776623725891113,2.6776623725891113,0.5510296220800607,0.03387619656800027,1.965836019992744,4.274468736511775,0.3754876230596073
3370,clean_transformer,11,4.23678428476507,0.575573984904927,1.799534797668457,1.799534797668457,0.39855337108893557,0.028069916143876435,1.8104469779377297,3.6457591734557115,0.4579164356100533
3370,defended_transformer,11,4.519987193020907,0.6754959914813035,2.0664591789245605,2.0664591789245605,0.3251517226602269,0.020628139456135047,1.5527900960745462,3.2453913422407714,0.41852949071859846
3320,clean_transformer,11,5.085304476998069,0.5317377232390427,1.8498125076293945,1.8498125076293945,0.8251154509146087,0.02359317335366924,1.6683970085215725,3.6904647246465565,0.47763592090586876
3320,defended_transformer,11,5.509647976268422,0.3182170763075385,1.175532341003418,1.175532341003418,0.7672596124404418,0.005300662067111772,0.8081392724686731,1.745587717277106,0.6044162377205556
3488,clean_transformer,11,4.967737718061968,0.28833367474141375,0.8581748008728027,0.8581748008728027,-0.43677259104826,0.019114781501712256,1.586716294522159,2.856386239383806,0.6277358841669103
3488,defended_transformer,11,4.773736000061035,0.3107959367381532,0.9922637939453125,0.9922637939453125,-0.16162207619592833,0.011715158691520684,1.1888874174899888,2.4304467103030865,0.6100441437483196
3319,clean_transformer,11,4.649842110547152,0.5140732047910619,1.8930737972259521,1.8930737972259521,-0.031109529113371552,0.0282288128270287,1.8540096306978056,4.054299428530897,0.4860707665180416
3319,defended_transformer,11,4.293287472291426,0.41668813921788644,1.6492564678192139,1.6492564678192139,0.26023816106244113,0.012360185364375557,1.2133841392562867,2.7572131728455758,0.5384977150036251
3570,clean_transformer,11,2.177542578090321,0.686796704134895,2.029463291168213,2.029463291168213,-0.016768616604162605,0.06017505258833143,2.754514476292545,4.836875487561392,0.41449737917221485
3570,defended_transformer,11,2.4559715661135586,0.8039072957611831,2.753087043762207,2.753087043762207,0.08007489826358097,0.03135529111096384,1.8338417011186596,4.751496422775896,0.37687122778374255
3012,clean_transformer,11,4.400374585931951,0.5478644574899341,1.9030365943908691,1.9030365943908691,0.15828440099837912,0.03243719560161486,2.014396481351276,3.439996882613447,0.4701870081601034
3012,defended_transformer,11,4.505605025724932,0.4713089029354751,1.4126534461975098,1.4126534461975098,-0.1928504254131297,0.012976355372603509,1.252348196419185,2.4354638829806685,0.5077795218089648
3186,clean_transformer,11,7.910745880820534,0.6532592657428454,2.238687515258789,2.238687515258789,-0.4959701398252312,0.050171261655151914,2.4528828581773063,5.248197262940047,0.42669710947194556
3186,defended_transformer,11,7.617211558602073,0.32252274050168334,1.084890365600586,1.084890365600586,-0.31516994642659124,0.007681492359303493,0.9693170988190614,2.131347208800204,0.6011983350808379
3419,clean_transformer,11,4.564540147781372,0.6871031191230534,2.0226309299468994,2.0226309299468994,0.15294617220774878,0.036037966546699635,2.1079072352850625,4.112496020829178,0.4143891313913015
3419,defended_transformer,11,4.408162333748558,0.4842847891332732,1.4274518489837646,1.4274518489837646,-0.18614720735621287,0.010454923329323802,1.1183867132321832,2.1951081375176877,0.5009902941069481
3386,clean_transformer,11,3.261142145503651,0.35526173436147757,1.1440606117248535,1.1440606117248535,0.2982970264321047,0.023384133768984877,1.7245180387153027,2.9319299252536575,0.5778075311803323
3386,defended_transformer,11,2.847907066345215,0.31610059290558357,1.080925464630127,1.080925464630127,-0.27140903107637443,0.005917837041652893,0.8411614123101626,1.8104417119325338,0.6060106848530382
3477,clean_transformer,11,3.1384473713961514,0.6614732962574178,2.5024759769439697,2.5024759769439697,0.3879153854496866,0.06093785349248707,2.7268555205605485,6.098470132865103,0.42364320736010497
3477,defended_transformer,11,2.9581069729544898,0.3597748157383234,1.2165935039520264,1.2165935039520264,0.2094666382862284,0.010923034761163835,1.1421024779904543,2.5757005316310275,0.5747250859497967
3103,clean_transformer,11,3.8978909362446177,0.6915911746053756,1.957263469696045,1.957263469696045,0.24720172483225203,0.04302804770519285,2.273912708511637,4.5706724693492635,0.41281008197697733
3103,defended_transformer,11,3.949473576112227,0.38717769673231417,1.2197928428649902,1.2197928428649902,-0.10692736962881995,0.00893453219803928,1.0357484354621087,2.1905239777844208,0.5566927980120837
3443,clean_transformer,11,4.749221541664817,0.34434822175523844,1.3538684844970703,1.3538684844970703,-0.40295081405537675,0.025045794392512248,1.76250546582857,3.011360822789692,0.5853999345684152
3443,defended_transformer,11,4.387468294663862,0.2219238221162932,0.6398553848266602,0.6398553848266602,-0.14694175612655944,0.0038062187405472174,0.7021455858116493,1.131005063871979,0.6866061524308509
3512,clean_transformer,11,2.6927416541359643,0.38743638401872504,1.173137903213501,1.173137903213501,-0.19667134132642713,0.018278264962202494,1.5248754213045925,2.754823060624805,0.5565279603187392
3512,defended_transformer,11,2.300278728658503,0.31998609927086036,1.1525812149047852,1.1525812149047852,0.1406910914849556,0.006156939512792441,0.8409554816563592,2.021782919189902,0.6030899719748403
3259,clean_transformer,11,3.616851503198797,0.5019076830417193,1.7948408126831055,1.7948408126831055,0.2916554473890138,0.022518291919724695,1.710766643149723,3.2403224787275433,0.49205519826532845
3259,defended_transformer,11,3.101067131215876,0.5251484227156002,1.7796580791473389,1.7796580791473389,0.02974389875718193,0.01802317724486807,1.4236487892938448,3.383501937600521,0.4807478702360255
3032,clean_transformer,11,5.645469838922674,0.4975507919423068,1.8779993057250977,1.8779993057250977,0.6704678821690433,0.02079501198501186,1.4039162300026726,3.7266918539128286,0.4942344247741296
3032,defended_transformer,11,5.7021987654946065,0.22099523531632043,0.7333879470825195,0.7333879470825195,0.2402994764350131,0.004260393162399952,0.7436823398990268,1.2954803003656847,0.687507695777223
3281,clean_transformer,11,2.882286548614502,0.2770252023117579,0.9136219024658203,0.9136219024658203,-0.32844509659319204,0.017021521614102628,1.486095495595874,2.505670220650789,0.637036768662186
3281,defended_transformer,11,2.7324672612276943,0.2911055486683871,1.0073788166046143,1.0073788166046143,0.0019323519004302088,0.004735501738041206,0.7548838264087134,1.6598363967150356,0.6254973960813108
2980,clean_transformer,11,5.589491540735418,0.24290560349574333,0.8678855895996094,0.8678855895996094,-0.030482977752529047,0.011637826575257883,1.227324327960622,2.158253790976578,0.6668475836899351
2980,defended_transformer,11,5.335276126861572,0.3808972183758823,1.508652687072754,1.508652687072754,-0.26822313176239837,0.008068141349140141,0.9281481289700249,2.3811075650639855,0.5607249515441884
3510,clean_transformer,11,4.901960676366633,0.5566834947361655,2.2350525856018066,2.2350525856018066,0.2372810627601412,0.04052824670791068,2.242035988005421,3.918858203218096,0.46621094641383765
3510,defended_transformer,11,5.896930477835915,0.34941442711869586,1.1548981666564941,1.1548981666564941,0.08083573448167068,0.007905775027466415,0.9961568052002345,1.795667779135347,0.5818507717206347
3411,clean_transformer,11,5.823216048153964,0.8927915194680852,2.4663352966308594,2.4663352966308594,0.7799661341474039,0.04256410746505301,2.2323394333980984,3.9608980025372302,0.35257975273206843
3411,defended_transformer,11,5.927814050154253,0.504729425758836,2.0285377502441406,2.0285377502441406,-0.009238064781800379,0.012678077635450579,1.1663512311212754,3.1889779564953993,0.4906540455484966
3323,clean_transformer,11,4.742364883422852,0.3693079845277072,1.1634740829467773,1.1634740829467773,0.1669538123530983,0.020487655628060986,1.6509755473740584,2.539241648163903,0.5683208127620927
3323,defended_transformer,11,4.364904273640025,0.4008465870210648,1.2566299438476562,1.2566299438476562,-0.152453191017016,0.010933775320803413,1.1553533078126035,2.109515020882276,0.5481145413413605
3334,clean_transformer,11,4.009622920643199,0.344966220707262,1.1097912788391113,1.1097912788391113,0.3445348774644631,0.026960647007319725,1.8333078706779218,3.414819250963361,0.5849646744253237
3334,defended_transformer,11,3.590308341113004,0.3312809181814003,1.0954313278198242,1.0954313278198242,0.12467590311814612,0.006829728336355153,0.8967579025648971,2.07406284064895,0.5947573808478084
3112,clean_transformer,11,4.529453819448298,0.43363005022871876,1.2981841564178467,1.2981841564178467,0.4542301018036931,0.04779053449467113,2.4369433773110907,5.279441949905751,0.5285794571736956
3112,defended_transformer,11,4.162701650099321,0.5931467567386234,1.686307430267334,1.686307430267334,-0.19966218964595195,0.02782094949922961,1.7886076154905564,3.685654744611034,0.4504611768622529
3356,clean_transformer,11,3.287727117538452,0.4684363782406502,1.557612657546997,1.557612657546997,0.27913929523829856,0.030401503351052905,1.8701521353144759,4.473454100210455,0.5093074319695763
3356,defended_transformer,11,3.3405774506655606,0.5572519059593215,1.8143343925476074,1.8143343925476074,0.1468358948933535,0.016290916169687957,1.3172235311004463,3.003069286811601,0.4659569838000257
3098,clean_transformer,11,7.590840946544301,0.727786019469636,2.389711856842041,2.389711856842041,0.6751019140452227,0.04279500271274997,2.2993972395677234,4.463370896601605,0.40050227010890477
3098,defended_transformer,11,7.6571127718145195,0.7247821813927169,2.0102648735046387,2.0102648735046387,0.4407580263251035,0.02639564836680724,1.7557186880062825,3.2430009364120185,0.40149570923560723
3575,clean_transformer,11,6.519066767259077,0.20063843012028054,0.7476553916931152,0.7476553916931152,-0.2465389002100476,0.02583881474845495,1.7904750784026964,3.479321668954161,0.7078841312501053
3575,defended_transformer,11,6.127142299305309,0.5640467819615023,1.9568367004394531,1.9568367004394531,-0.5132960507243465,0.01939669421833189,1.5121311861981106,3.121512562734327,0.46294235992356975
3515,clean_transformer,11,4.169616504149004,0.265444342773066,0.8675656318664551,0.8675656318664551,-0.008145512898856584,0.015382651456247981,1.4240172934527162,2.4747493647914585,0.6468517368139695
3515,defended_transformer,11,3.9483773058111016,0.2709462498060134,0.7036890983581543,0.7036890983581543,-0.339445936465882,0.007309687618025659,0.953116235345884,1.9043356970857515,0.6421513430257051
3528,clean_transformer,11,3.2193098718469795,0.6473559744703221,2.5704193115234375,2.5704193115234375,0.4835314962774236,0.06307807850578864,2.6845902883416795,6.685721379936696,0.42891923345326255
3528,defended_transformer,11,3.5779041160236704,0.4177136946526945,1.465580940246582,1.465580940246582,0.4005275163888701,0.013512112280686616,1.2388755066241055,2.8966254084931715,0.5378867551018464
2987,clean_transformer,11,5.93476052717729,0.4422123930829711,1.5217475891113281,1.5217475891113281,0.2941956489118791,0.024333838729355607,1.7840603331482079,2.8472982032741525,0.5236932489735905
2987,defended_transformer,11,5.682044679468328,0.46393196343529164,1.6800904273986816,1.6800904273986816,-0.21320175334374314,0.01273051181688796,1.1763996488476096,2.718160858864044,0.5117219546716768
3038,clean_transformer,11,3.880745909430764,0.24971476206408458,0.6406359672546387,0.6406359672546387,-0.2334732694595754,0.014936157202222095,1.4087678939509913,2.084143298312316,0.6606775373860871
3038,defended_transformer,11,3.4806490161202173,0.3973418726757276,1.2249231338500977,1.2249231338500977,0.4926181616617778,0.009512493040608524,1.061765984580162,2.0656055958406587,0.5502887108748149
3526,clean_transformer,11,2.795069781216708,0.4418555982998239,1.5899877548217773,1.5899877548217773,-0.49450529108966224,0.033467337598689376,1.968170216727818,4.750334367969377,0.5238945834880014
3526,defended_transformer,11,2.6347671422091397,0.4738569829747221,1.4420278072357178,1.4420278072357178,-0.7117892725284183,0.014000536835320095,1.2222557527475053,2.908134901776989,0.5064318377209359
3299,clean_transformer,11,2.686784505844116,0.40885496320011055,1.4322304725646973,1.4322304725646973,0.4596567461052808,0.019775490591541003,1.5491797432055863,3.3447492682694486,0.5432104029214875
3299,defended_transformer,11,2.5289242917841133,0.23297405588831885,0.9469046592712402,0.9469046592712402,0.28618806478375175,0.0042097961359557875,0.7043174671882048,1.811818571629894,0.6760564318395718
3055,clean_transformer,11,5.8012802384116435,0.5075215042027437,1.574693202972412,1.574693202972412,0.5172118210542463,0.0186440732490401,1.4021051392382096,3.123986663405668,0.4892754550484403
3055,defended_transformer,11,5.881106550043279,0.11860077199176132,0.3751640319824219,0.3751640319824219,0.18616363923867105,0.002485830060678635,0.5681333219557417,1.0008335673010242,0.8039033383750924
3074,clean_transformer,11,4.294244722886519,0.8542158617475685,2.5193843841552734,2.5193843841552734,-0.036129478365152214,0.05353875716992272,2.472145995611294,4.827231412887803,0.36272654813705096
3074,defended_transformer,11,4.053444190458818,0.3764405264395112,1.3278284072875977,1.3278284072875977,0.2257629984383922,0.010230884957597854,1.1114955289991206,2.2657769548402644,0.5636218224976505
3206,clean_transformer,11,3.6951634016903965,0.5634434851650274,1.6912693977355957,1.6912693977355957,0.5614651718355789,0.026015289667660584,1.8161231130856477,3.132704954942863,0.4632084405516543
3206,defended_transformer,11,3.317806937477805,0.325262532065665,0.9662716388702393,0.9662716388702393,0.7625143299026926,0.0063561017161336405,0.8848423343853077,1.7168871479928753,0.5991684889850503
3560,clean_transformer,11,3.784521623091264,0.4441417384546963,1.7221245765686035,1.7221245765686035,-0.41239369206409227,0.027762335023755427,1.8597060807733004,3.7042255967201774,0.5226072205022666
3560,defended_transformer,11,3.436987270008434,0.38843434816790434,1.5276482105255127,1.5276482105255127,-0.5407946142959569,0.00949395785295028,0.9632301564931793,2.7135574637667044,0.5558929629043813
3025,clean_transformer,11,6.290730042891069,0.3739132519314394,1.3440332412719727,1.3440332412719727,0.0026824484893699426,0.015446664938155637,1.386240003621688,2.621729443404973,0.565277901599328
3025,defended_transformer,11,6.1045731197703965,0.381846882619992,1.3727588653564453,1.3727588653564453,-0.28679518532953374,0.00807315200010706,0.9971944806545122,2.0920059184148587,0.5601115098113016
3339,clean_transformer,11,5.097903468392112,0.291796454368746,1.1215624809265137,1.1215624809265137,0.6504524815690454,0.010395345190162754,1.1508871997451238,2.042650438515238,0.6249419232862116
3339,defended_transformer,11,5.219461007551714,0.26985849794892575,1.085413932800293,1.085413932800293,-0.017472723764885907,0.004475612331152686,0.7490656175295686,1.6640163202516713,0.643075206605178
3483,clean_transformer,11,5.2300802144137295,0.846204656911675,2.503549575805664,2.503549575805664,0.19629673912453668,0.07954904638528873,3.0883139656450385,6.249474858175866,0.36490746332664664
3483,defended_transformer,11,5.068557349118319,0.4439627649199694,1.4255499839782715,1.4255499839782715,-0.03926555868656258,0.012619976232819567,1.2618780641880019,2.5104845873758825,0.5227077751232951
2974,clean_transformer,11,5.117098114707253,0.3296447743876382,1.1709790229797363,1.1709790229797363,0.01943355631929285,0.022620894682126143,1.6367762467273161,3.247483773066503,0.5959501326529955
2974,defended_transformer,11,5.294943115927956,0.2707534010500196,0.7674665451049805,0.7674665451049805,0.25987841374262,0.004455126378573693,0.7451743684547214,1.3956544295254705,0.642314942202562
3379,clean_transformer,11,4.649057756770741,0.5680636502489329,1.7572367191314697,1.7572367191314697,0.36719414687446394,0.035713503968398924,2.1510391116076235,3.522992265412661,0.4611785067790625
3379,defended_transformer,11,5.221867127852007,0.5272157733253034,1.7801012992858887,1.7801012992858887,-0.470787492177203,0.015100653216922322,1.3676820648038417,2.611071712320465,0.4797671596244977
3417,clean_transformer,11,3.5447581681338223,0.6844842351192055,1.7968707084655762,1.7968707084655762,0.527626563689828,0.045351649768418045,2.31940864243829,4.668203054376597,0.41531613681900575
3417,defended_transformer,11,3.661144321615046,0.5599180676935138,1.826611042022705,1.826611042022705,0.10182082140237768,0.017252193132965762,1.4011180382188788,3.3566227887567384,0.464769442465625
3547,clean_transformer,11,3.0563167441974985,0.17072542348375136,0.6727280616760254,0.6727280616760254,-0.5443627306204407,0.00956420104012828,1.129548421398871,1.868825835733971,0.740117195259839
3547,defended_transformer,11,2.6857312375848945,0.28569567119308403,0.9626457691192627,0.9626457691192627,-0.291068662591113,0.004539946843575329,0.7256326247215923,1.565663618174778,0.6298811930174848
2995,clean_transformer,11,4.6674862774935635,0.4298695978990793,1.5306100845336914,1.5306100845336914,-0.08688244085001426,0.021440119054411268,1.6698877150295586,2.6955326496214207,0.5307492517080818
2995,defended_transformer,11,4.294203086332842,0.5124735670430584,1.709512710571289,1.709512710571289,0.19437226597237406,0.014494444758767239,1.2807567201558998,2.9767826382601172,0.4868493309796707
3200,clean_transformer,11,4.021223653446544,0.32053452383782105,1.0760822296142578,1.0760822296142578,0.1162845180274322,0.02342843128242715,1.7632587773352946,3.0867959958169293,0.6026799901229486
3200,defended_transformer,11,4.012284105474299,0.576536711073156,1.6158337593078613,1.6158337593078613,-0.08069957413496114,0.01949404161495354,1.5125388970126643,3.0780662822770806,0.4575016148415328
3127,clean_transformer,11,4.753382942893288,0.7662232631257395,2.8057756423950195,2.8057756423950195,0.3929537542137164,0.05362557360086148,2.5360032200330718,5.8199340897573615,0.3882108039807071
3127,defended_transformer,11,4.826389486139471,0.7873286288194485,3.203594207763672,3.203594207763672,0.11961045862654039,0.02562994445217128,1.6541123859474933,4.850857252151202,0.3817772726165028
3453,clean_transformer,11,3.990101012316617,0.24619897603323385,0.9400105476379395,0.9400105476379395,-0.04990674987044525,0.015760223288286513,1.4378756877150098,2.644792457134129,0.6638490039543988
3453,defended_transformer,11,3.524447787891735,0.4678993430201687,1.6036226749420166,1.6036226749420166,-0.07073458672911186,0.012540414316736371,1.1840306440860082,2.8857323791474454,0.5095941044668889
3437,clean_transformer,11,4.275987256656993,1.1803846692149949,3.9878480434417725,3.9878480434417725,0.5855685339630401,0.1069338161356217,3.354738133552686,7.862636515956441,0.29173729951565364
3437,defended_transformer,11,4.000887935811823,1.2077464275140581,3.644421100616455,3.644421100616455,0.3171951542041427,0.06057560952166752,2.4713268040692484,5.559379425162107,0.28702498236489443
3079,clean_transformer,11,5.003915353254839,0.6976167594579235,2.582854747772217,2.582854747772217,0.5612773985425532,0.046469950728662425,2.2238270408995295,6.045278546133489,0.4107089057701452
3079,defended_transformer,11,5.184448155489835,0.45820714952882996,1.4169015884399414,1.4169015884399414,0.6757890891909756,0.010208992259719003,1.1134489326318096,2.1103606071609193,0.5148238916447444
3082,clean_transformer,11,3.58456108786843,0.6506753625502865,2.3634490966796875,2.3634490966796875,-0.08457256752278353,0.033658438600908405,1.9946095917499889,4.52674632654794,0.42766690557762227
3082,defended_transformer,11,3.637134226885709,0.4030643214323383,1.5099024772644043,1.5099024772644043,0.3070614156162999,0.008610252748254903,0.9942992664843127,2.377299580418864,0.5467476103034213
3463,clean_transformer,11,5.902270317077637,0.4862578790739579,1.733041763305664,1.733041763305664,0.22440305129205818,0.029998115313142084,1.9003684739212299,3.788907753009103,0.49997380600701974
3463,defended_transformer,11,5.639891017567027,0.36207202160487784,1.0523056983947754,1.0523056983947754,-0.03843082552270293,0.007398045372958685,0.9574674768188114,1.6519855007940039,0.5731686853919407
2997,clean_transformer,11,5.5129075050354,0.35185256875219434,1.0373492240905762,1.0373492240905762,0.313263772379933,0.01432736294085054,1.3255038549116491,2.4563812351572296,0.5801580105419453
2997,defended_transformer,11,5.586463711478493,0.17719714089185254,0.6377511024475098,0.6377511024475098,-0.18137829540859918,0.0022885030276844024,0.5471691519363118,0.9736240771241972,0.7328971169986982
3053,clean_transformer,11,2.9426949457688765,0.38532238328165397,1.2802462577819824,1.2802462577819824,0.4533528017533497,0.025733196340947246,1.819204780489625,3.2457355790938216,0.5578778868163614
3053,defended_transformer,11,2.5825574831529097,0.3551821555049471,1.320319414138794,1.320319414138794,0.0615275078110764,0.008436845252671753,0.99326785055359,2.208567761262612,0.5778621804065005
3198,clean_transformer,11,6.05666277625344,0.402148121178135,1.3332924842834473,1.3332924842834473,-0.5501811252936372,0.02139613712794326,1.6950176613644383,2.6487788992662997,0.547311495539229
3198,defended_transformer,11,5.913341869007457,0.7543199669820697,3.022871494293213,3.022871494293213,-0.5661804646132912,0.024716454715643654,1.604081694158394,4.4525843534354905,0.3919358245052782
3372,clean_transformer,11,5.015704848549583,0.22843003252885466,0.8173198699951172,0.8173198699951172,0.1983173628167252,0.01273921369724287,1.2785346200329082,2.225475943108245,0.6803551406444516
3372,defended_transformer,11,4.896067012440074,0.33369481942583795,1.3101930618286133,1.3101930618286133,0.19431038138350468,0.008568501330604057,0.9859669036231842,2.2315399821241555,0.5930063349737548
3360,clean_transformer,11,4.425599596717141,0.3336410015046571,0.9880201816558838,0.9880201816558838,0.30043839452902443,0.029309084687050957,1.9268905616317773,3.984583012560819,0.5930452621538193
3360,defended_transformer,11,4.550597320903432,0.5430618725067331,1.5827522277832031,1.5827522277832031,-0.02706163991355698,0.014652114579896586,1.3208521390605323,2.510811752129877,0.4723809083845016
3150,clean_transformer,11,5.491417668082497,0.6346914173901261,1.936774730682373,1.936774730682373,0.6094961189304479,0.0337041987036245,2.027755400942392,3.6350789138215363,0.4337654107271068
3150,defended_transformer,11,5.787745692513206,0.4178116195718129,1.2810282707214355,1.2810282707214355,0.014325880398906485,0.010390063173185693,1.1430889119219598,2.0539431250502482,0.5378284902390253
