original_representation,property_value,mean,length_only,bag_of_token_counts,bag_of_token_frequencies,rdkit_descriptors,clean_transformer,defended_transformer
[*]CNC(=O)CCCCCCCCC(=O)N[*],6.1370000000000005,4.474831296673456,4.869315232914027,5.5493630256253486,5.4169138915042145,5.720398874242842,5.9502053,5.8067513
[*]Oc1ccc(CC(NC(=O)CCc2ccc(OC(=O)CCCCCCC([*])=O)cc2)C(=O)OC)cc1,4.8286,4.474831296673456,3.6709482432849563,4.396959879457613,4.5186064608004815,4.276731687997878,4.8589506,5.056303
[*]CCOCCOCCOc1cccc(NC(=O)c2cccc(C(=O)Nc3cccc(O[*])c3)c2)c1,3.5819,4.474831296673456,3.8373881029556607,4.189954016409429,4.003295697609298,3.4478076052495203,3.1712132,3.7073154
[*]CC1CCC(COC(=O)CCCC(=O)O[*])CC1,6.6651,4.474831296673456,4.669587401309182,5.44415963320177,5.615739152343293,5.886659816328345,6.4071035,6.1868906
[*]C(C=C1)=CC=C1C(=S)C(S2)=CC=C2O[*],2.6757,4.474831296673456,4.56972348550676,3.001532162565698,3.317692108101545,2.6401098803538514,2.8665137,2.643561
[*]C(=O)Nc1cccc(NC(=O)c2ccc3[nH]c(-c4cccc(-c5nc6cc([*])ccc6[nH]5)c4)nc3c2)n1,3.5123,4.474831296673456,3.4379324397459703,2.4592927149271624,2.9161411038287186,3.200349332523447,3.3051934,3.0827093
[*]Oc1c(Cl)cc(NC(=O)NCCCCCCNC([*])=O)cc1Cl,4.9392,4.474831296673456,4.436571597770196,4.629053205264166,4.562443535332283,4.761612178328651,4.619564,4.962315
[*]CCCOC(=O)c1cccc(-c2cccc(C(=O)O[*])c2)c1,4.6774,4.474831296673456,4.369995653901914,4.28314076161971,3.8736871076223562,3.9881427237303506,4.9075065,4.1489944
[*]C=C([*])c1cccc(C#C)c1,0.9119,4.474831296673456,4.969179148716449,4.0201998075596865,3.5164469425585807,3.4634680961835587,0.15965843,1.2477403
[*]CCCCCCCCCCOC(=O)c1ccc(C=Cc2ccc(C(=O)O[*])cc2)cc1,3.2582,4.474831296673456,4.070403906494646,3.965044326455511,4.1766709442597305,4.355187984942439,4.1455913,3.8070264
[*]c1cccc(N2C(=O)c3ccc(P(=O)(c4ccccc4)c4ccc5c(c4)C(=O)N([*])C5=O)cc3C2=O)c1,3.1738,4.474831296673456,3.271492580075266,3.3940171327584756,3.1286511616100525,2.599577896077411,2.4230201,2.8426836
[*]c1cccc(-c2nnc([*])o2)c1,4.1089,4.474831296673456,4.902603204848168,4.041798601027484,3.1523975310333254,3.247515255183197,4.574669,4.177055
[*]CCCCCCCNC(=O)CCCCCCCCCCCCCCCCCCC(=O)N[*],5.8482,4.474831296673456,4.3367076819677735,5.888178057546834,5.732749208303603,5.60490533921749,5.8757386,5.894083
[*]CC(O[*])C1CC(F)(F)C1(F)F,6.2217,4.474831296673456,4.869315232914027,5.4660375342720915,5.996188214739652,5.961135186039093,6.6404705,6.740588
[*]c1ccc(N2C(=O)c3ccc(P(=O)(c4ccccc4)c4ccc5c(c4)C(=O)N([*])C5=O)cc3C2=O)cc1,3.0336,4.474831296673456,3.271492580075266,3.3940171327584756,3.1286511616100525,2.599577896077411,2.3436615,2.2707617
[*]CC1CCCC(CNC(=O)CCCCCCCCCCC(=O)N[*])C1,5.6857,4.474831296673456,4.436571597770196,5.295404940928108,5.440863942122469,5.699105397563202,5.8938255,5.6132445
[*]Cc1ccc(COC(=O)C2CCC(C(=O)O[*])CC2)cc1,5.1825,4.474831296673456,4.436571597770196,4.826197728541883,4.666142951746439,4.76753977871301,5.063513,4.496575
[*]Nc1cc([*])ccc1CCCCCCCCCCCC,3.9821,4.474831296673456,4.802739289045745,4.615000488580659,4.61316028297158,4.748643185700439,4.434221,3.8508868
[*]OC(=O)CCS(=O)(=O)CCC([*])=O,6.2729,4.474831296673456,4.769451317111605,5.0746113235131425,4.873140638661583,5.643646278789919,5.4131455,5.907054
[*]CCCCC(=O)NCCCCCCNC(=O)CCCCS[*],5.1829,4.474831296673456,4.669587401309182,5.318864886437426,5.319215132387494,5.431212969694848,5.1419873,4.9056497
[*]NC(S1)=CC=C1C(C=C2)=CC=C2C(=S)[*],3.3276,4.474831296673456,4.56972348550676,2.8530390281960427,3.1568691263052067,2.721858491766984,2.3133984,2.7933097
[*]C=C([*])c1nc2ccccc2n1C,2.4824,4.474831296673456,4.935891176782309,3.7385807606779444,3.1004311818063495,3.628908996891407,0.9972608,0.6537683
[*]C(=O)c1ccc(C(=O)N2CCN([*])CC2)cc1,4.6749,4.474831296673456,4.56972348550676,4.444507701822201,4.154419547596726,4.098910899489727,3.8399482,3.9800322
C([*])C(C)(C(=O)OCCCOC)([*]),5.8667,4.474831296673456,4.836027260979886,6.0804921292975935,6.0048700675269435,5.979135550222899,6.427052,6.5819073
[*]NC(S1)=CC=C1C(=O)O[*],3.5126,4.474831296673456,4.969179148716449,4.251838760926418,4.081572664425053,3.32787857708038,3.785605,4.0323977
[*]Nc1cc(OC)c([*])cc1OC,3.406,4.474831296673456,5.002467120650591,4.8090614266597,4.451204528319417,3.8135974714732797,3.4568162,3.7049143
[*]c1ccc(-c2nnc([*])o2)c(OCC)c1,2.8968,4.474831296673456,4.736163345177464,4.314635413393757,3.810371380047987,3.728806260891819,3.4384315,3.4599204
[*]NC(=O)c1ccc(C(=O)Nc2ccc3c(c2)[nH]c(=O)c2cc([*])ccc23)cc1,2.9794,4.474831296673456,3.9039640468239423,2.83591892347591,3.1663507102045725,3.25379332929109,3.3953478,3.6057725
[*]CC(CC)(CC)CS[*],4.9121,4.474831296673456,5.168906980321295,5.339041004916331,5.5263181035299365,6.138406713282243,4.994064,4.973879
[*]c1cc(CCCCCCCCCCCC(=O)Oc2ccc([N+](=O)[O-])cc2)c([*])s1,1.9537,4.474831296673456,4.103691878428787,2.6661627483319417,4.047780941536722,4.545093395207022,1.2124298,1.7273462
[*]c1ccc(C)c(N2CC(=O)N([*])CC2=O)c1,4.9134,4.474831296673456,4.603011457440901,4.423331762327108,4.088860098286855,4.0045333316737395,4.374101,3.8000052
[*]Oc1ccc(CC(NC(=O)CCc2ccc(OC(=O)CCC([*])=O)cc2)C(=O)OC(C)CC)cc1,4.8266,4.474831296673456,3.6376602713508155,4.430933473684726,4.526783803958885,4.32284518645712,4.476565,4.254627
[*]C(=O)Nc1ccc(NC(=O)c2ccc3c(c2)C(=O)N(c2ccc(Oc4ccc(N5C(=O)c6ccc([*])cc6C5=O)cc4)cc2)C3=O)cc1,2.6682,4.474831296673456,2.6723090852607303,2.711731439399939,3.300333292580741,3.1170448894635836,2.8269973,2.7027965
[*]CC(S1)=CC=C1OC(=S)[*],3.8139,4.474831296673456,4.969179148716449,3.734459198820015,3.5891731968257083,3.477864659388651,3.7573571,3.7873073
[*]CC([*])C(=O)N1CCOCC1,5.4243,4.474831296673456,5.002467120650591,5.2456833803909495,5.452682407732569,5.721410628661633,5.692812,5.4193387
O([*])C(=O)Oc1c(OC)cc(cc1)C(C)c1ccc(cc1)([*]),4.5489,4.474831296673456,4.270131738099492,4.005441274342424,4.292953413467039,3.9112756241662514,5.187361,4.648473
[*]Oc1ccc(NC(=O)c2cc(C(=O)Nc3ccc(Oc4ccc(C5(c6ccc([*])cc6)CC6CCC5C6)cc4)cc3)cc(C(C)(C)C)c2)cc1,3.6681,4.474831296673456,2.6723090852607303,3.7727604031496056,3.657094676628099,3.1789016937404733,4.114041,3.7105932
[*]c1ccc2c(c1)c1cc([*])ccc1n2C(=O)NO,3.8822,4.474831296673456,4.56972348550676,3.2893181957951994,3.328456981351459,3.201883559326242,3.2980247,4.2552137
[*]OC(=O)C(Cc1ccccc1)NC(=O)CCCCC(=O)NC(Cc1ccccc1)C(=O)OC1COC2C([*])COC12,5.1809,4.474831296673456,3.3713564958776883,3.663283215130439,4.5402595381854844,3.7021622979828717,4.5209,3.971154
[*]CCOCCOCCOC(=O)C=CC(=O)NCCCCCCNC(=O)C=CC(=O)O[*],4.0488,4.474831296673456,4.103691878428787,5.67202813882697,5.34233901134904,4.813518546782094,4.858295,5.143887
[*]CCCCc1nc2cc3sc([*])nc3cc2s1,4.2651,4.474831296673456,4.769451317111605,2.167428225943938,2.7485323734067197,3.525217537471085,4.450892,4.648893
[*]CC([*])C(=O)NCO,6.1073,4.474831296673456,5.168906980321295,5.681846635780952,5.759676265630759,5.680002364022111,5.966147,5.743453
[*]CC([*])n1c2ccc(I)cc2c2cc(I)ccc21,2.8783,4.474831296673456,4.603011457440901,2.9670636259453063,3.1699420486447876,2.565361529034253,3.5938802,3.4529724
[*]Oc1ccc(C(C)(C)c2ccc(Oc3nc([*])nc(Cl)n3)cc2)cc1,4.279,4.474831296673456,4.1702678222970695,3.892174467010719,3.8295704555949213,3.5851929575591206,4.768973,4.735448
[*]C=CC1CC([*])C2CC=CC12,5.3897,4.474831296673456,4.969179148716449,4.5977072369210035,4.341079692120344,4.842630376180523,4.4318624,4.997288
[*]c1nc2ccc(-c3ccc4nc(-c5cccc6cc7c([*])cccc7cc56)sc4c3)cc2s1,2.5701,4.474831296673456,3.7708121590873787,1.6151352995645123,2.0748512489396402,1.9298733790811513,2.8821015,2.587144
[*]C(S1)=CC=C1C(=S)C(S2)=CC=C2O[*],2.5744,4.474831296673456,4.6362994293750415,2.9303598988176045,3.223074223009677,2.4514809054466276,2.1449242,3.2515798
[*]Oc1ccc(CC(NC(=O)CCc2ccc(OC(=O)CCCCCCC([*])=O)cc2)C(=O)OC(C)C)cc1,4.8967,4.474831296673456,3.5377963555483927,4.494461292170004,4.605830407399068,4.417194500564475,4.6924605,4.8487563
[*]C=CC1CC([*])C(C(=O)OC)C1,5.2159,4.474831296673456,4.869315232914027,5.008785075913634,5.138864839732408,5.40256686279954,5.358765,5.565636
[*]NC(c1ccccc1)C(C)(C)C([*])=O,5.5070000000000014,4.474831296673456,4.769451317111605,4.499995461030027,4.284701853470107,4.332727265994565,4.942128,4.364124
[*]CCCCCCOC(=O)C(=O)O[*],6.3296,4.474831296673456,4.969179148716449,5.7828214758793814,5.816070145547722,5.859113263669648,6.58161,6.7996874
[*]CCCNC(=O)CCCCC(=O)NCCCO[*],5.2859,4.474831296673456,4.802739289045745,5.745874364774324,5.629341163217971,5.579553432535791,5.6364326,5.824042
[*]CC([*])c1ccc(C)c(C)c1,4.8262,4.474831296673456,4.969179148716449,4.529049774780099,4.17077573177579,4.601611140432849,4.542486,3.5866718
[*]c1ccc2c(c1)c1cc([*])ccc1n2-c1ccccc1,3.5708,4.474831296673456,4.503147541638477,2.206168766569399,2.4448273398871017,2.646217139905458,3.6390383,3.6088
[*]CCCCCCNC(=O)NCCCCNC(=O)N[*],5.4928,4.474831296673456,4.769451317111605,5.624223495688895,5.399946359428201,5.815485079597604,5.4748435,5.605751
[*]CC([*])(Cl)C(=O)OC,5.6127,4.474831296673456,5.1023310364530134,5.694519928107991,5.717263826426892,5.738179836665483,6.3122416,6.396467
[*]OC(=O)c1ccc(CCCCCc2ccc(C([*])=O)cc2)cc1,4.5439,4.474831296673456,4.369995653901914,3.9490348022414583,3.873780188867321,4.044930278591335,4.925358,4.3039217
[*]c1ccc(Oc2ccc(-c3nc4cc(-c5ccc6nc([*])c(-c7ccccc7)nc6c5)ccc4nc3-c3ccccc3)cc2)cc1,3.0112,4.474831296673456,3.0717647484704207,2.992553949546014,2.4837029056135598,2.224156354509613,3.4962962,3.0837862
[*]C#CC(CO)=C([*])n1c2ccccc2c2ccccc21,1.3335,4.474831296673456,4.536435513572618,3.498958935662261,3.2700114750578604,3.188507156371219,1.7654343,3.4106
[*]CC([*])OC,5.5422,4.474831296673456,5.36863481192614,5.710900949531024,6.581091770515455,6.277597341637561,6.0627074,6.1940913
[*]CCCCCCCCCCOc1ccc(OC(=O)c2ccc(C(=O)Oc3ccc(O[*])cc3)cc2)cc1,3.1798,4.474831296673456,3.7708121590873787,4.220973243821346,4.130396325203204,3.927902513212133,4.1528697,4.095347
[*]CC(C)(C)CS([*])(=O)=O,6.3059,4.474831296673456,4.969179148716449,5.1425440888673615,4.948602364484433,6.55399833609538,5.8005743,6.0769787
[*]Oc1ccc(NC(=O)c2ccc(C(=O)Nc3ccc(Oc4ccc(C5(c6ccc([*])cc6)CC6CCC5C6)cc4)cc3)cc2)cc1,3.3054,4.474831296673456,3.005188804602139,3.5226080440026193,3.381599338424907,2.7999650059631245,4.0600433,3.6712554
[*]Oc1ccc(C(C)(C)c2ccc(OC(=O)OCCN(CCOC([*])=O)c3ccc(OC)cc3)cc2)cc1,4.1438,4.474831296673456,3.5710843274825335,4.546247630935885,4.31106220355343,3.7907427435035124,4.34487,4.2436085
[*]CCCCNC(=O)CCCCCCC(=O)NCCCCNC(=O)C(=O)N[*],4.5656,4.474831296673456,4.303419710033633,5.597134095600668,5.287407474875614,5.529041638583337,5.6306787,5.6846
[*]CCOCCOC(=O)C(C)C(=O)O[*],6.3545,4.474831296673456,4.869315232914027,6.013306409255469,5.977180849439629,5.660735867111782,5.9909754,6.2809834
[*]C(=O)OCCOC(=O)c1ccc([*])o1,3.2205,4.474831296673456,4.802739289045745,4.737342558157881,4.6430548649974765,4.35760175208331,4.1597915,5.1653748
[*]CCCCCCC(=O)N[*],6.0973,4.474831296673456,5.168906980321295,5.514889520890143,5.57442846580584,5.942669098743551,6.218691,5.552354
[*]Oc1ccc(C2(c3ccc(OC(=O)CCCCCCCCC([*])=O)cc3)c3ccccc3Cc3ccccc32)cc1,4.5693,4.474831296673456,3.504508383614252,3.6784081755159903,3.5599551910256055,3.239579990454131,3.9293833,4.0891523
[*]CCCOc1ccc(C(=O)OC(=O)c2ccccc2C(=O)OC(=O)c2ccc(O[*])cc2)cc1,3.9114,4.474831296673456,3.737524187153238,3.711312344247508,3.921806947642089,3.919655128657682,4.1347284,3.8846853
[*]CCCCCc1ccc(CCCCCOC(=O)c2ccc(C(=O)O[*])cc2)cc1,3.6646,4.474831296673456,4.1702678222970695,4.230249899370804,4.274891060400487,4.327057156424565,5.058113,4.450287
[*]NC(CCC(=O)OCc1ccc(Cl)cc1)C([*])=O,4.977,4.474831296673456,4.603011457440901,4.548650771816466,4.4450149450182,4.1395779804780135,3.6564302,4.1715403
[*]Nc1cc(NC(=O)Nc2ccc(NC([*])=O)cc2)cc(C(=O)Nc2cccc3c2C(=O)c2ccccc2C3=O)c1,2.673,4.474831296673456,3.3047805520094067,2.638376774218559,3.2746862514912967,3.591835724597057,2.948184,2.7717505
[*]NC(=O)C(=S)C(=O)[*],2.2323,4.474831296673456,5.035755092584732,4.764327489533718,4.224929292395724,3.563353066925739,3.598936,3.8285913
[*]c1cc(-c2ccccc2)c([*])s1,2.591,4.474831296673456,4.902603204848168,3.185149190770918,2.4987000461450424,2.8342502853462017,1.3134828,2.7466044
[*]c1ccc(CCc2ccc(N3C(=O)C(=O)N([*])C3=O)cc2)cc1,3.5244,4.474831296673456,4.20355579423121,3.9311622552182883,3.6241559597949156,3.485989448761615,3.386329,2.6939356
[*]CCCCNC(=O)O[*],6.4279,4.474831296673456,5.202194952255436,5.647873041553839,5.817401589886609,5.947314580519803,6.226392,6.53786
[*]CCCCCCCCCCC(=O)N[*],6.0219,4.474831296673456,5.035755092584732,5.599593278870514,5.7105026903384815,5.978566159822927,6.2289205,6.1190314
[*]c1cc(OCCCCCCCCCC)cc(-c2nc3cc4sc([*])nc4cc3s2)c1,3.4535,4.474831296673456,4.103691878428787,2.423247165336737,3.3431138226492627,3.294716538630582,3.1296124,2.3886302
[*]CCOCCOC(=O)CCCCC(=O)O[*],6.1095,4.474831296673456,4.869315232914027,6.00050875452345,6.028377172304761,5.690711753806844,6.3375263,6.4420075
[*]COC(S1)=CC=C1O[*],4.8181,4.474831296673456,5.1023310364530134,4.477404413825466,4.361826831852899,3.691025445027276,5.2520137,5.489417
[*]c1ccc2c(c1)c1ccccc1n2[*],3.8671,4.474831296673456,4.869315232914027,3.087887576169184,2.494353618364463,2.985291103338072,3.559145,3.4762409
[*]c1cc(C(F)(F)C(F)(F)C(F)(F)F)c([*])s1,2.6317,4.474831296673456,4.469859569704337,4.033275060959479,5.029975296660449,4.117289711243126,2.8742986,3.294855
[*]CC(=O)OC(=O)c1cccc(O[*])c1,4.1530000000000005,4.474831296673456,4.802739289045745,4.594100530089578,4.349173843930898,4.067351082855524,4.7647734,4.461559
[*]CCCCCCNC(=O)NCCNC(=O)N[*],5.778,4.474831296673456,4.836027260979886,5.5818716166987095,5.3343783496969905,5.777446518571131,5.6278715,5.6895466
[*]Nc1c(Cl)cc([*])cc1Cl,4.6194,4.474831296673456,5.069043064518873,4.384770796139872,3.5997751885695437,3.222332404278342,3.8646564,4.0008235
[*]CCCCCCCCCNC(=O)CC(=O)N[*],5.8661,4.474831296673456,4.836027260979886,5.570538965120441,5.448990915866652,5.749319561375184,5.7704635,5.9507594
[*]CC(S1)=CC=C1C(=S)O[*],3.272,4.474831296673456,4.969179148716449,3.734459198820015,3.5891731968257083,3.466626645836496,3.6871135,3.6734452
[*]CCCOC(=O)C(=O)O[*],5.5497,4.474831296673456,5.069043064518873,5.719293657394103,5.7506538519027215,5.529067360809501,6.461237,6.5351896
[*]CCCC(C)(C)CNC(=O)CCCCCCCC(=O)N[*],5.8012,4.474831296673456,4.56972348550676,5.765541790545223,5.559839091832044,5.892882304919466,6.0943155,5.940035
[*]C1=CSC(=C2SC=C(c3ccc([*])cc3)S2)S1,2.2854,4.474831296673456,4.536435513572618,2.5551367592465883,2.646499315249992,2.3341094719759092,2.709581,2.9623733
[*]N=c1c(=Nc2ccc([*])cc2)c2cccc3cccc1c32,2.1865,4.474831296673456,4.436571597770196,2.8318015896232285,2.1693836107925892,2.9055801893254625,2.2179132,2.8750238
[*]Cc1cc(COC(=O)Nc2ccc(Cc3ccc(NC(=O)O[*])cc3)cc2)cc(C(C)(C)C)c1,4.529,4.474831296673456,3.6709482432849563,4.025907757763372,4.0006316021581,4.342488278737953,4.170551,4.152482
[*]C1=C2OCCOC2=C(c2ccc(-c3ccc([*])s3)s2)S1(=O)=O,1.8236,4.474831296673456,4.1702678222970695,2.013570546238051,3.1384027124358735,2.8469182137516533,2.5099745,2.5572834
[*]NC(CCCNC(=O)c1ccc(F)cc1)C([*])=O,4.6548,4.474831296673456,4.603011457440901,4.422254423298863,4.366789976136833,4.066474554685603,4.0714154,3.9471931
[*]C=C([*])c1ccc([N+](=O)[O-])cc1,1.15,4.474831296673456,4.869315232914027,3.398603217649999,3.3450469674261587,4.088181360953338,0.8526366,3.7183514
[*]OC1(C)CC(C)(C)C(C)(N2CCCC([*])C2)C1C,4.5909,4.474831296673456,4.469859569704337,5.796627171756561,5.623857345640374,5.8900037978764646,6.252965,6.2584896
C(O2)([*])=NN=C2C1=CC=C(C=C1)C2(C1=CC=CC=C1C(=O)O2)C1=CC=C(C=C1)O([*]),4.0929,4.474831296673456,3.4379324397459703,1.891501263838427,3.781810828549297,2.914386636518752,3.5011497,2.9251466
[*]c1ccc(N(c2ccc(C#N)cc2)c2ccc(N3C(=O)c4ccc(-c5ccc6c(c5)C(=O)N([*])C6=O)cc4C3=O)cc2)cc1,2.0603,4.474831296673456,2.8720369168655755,2.77949412815378,3.126396577531277,2.959755845249589,2.818357,2.731834
[*]c1ccc(-c2nc3cc(-c4ccc5nc([*])c(-c6ccccc6)nc5c4)ccc3nc2-c2ccccc2)cc1,2.9973,4.474831296673456,3.4379324397459703,2.5958243512428285,2.380024405943358,2.394565455621758,3.6086926,3.2525299
[*]C=CC(C[*])CCC,5.7643,4.474831296673456,5.235482924189577,5.312711855952034,5.272736644955449,5.580815978944953,5.255263,5.714978
[*]C(=O)OCC(C)(C)COC(=O)N1CC(C)N([*])CC1C,5.8923,4.474831296673456,4.403283625836055,5.6632927649368385,5.569386144913819,5.953734719757579,5.773178,5.294624
[*]OC1CCC(OC(=O)NCCNC([*])=O)CC1,6.1359,4.474831296673456,4.702875373243323,5.434316345284945,5.497106119774316,5.797628169785455,5.99727,6.207778
[*]CC(=O)CO[*],5.358,4.474831296673456,5.302058868057858,5.578678897279428,5.844128403395371,5.452016753669303,5.1894865,5.715166
[*]c1cc(CCCCCCCCCCCCCCC)c([*])s1,2.4326,4.474831296673456,4.702875373243323,3.911249464379568,4.745414594491699,4.808301065116462,1.8272076,1.5098128
[*]Cc1ccc(COC(=O)CCCC(=O)O[*])cc1,5.3266,4.474831296673456,4.669587401309182,4.678804288069949,4.602634344933908,4.552366110270599,4.8469076,4.9994836
[*]C=Nc1cccc(N=Cc2ccc(Sc3ccc([*])o3)o2)c1,2.7568,4.474831296673456,4.403283625836055,2.8083412545542017,2.6479411950627973,3.1651496866539657,2.8454332,2.7926059
[*]C=Cc1ccc(C=Cc2cc([*])nc(-c3ccccc3)n2)cc1,2.736,4.474831296673456,4.3367076819677735,3.029373911766463,2.766682857228257,3.0962284797690094,2.6901073,2.3184512
[*]CCCCCCCc1nnc(CCCCc2nnc([*])o2)o1,6.4168,4.474831296673456,4.603011457440901,4.1346747958911685,4.579804939406045,5.161612230511875,4.6140738,4.721339
[*]CCOC(=O)NCCCC(CCNC(=O)O[*])OC,5.5607,4.474831296673456,4.702875373243323,6.130518758309201,5.916366797501899,5.861887005197839,6.1024637,6.0973215
[*]C=Cc1cc(CCCCCC)c([*])s1,3.3225,4.474831296673456,4.902603204848168,3.4554604360084387,3.8817760946604074,4.407747301650407,1.5105538,1.722244
[*]NS(=O)Nc1cccc([*])n1,4.2847,4.474831296673456,5.002467120650591,3.9437797300104966,3.3964018078838274,3.273212906951677,3.64907,4.1495953
[*]OC([*])C(C)C,5.7277,4.474831296673456,5.268770896123717,5.787226422748322,6.366500560621253,6.359658200238248,6.4756937,6.146694
[*]c1ccc(N2C(=O)c3ccc(C(=O)c4ccc5c(c4)C(=O)N(c4ccc6[nH]c([*])nc6c4)C5=O)cc3C2=O)cc1,2.4631,4.474831296673456,3.1050527204045615,2.759182172660637,3.129912596815697,2.756324355540257,2.8997197,3.2817788
[*]CCC(C=C1)=CC=C1O[*],4.8876,4.474831296673456,5.035755092584732,4.3944172174147695,4.194009191953258,4.0543624085293875,5.2447095,4.798218
[*]CCCCCCCCCn1c(=O)c2cc3c(=O)n([*])c(=O)c3c(Br)c2c1=O,3.5619,4.474831296673456,4.037115934560505,3.590018009178346,3.85992198256069,4.227081221871335,3.6813543,3.7945898
[*]CCCCCCSC(=O)NCCCCCCNC(=O)S[*],5.523,4.474831296673456,4.702875373243323,4.9401351707838534,5.022075744302095,5.664380520811145,5.052394,5.588737
[*]C=CC(C)C([*])C(=O)OCCCC,4.9412,4.474831296673456,4.902603204848168,5.529652089284007,5.453429235934912,5.623193157391878,5.3772807,5.811623
[*]Nc1ccc(Cc2ccc(NC(=O)c3cc(NC(=O)c4ccncc4)cc(C([*])=O)c3)cc2)cc1,3.4339,4.474831296673456,3.6043722994166743,3.0203329421794662,3.2449855948897164,3.270488148012271,3.319083,3.306205
[*]CCCNC(=O)c1cccc(C(=O)N[*])c1,4.9391,4.474831296673456,4.736163345177464,4.339466140340452,4.104081489470823,4.278850477773723,5.0769024,4.510338
[*]Oc1ccc(SSCCCCSSc2ccc([*])cc2)cc1,3.9438,4.474831296673456,4.603011457440901,2.6941406741614164,2.8904473796832932,2.791803657961702,4.006574,4.303237
[*]OC(=O)OC1COC2C([*])COC12,6.8154,4.474831296673456,4.869315232914027,5.7735634023328215,5.800489072537987,5.611639915376649,6.1407714,6.1050434
[*]c1ccc(Oc2ccc(Oc3ccc(N4C(=O)CC(=O)N([*])C4=S)cc3)cc2)cc1,3.1443,4.474831296673456,3.8373881029556607,3.4460998090452906,3.332942958013441,2.91333207957746,2.8146133,3.183144
[*]CC([*])C(=O)OCCCSCC,4.6018,4.474831296673456,5.035755092584732,5.40333029181371,5.516972938616751,5.74079302838916,5.790442,4.870938
[*]CCCCCCCCCCCCCCCCOC(=O)CC=CCC(=O)O[*],5.9927,4.474831296673456,4.469859569704337,5.771727176905202,5.679168009942087,5.6399942212704355,6.4962254,6.4919376
[*]Nc1ccc(NC(=O)c2ccc(C([*])=O)cc2)cc1,3.3019,4.474831296673456,4.503147541638477,3.721504235680565,3.409850325312603,3.4370913301129287,3.2673326,3.1922882
[*]CC([*])C=C,2.5214,4.474831296673456,5.335346839991999,5.2491840374667555,4.968061367873023,5.035754655765139,4.9828854,5.4444776
[*]Cc1cccc(CN([*])c2ccccc2)c1O,4.0853,4.474831296673456,4.769451317111605,4.0241424071090055,3.350158757132167,3.429913688781943,3.779523,4.01499
[*]c1ccc(S(=O)(=O)NCCCCCCNS([*])(=O)=O)cc1,4.9605,4.474831296673456,4.369995653901914,3.533741369449987,3.906391983995881,4.550504679750716,5.4398985,4.531302
[*]CC([*])(C)C(=O)OCC(=O)N1CCOCC1,5.178,4.474831296673456,4.669587401309182,5.462623613722923,5.527709282690397,5.646792923685514,5.963914,5.7119966
[*]NC(=O)C(C=C1)=CC=C1C(S2)=CC=C2[*],4.0152,4.474831296673456,4.56972348550676,3.3647522645133114,3.5075985058684207,3.068619303562025,3.21912,3.3880403
[*]Oc1ccc(-c2ccc(OC(=O)c3cccc(Oc4ccc(C([*])=O)cc4)c3)cc2)cc1,3.6672,4.474831296673456,3.7708121590873787,3.7321568182626903,3.277212232136082,3.179845743793824,3.783248,3.458052
[*]CC([*])c1ccc(C(=O)OCCCCCC)cc1,4.6127,4.474831296673456,4.702875373243323,4.678042819657849,4.646415142357468,4.91043212961473,4.9065514,4.8560653
[*]CC([*])N1CCCC1=O,5.5533,4.474831296673456,5.135619008387154,4.9940225075197695,5.084029776303936,5.673959153482415,5.32299,5.1386867
[*]Oc1ccc(NC(=O)c2ccc(-c3ccc(C(=O)Nc4ccc(Oc5ccc(C6(c7ccc([*])cc7)CC7CCC6C7)cc5)cc4)cc3)cc2)cc1,3.2128,4.474831296673456,2.6390211133265895,4.124870928085623,3.2776493297999423,2.557499150294768,3.5891125,3.1252906
[*]OC(=O)CCCCCCCCC(=O)OC1COC2C([*])COC12,6.4179,4.474831296673456,4.436571597770196,5.887074339259264,5.7244630652926585,5.3930377256199105,5.790325,6.329377
[*]NNC(=O)C=CC(=O)Nc1ccc(NC(=O)C=CC([*])=O)cc1,3.3960000000000004,4.474831296673456,4.236843766165351,3.6874185485244406,3.9200008414688066,3.6450208546965905,3.9241695,3.6483603
[*]CCOCCOCCOc1ccc(C=C(C)c2ccc(O[*])cc2)cc1,4.0233,4.474831296673456,4.369995653901914,4.419129999068801,4.276423866640141,3.6484939527392664,4.7687807,4.2082043
[*]c1cc(CCCC)c([*])s1,2.3242,4.474831296673456,5.069043064518873,3.678314129933547,3.812777729855153,4.309338493332499,2.3944702,2.2902098
[*]C=Cc1ccc(-c2ccc([*])s2)s1,2.1384,4.474831296673456,4.836027260979886,2.1243575067312768,2.324060209846086,2.7969875781705587,2.8596098,2.4275024
[*]C=Cc1ccc(C=Cc2nc3cc4sc([*])nc4cc3s2)cc1,1.971,4.474831296673456,4.369995653901914,1.2494692524645785,2.2306912929843805,2.569333430229844,1.3993149,1.823775
[*]c1nc2cc3nc(-c4ccc([*])o4)[nH]c3cc2[nH]1,2.2148,4.474831296673456,4.56972348550676,3.3779780018279064,2.698743409181911,3.04819547668201,3.4352536,3.5946262
[*]Oc1ccc(NC(=O)NCCCCCCNC([*])=O)cc1C,4.7799,4.474831296673456,4.536435513572618,4.626347563258932,4.555345724313318,4.890290856593131,5.32654,5.226556
[*]Nc1ccc(C([*])=O)cc1,3.7058,4.474831296673456,5.035755092584732,4.304992635605245,3.5701766240220585,3.4660687423121948,4.131953,4.0942674
[*]Oc1c(C)cc(C(=O)c2ccc([*])cc2)cc1C,4.3374,4.474831296673456,4.56972348550676,3.9965530965126836,3.6457514813224137,3.650119909181148,4.407257,4.1295485
[*]CCC[Si](C)(C)O[Si](C)(C)CCCn1c(=O)c2cc3c(=O)n([*])c(=O)c3cc2c1=O,3.5493,4.474831296673456,3.737524187153238,4.923349216678349,4.1852061942579315,4.423759416455481,3.68469,3.0631437
[*]C(=O)Oc1ccc(OC(=O)c2ccc3c(c2)C(=O)N(c2ccc(Oc4ccc(N5C(=O)c6ccc([*])cc6C5=O)cc4)cc2)C3=O)c(-c2ccccc2)c1,2.7042,4.474831296673456,2.3061413939851807,2.6554060606791974,3.301195729136233,2.906399323919389,2.7206497,2.7449198
[*]CCCC(CCNC(=O)c1ccc(C(=O)N[*])cc1)C(C)C,4.5773,4.474831296673456,4.403283625836055,4.576820844755419,4.603318760160633,4.927817486998297,4.76832,4.822195
[*]CC([*])C(=O)SC(C)CC,4.4293,4.474831296673456,5.035755092584732,5.261968486386939,5.242056269208701,5.9701442887505145,5.295238,5.0677056
[*]OC(=O)CCSc1ccc(SCCC([*])=O)cc1,4.4389,4.474831296673456,4.669587401309182,3.8095372755941996,3.9586448391201565,3.97345037728117,5.105362,4.8479786
[*]NC(CCCCNC(=O)NCCNC([*])=O)C(=O)OC,5.2079,4.474831296673456,4.56972348550676,5.756459971040497,5.386067465357032,5.42388988157877,5.250498,5.355251
[*]CCCCCCCCCCCCCCCCCCCCOC(=O)CCC(=O)O[*],6.6641,4.474831296673456,4.436571597770196,6.121636507800867,5.980822292505501,5.80826173829104,6.4680543,6.755415
C(F)(F)CC(F)(F)N,7.2397,4.474831296673456,5.1023310364530134,5.665077397839162,6.054112836505158,6.46373223269597,8.763809,8.617577
[*]Cc1ccc(Cc2ccc(CSC(=O)c3cccc(C(=O)S[*])c3)cc2)cc1,3.5655,4.474831296673456,4.070403906494646,2.698644395413394,3.0985677103535205,3.2039472250294065,3.6645644,3.6412137
[*]CCOCCOC(=O)NCCNC(=O)O[*],6.2477,4.474831296673456,4.869315232914027,6.011841406101718,5.908781451084243,5.673340700782717,5.9867105,5.8665495
[*]CCCCCOC(=O)NCC(F)(F)C(F)(F)C(F)(F)C(F)(F)CNC(=O)O[*],6.5334,4.474831296673456,3.937252018758083,6.435284451629848,5.958161788292486,5.837678694645562,5.9459343,5.442962
[*]CC([*])c1ccc(CCCCCCCCCCCCCCCC)cc1,5.0066,4.474831296673456,4.56972348550676,4.770363393989194,4.963568117995203,5.09338604452512,4.9547257,4.610987
[*]c1cccc(S(=O)(=O)NCCCCCNS([*])(=O)=O)c1,5.1469,4.474831296673456,4.403283625836055,3.512565429954894,3.8447603490713718,4.452897927039173,4.80054,4.310986
[*]C=NCCCCCCN=Cc1ccc(Sc2ccc([*])o2)o1,3.664,4.474831296673456,4.536435513572618,3.2953443463819814,3.387966840002456,3.993397108852371,2.441942,2.4442143
[*]C=CC1CC([*])C(C#N)([Si](C)(C)O[Si](C)(C)C)C1,5.602,4.474831296673456,4.403283625836055,6.119440940151063,5.277524498087418,5.906328459199131,5.814744,5.729606
[*]CC(F)(F)C(F)(F)COC(=O)NCC(F)(F)C(F)(F)C(F)(F)C(F)(F)CNC(=O)O[*],6.9345,4.474831296673456,3.5710843274825335,6.66055788598803,5.986670887097123,5.761397451480948,6.4758677,5.876332
[*]CCCN1C(=O)C2C3C=CC(C4C(=O)N([*])C(=O)C34)C2C1=O,5.4635,4.474831296673456,4.103691878428787,5.2600476671053285,4.490236732698912,4.165183826467126,3.8393095,3.6690378
[*]CCCCCCCCCCNCCCCCCN[*],5.4614,4.474831296673456,4.969179148716449,5.809387760159597,6.0772856546467775,5.353954906851667,5.8089123,5.7114983
[*]CC([*])(C)C(=O)OC1(C)CCOC(=O)C1,5.9519,4.474831296673456,4.6362994293750415,5.490930882160901,5.556272234745405,5.924199417197619,6.001965,6.120459
[*]C(=O)C(S1)=CC=C1C(=S)O[*],2.7919,4.474831296673456,4.836027260979886,3.657386680290623,3.698834305535486,3.2004358776718105,2.9860225,3.7298694
[*]c1cn([*])c2ccccc12,4.1596,4.474831296673456,5.069043064518873,4.013111788818641,2.8120332741964615,3.148677342927889,2.9194827,1.8565698
[*]CC(C=C1)=CC=C1NO[*],4.9305,4.474831296673456,5.035755092584732,4.400083543203904,4.117600814506817,3.635529210425084,5.2745113,4.969446
[*]CCCCCCSC(=O)CCCCCCC(=O)S[*],4.718,4.474831296673456,4.769451317111605,4.886450640215401,5.038280672158657,5.598215002588725,6.200922,6.1399097
[*]C(=O)Nc1ccc(C2(c3ccc(N4C(=O)c5ccc([*])cc5C4=O)cc3)CC(C)CC(C)(C)C2)cc1,2.7724,4.474831296673456,3.3713564958776883,3.9633422335043766,3.788740275567571,3.9915955396074843,3.3454876,2.65054
[*]c1cccc(Oc2ccc(S(=O)(=O)c3ccc(Oc4cccc(N5C(=O)c6ccc(-c7ccc8c(c7)C(=O)N([*])C8=O)cc6C5=O)c4)cc3)cc2)c1,3.002,4.474831296673456,2.3727173378534627,2.969217767387746,3.148812403230495,2.6794723627413437,2.428403,2.0492892
[*]CCOC(=O)c1ccccc1C(=O)O[*],5.1201,4.474831296673456,4.836027260979886,4.560126935862465,4.321670793665323,4.255989317908677,4.2389755,5.0244937
[*]c1cc(CCCCCCOC(=O)COc2ccccc2)c([*])s1,2.4829,4.474831296673456,4.469859569704337,3.427032548795478,3.970208961571493,3.5805842204211267,2.3323529,2.6924963
[*]CCCCCCNC(=O)CCCCC(=O)N[*],5.8218,4.474831296673456,4.836027260979886,5.570538965120441,5.448990915866652,5.749319561375184,5.6108093,5.639172
[*]CCSC(=O)CCCCCCC(=O)S[*],4.6706,4.474831296673456,4.902603204848168,4.801746882235029,4.8294657986961,5.548136743518677,4.43294,4.3892303
[*]CCCCC(=O)OCCCCCCOC(=O)c1ccc(O[*])cc1,4.6377,4.474831296673456,4.469859569704337,4.960019385199295,4.981941585249901,4.87255665918988,5.145615,4.605646
[*]CCCCCCCCCCCCC(=O)N[*],6.1317,4.474831296673456,4.969179148716449,5.641945157860699,5.758128668924906,5.96378884884568,6.273274,6.196958
[*]CCOCCOCCOC(=O)c1ccc(C(=O)O[*])cc1,4.285,4.474831296673456,4.56972348550676,5.050651026872806,4.98683289620579,4.434514852992115,4.7860646,4.90588
[*]CC([*])(F)C(=O)OCC(F)(F)C(F)(F)F,6.4082,4.474831296673456,4.603011457440901,6.011880776544618,6.040088092662041,5.8902623160823495,6.764586,7.0396643
[*]CC([*])C(=O)Nc1ccccc1Cl,4.7629,4.474831296673456,4.935891176782309,4.331710538484492,3.861564754498166,4.212876357029992,3.034676,2.6918316
[*]CC([*])CO,5.9849,4.474831296673456,5.36863481192614,5.710900949531024,6.581091770515455,6.3158934852845565,6.469528,6.299536
[*]Sc1ccc(-c2ccc(SC(=O)CCCCCCCCC([*])=O)cc2)cc1,3.8477,4.474831296673456,4.20355579423121,3.365593986460636,3.6206335390376156,3.942889862783888,4.258561,4.2162886
[*]CC(=O)OC(=O)[*],6.3691,4.474831296673456,5.168906980321295,5.5016063787500356,5.3878459593065156,4.998893223856008,4.559987,5.1664314
[*]OC(C)CCOC(=O)CCCCC([*])=O,6.64,4.474831296673456,4.836027260979886,5.880322888591772,5.828789057911138,5.777106117795531,6.47764,6.6926455
[*]Nc1ccc(NC(=O)CCCCCCCCC([*])=O)cc1,4.6336,4.474831296673456,4.56972348550676,4.445345837815916,4.429500393647682,4.715634374116379,4.826608,4.9252987
[*]NC(=O)C(=S)C(S1)=CC=C1[*],1.9091,4.474831296673456,4.836027260979886,3.5088935459209676,3.484403663140368,2.938047450345871,2.7075005,3.0322533
[*]C=C([*])c1cc(C(F)(F)F)oc1C(F)(F)F,2.5257,4.474831296673456,4.56972348550676,4.547783871061127,4.90824097770616,4.396365556281076,3.7227292,3.3701406
[*]Oc1ccc(C2(c3ccc(OC([*])=O)cc3)CC(C)CC(C)(C)C2)cc1,4.6079,4.474831296673456,4.037115934560505,4.708771393380668,4.33066893334407,4.534268679411332,5.0061364,4.921317
[*]Oc1ccc(C(c2ccc(OC(=O)c3ccc(C([*])=O)cc3)cc2)(C(F)(F)F)C(F)(F)F)cc1,4.1871,4.474831296673456,3.471220411680111,4.091744928827843,4.281854185978808,3.6573866400118433,3.9316654,3.4450417
[*]Oc1ccc(CC(NC(=O)CCc2ccc(OC([*])=O)cc2)C(=O)OCC)cc1,4.8337,4.474831296673456,4.003827962626365,4.346976761016449,4.33650299864642,4.132437863056674,5.024573,4.41838
[*]CCCOC(=O)c1ccc2cc(C(=O)O[*])ccc2c1,3.6779,4.474831296673456,4.536435513572618,4.2396353585700375,3.97005094899738,4.066124348612024,4.791791,3.9396422
[*]CC(OC(=O)OCC)C(COC(=O)O[*])OC(=O)OCC,6.9928,4.474831296673456,4.469859569704337,6.580917441895208,6.116950205357526,6.200854231437852,6.2304306,6.3417363
[*]NC(C=C1)=CC=C1C(=O)O[*],4.3431,4.474831296673456,4.902603204848168,4.3230110246745115,4.141153366248191,3.516507551987604,3.931211,3.5625937
[*]OC(C)CCOC(=O)CCCCCC([*])=O,6.5532,4.474831296673456,4.802739289045745,5.901498828086865,5.843107994642802,5.800261581056048,6.5174723,6.9436064
[*]C(C=C1)=CC=C1C(C=C2)=CC=C2C(C=C3)=CC=C3O[*],4.0038,4.474831296673456,4.236843766165351,3.123049776223519,3.4253339900372275,2.96032332100578,3.097347,3.8690825
[*]c1cc(CCCC(=O)OCC)c([*])[nH]1,2.4986,4.474831296673456,4.836027260979886,4.45638342817071,4.639828693782039,4.587376068937097,2.8358972,2.1413321
[*]C(=O)C1C(C)C1C(=O)N1CCN([*])CC1,5.5018,4.474831296673456,4.6362994293750415,4.639104005824104,4.98682324267897,5.179041302584403,5.3428025,5.062275
[*]CCCCCOC(=O)c1ccccc1-c1ccccc1C(=O)O[*],5.0341,4.474831296673456,4.436571597770196,3.686786411025753,3.8010659245513136,4.171831261746158,4.732786,4.409528
[*]CCOC(=O)Nc1cc(NC(=O)O[*])ccc1C,5.1042,4.474831296673456,4.669587401309182,4.690136939648216,4.507782566034877,4.7979523938696484,5.128908,5.2847023
[*]C=Cc1ccc([*])n1C,1.4458,4.474831296673456,5.135619008387154,4.165899205908165,3.4860563729261895,3.7123613598027023,1.684504,2.6666446
[*]CC(CO[*])(COCC(F)(F)F)COCC(F)(F)F,6.0009,4.474831296673456,4.56972348550676,6.503151912867052,6.522811034502911,5.869779486030795,6.5235386,6.7428365
[*]C(C=C1)=CC=C1C(S2)=CC=C2OC(=S)[*],3.0860000000000003,4.474831296673456,4.56972348550676,3.001532162565698,3.317692108101545,2.7760098620798725,2.7808888,2.962053
[*]c1ccc(Oc2ccc(-c3nnc([*])o3)cc2)cc1,3.9755,4.474831296673456,4.536435513572618,3.857186545824143,3.109151095055805,3.077106154071053,3.7641108,3.3277922
[*]C([*])(F)F,7.183,4.474831296673456,5.335346839991999,5.561288824091388,6.207611746912772,6.370548318880484,8.659386,8.266041
[*]Nc1cccc(NC(=O)c2ccc(NC(=O)c3ccc([Si](C)(C)c4ccc(C(=O)Nc5ccc(C([*])=O)cc5)cc4)cc3)cc2)c1,3.5154,4.474831296673456,2.8720369168655755,2.9876650436851278,3.3364722194380705,2.9593644415760645,3.280096,3.2407126
[*]CCCOC(=O)CCCCSCCCCC(=O)O[*],5.3428,4.474831296673456,4.769451317111605,5.552323336691459,5.614985470984417,5.581099484962757,6.120927,6.2328444
[*]CCCCCCCCc1nc2cc3sc([*])nc3cc2s1,4.3432,4.474831296673456,4.6362994293750415,2.252131983924309,3.2069630537795204,3.8742827208444677,3.7824264,4.0429053
[*]Oc1ccc(-c2ccc(Oc3ccc(C(=O)c4ccc([*])cc4)cc3)cc2)cc1,3.4073,4.474831296673456,3.970539990692224,3.6127179976431076,3.0078163205486153,2.8596402708770845,3.6988587,3.5714765
[*]CC#CC#CCOC(=O)CCCCC(=O)O[*],4.9115,4.474831296673456,4.769451317111605,5.575239270674297,5.600681336912727,5.130668349356498,5.2883377,6.0353928
[*]Oc1c(Cl)cc([*])cc1Br,4.2901,4.474831296673456,5.069043064518873,4.369959274861196,3.7993136781953365,3.1320901283333713,4.650661,4.75747
[*]CC(=O)C(S1)=CC=C1C(S2)=CC=C2[*],2.8371,4.474831296673456,4.6362994293750415,3.2879136749760844,3.471486073762209,3.1646968811081395,2.5225954,2.9468799
[*]C(=O)C(=O)c1ccc(C=C2CCC(=Cc3ccc([*])cc3)C2=O)cc1,2.8497,4.474831296673456,4.070403906494646,3.3470665788192475,3.460266773447226,3.563445991019085,2.719975,3.2122395
[*]Oc1cccc(Oc2ccc(-c3ccc([*])cc3)cc2)c1C#N,3.7031,4.474831296673456,4.369995653901914,3.8733338695323987,3.1277230894939994,3.354482230722132,3.7108915,3.335508
[*]c1ccc2c(c1)c1cc([*])ccc1n2CC1CO1,3.295,4.474831296673456,4.603011457440901,2.882209254155269,3.273851221826705,2.9721662645391667,3.4236448,3.5914176
[*]CCCCCCCCCCOC(=O)NCc1ccc(CNC(=O)O[*])cc1,5.5873,4.474831296673456,4.369995653901914,4.880720395104052,4.905435702653577,5.104208888954912,5.428097,4.891031
[*]CCCCOc1ccc(C=C2CCC(=Cc3ccc(O[*])cc3)C2=O)cc1,2.9946,4.474831296673456,4.20355579423121,3.8942342941759818,3.7428939235127743,3.7545978744820916,3.9428568,4.348633
[*]CC(CO[*])(CS(=O)(=O)CCC)CS(=O)(=O)CCC,4.8377,4.474831296673456,4.436571597770196,4.9544122517696305,4.965608194246011,6.262057294011262,5.6430616,5.427913
[*]OC(=O)CCSCCC([*])=O,4.4582,4.474831296673456,5.035755092584732,5.228756360571927,5.151363211807007,5.281012115390454,4.992844,6.153453
[*]c1ccc2cc([*])n(C(C(=O)NO)n3ccc4ccccc43)c2c1,3.9243,4.474831296673456,4.236843766165351,3.8064257490520568,3.235744173034799,2.864208903372385,3.9472885,3.50962
[*]CCC(C)CO[*],5.942,4.474831296673456,5.302058868057858,5.75325282852121,6.502225911652909,6.265362789989736,6.1368723,6.738291
[*]CC(C)C(C)COC(=O)c1ccc(C(=O)O[*])cc1,4.7188,4.474831296673456,4.503147541638477,4.810279295009451,4.766328750950027,4.881168479773874,5.1302214,5.0635786
[*]CCCOC(=O)CCCCC(=O)O[*],6.6203,4.474831296673456,4.935891176782309,5.803997415374474,5.833722161293197,5.826292598726308,6.3807483,6.2893443
[*]C(F)C([*])(F)OC(F)(F)F,8.2674,4.474831296673456,4.935891176782309,5.963813133125412,6.3485884513928905,6.282541453796516,7.9827366,8.127909
[*]CCN(CCOC(=O)c1cccc(C(=O)O[*])c1)c1ccccc1,3.2108,4.474831296673456,4.3367076819677735,3.601629365544742,3.9857128404456157,3.744175721211567,4.1707983,4.277818
[*]C(=O)c1ccc2c(c1)C(=O)N(c1cccc(Cc3ccc(C(=O)c4ccc(N5C(=O)c6ccc([*])cc6C5=O)cc4)cc3)c1)C2=O,2.9024,4.474831296673456,2.738885029129012,1.9754802865329633,3.2183058890426746,2.8346285858579687,3.1345155,2.7402797
[*]CC([*])c1ccc(CCl)cc1,3.5045,4.474831296673456,5.035755092584732,4.437090325451862,3.9160499051369246,4.261086814902941,3.3921444,4.0791907
[*]c1cc(CCCCCCCCCC2COC(c3ccccc3)O2)c([*])s1,2.7004,4.474831296673456,4.3367076819677735,3.867161078609283,4.160686207066417,3.6608799502631113,1.9798877,2.4450111
[*]Oc1c(Br)cc(C(C)(C)c2cc(Br)c(OC([*])=O)c(Br)c2)cc1Br,4.7586,4.474831296673456,4.103691878428787,3.6979080435133946,4.095662898857778,3.266828315990752,4.6914926,4.4550505
[*]CCCCNC(=O)c1cccc(C(=O)N[*])c1,5.1786,4.474831296673456,4.702875373243323,4.360642079835545,4.1784629532826765,4.417819057958061,4.850858,4.908515
[*]CC([*])c1ccc(C(=O)CCN2CCOCC2)cc1,3.3487,4.474831296673456,4.603011457440901,4.7336011732065275,4.505144805575766,4.312384644140513,2.8856392,2.9774976
[*]NC(CCC([*])=O)C(=O)OC,5.7277,4.474831296673456,4.969179148716449,5.647125996241745,5.499877603378678,5.320629433376297,6.195372,6.30698
[*]CCCCCCNC(=O)C(CCCCC)C(=O)N[*],5.7056,4.474831296673456,4.702875373243323,5.668040377832832,5.512332730704019,5.814919943970245,5.7139926,5.788699
[*]C(=O)C(C=C1)=CC=C1OC(=S)[*],3.5207,4.474831296673456,4.769451317111605,3.728558944038716,3.778690157761954,3.4003028661311894,2.9020557,3.6174774
[*]c1ccc(NC(=O)c2cc(NC(=O)c3ccc(OC(C)=O)cc3)cc(C(=O)Nc3ccc(-c4nnc([*])o4)cc3)c2)cc1,3.3971,4.474831296673456,3.005188804602139,3.1276609742313015,3.4436277963942095,3.4323644052064393,3.3872523,3.0420623
[*]c1ccc([*])n1C(=O)NO,2.3343,4.474831296673456,5.035755092584732,4.556209925232176,4.213346447192267,3.528656038505876,3.2124376,2.5492675
[*]c1ccc(-c2nc3ccc(-c4ccc5nc([*])sc5c4)cc3s2)cc1,3.0008,4.474831296673456,4.1702678222970695,1.6203189716074409,2.167638292226862,2.256645858260786,2.97084,2.6972246
[*]CCCCCCCCNC(=O)CCCCCCCCCCCCCCCCCCC(=O)N[*],5.9081,4.474831296673456,4.303419710033633,5.909353997041927,5.744099540001081,5.5856485158947935,6.04385,6.0271683
C(F)(F)C(F)(F)CC(C=C1)=CC=C1,5.0765,4.474831296673456,4.702875373243323,4.398076873655977,4.724307035559319,4.237370936358435,4.531158,4.001162
[*]c1sc([*])c2c1OCC(CCCCCC)O2,2.9744,4.474831296673456,4.802739289045745,4.142404775486135,4.569128752652823,4.468205502409727,2.6217377,1.7169981
[*]Oc1ccc(CC(NC(=O)CCc2ccc(OC(=O)CCC([*])=O)cc2)C(=O)OCCCCCC)cc1,5.1694,4.474831296673456,3.6376602713508155,4.418135818952706,4.546409061057186,4.30802820936415,4.547708,4.0930314
[*]NC(C=C)CC([*])=O,5.4216,4.474831296673456,5.135619008387154,5.220129723716683,4.846619057704281,4.505955239659066,5.344344,5.8263874
[*]OC(F)(F)OC(F)(F)C([*])(F)F,9.68,4.474831296673456,4.802739289045745,6.200760876242613,6.466065245889089,6.186363070806321,9.078681,7.694727
[*]CCCCCCNC(=O)CC(=O)N[*],5.6604,4.474831296673456,4.935891176782309,5.507011146635163,5.343594978675785,5.6770957164287825,5.7324114,5.94275
[*]CCOCCOCCOCCOC(=O)NCCCCCCNC(=O)O[*],6.1368,4.474831296673456,4.536435513572618,6.531919721370224,6.2215626479957145,5.463213682099786,5.9123735,5.9228773
[*]Oc1ccc(S(=O)(=O)c2ccc(-c3ccc(S(=O)(=O)c4ccc([*])cc4)cc3)cc2)cc1,3.7659,4.474831296673456,3.5710843274825335,2.512233429579182,2.946464492707169,3.0675239598439665,3.4000974,3.1056576
[*]c1cc(-c2ccc(OCCCCCC)cc2)c([*])s1,2.5288,4.474831296673456,4.603011457440901,3.542689761117562,3.6530881451149777,3.687355479538244,3.1871662,2.7356439
[*]OP(=O)(Oc1ccc(C(C)(C)c2ccc([*])cc2)cc1)c1ccccc1,4.5348,4.474831296673456,4.103691878428787,3.421866438405277,3.5722967515441404,3.3472741218660778,4.2817564,4.3105664
[*]Oc1ccc(S(=O)(=O)c2ccc(Oc3ccc(-c4ccc([*])cc4)cc3)cc2)cc1,3.9365,4.474831296673456,3.8373881029556607,3.1780917029552356,2.961611479651709,2.932082229040188,4.002584,3.7008827
[*]c1ccc(N2C(=O)c3ccc(Oc4ccc5c(c4)C(=O)N([*])C5=O)cc3C2=O)cc1,3.4482,4.474831296673456,3.737524187153238,3.6715994637793044,3.3386404792794817,3.061984213616768,3.546014,3.284501
[*]OC(CCl)CC([*])=O,6.7664,4.474831296673456,5.168906980321295,5.639370394385786,5.7343008354516325,5.559798342759182,6.3953595,6.2853055
[*]C(=O)c1ccc2c(c1)C(=O)N(c1cc(C(=O)O)cc(N3C(=O)c4ccc([*])cc4C3=O)c1)C2=O,3.6938,4.474831296673456,3.3380685239435475,3.093920895235406,3.6085351669564787,3.5250149514267335,2.659305,2.6276207
[*]CCCCCCCCCNC(=O)c1cccc(C(=O)N[*])c1,4.7508,4.474831296673456,4.536435513572618,4.466521777311009,4.482750759785714,4.820696117895325,4.809232,4.6885543
[*]c1ccc2ccc3c([*])cc(C#CC#C[Si](C)(C)C)c4ccc1c2c34,2.3122,4.474831296673456,4.1702678222970695,4.220049547196204,3.3079229932844925,3.0190150661863644,3.1858306,3.3878117
[*]OC1CCC(OC([*])=O)CC1,7.1614,4.474831296673456,5.002467120650591,5.394176514760605,5.723542166547455,5.995933509069085,6.461919,7.060149
[*]CCN1C(=O)C(=CC=C2SC(=S)N([*])C2=O)SC1=S,2.3105,4.474831296673456,4.369995653901914,2.5917700136883726,3.374336286336601,3.1520911425057805,3.518731,3.5350313
[*]CC([*])OCc1ccccc1,5.0748,4.474831296673456,5.1023310364530134,4.572910167494479,4.049655012871739,4.179189528510161,3.8485913,4.78558
[*]Nc1cccc2c(NC(=O)c3cccc(C([*])=O)c3)cccc12,3.1281,4.474831296673456,4.303419710033633,3.519173816488226,3.1362554101949622,3.2737050905231118,4.290329,4.115126
[*]CC([*])C(=O)OCCSCC#N,5.2325,4.474831296673456,5.002467120650591,5.2628536360101155,5.27393647752886,5.664668341693759,5.174943,5.402123
[*]c1ccc([*])s1,1.5514,4.474831296673456,5.268770896123717,3.5384608382309706,2.624923816019934,3.011385664801119,1.6654449,2.734891
[*]c1ccc(Cc2ccccc2-n2c(=O)c3cc4c(=O)n([*])c(=O)c4cc3c2=O)cc1,2.4833,4.474831296673456,3.7708121590873787,2.8330943404040108,2.828932547462577,2.8704253235728143,2.4927287,2.27697
[*]CCCCCNC(=O)c1cccc(C(=O)N[*])c1,4.855,4.474831296673456,4.669587401309182,4.3818180193306375,4.247714660969574,4.531334205851449,4.829435,4.6677437
[*]c1ccc([*])n1C(C(=O)NO)n1ccc2ccccc21,2.3998,4.474831296673456,4.503147541638477,3.1736094558762518,3.438143355224852,3.070926581267034,2.8948722,3.022152
O([*])C(=O)Oc1c(C)cc(cc1)C(C)(C)c1cc(C)c(cc1)([*]),5.0649,4.474831296673456,4.103691878428787,3.9827568211231377,4.365627975172159,4.287686746433657,4.3186584,4.522141
[*]c1ccc([*])c(C)n1,5.1028,4.474831296673456,5.135619008387154,4.37987102785212,3.7712411092136704,3.75193648312546,4.829084,4.928654
[*]N1CCC(CCc2ccc(N3C(=O)c4ccc(N5C(=O)C(=O)N([*])C5=O)cc4C3=O)cc2)CC1,3.0606,4.474831296673456,3.504508383614252,4.280583300286491,3.8860891773004607,3.7621175588011506,2.7708573,2.5733542
[*]CCNC(=O)CCCCCCC(=O)N[*],5.7102,4.474831296673456,4.902603204848168,5.528187086130256,5.381920774017919,5.711281000348711,5.4720287,5.7030582
[*]C(F)(F)C1(F)C(F)(F)C([*])(F)C1(F)F,6.9783,4.474831296673456,4.536435513572618,5.5159755689763905,5.917028049589916,5.966159233221172,7.5764065,7.314643
[*]CCCCOC(=O)Nc1ccc(Cc2ccc(NC(=O)O[*])cc2)cc1,4.2876,4.474831296673456,4.270131738099492,4.178054732463794,4.067907747340033,4.3831974745037545,5.1614676,4.575752
[*]NNC(=O)c1ccc(C([*])=O)cc1OCCCCCCCCCC,3.4755,4.474831296673456,4.469859569704337,4.663033116459983,4.687865275679454,4.702857029614948,4.6127234,4.1226892
[*]Oc1cccc(C(=O)c2ccc(Oc3ccc(C(=O)c4ccc([*])cc4)cc3)cc2)c1,4.1531,4.474831296673456,3.8373881029556607,3.355698979894253,3.1695166136022923,2.9293663218605324,3.803914,3.620639
[*]Oc1ccc(S(=O)(=O)c2ccc(Oc3ccc(Sc4ccc([*])cc4)cc3)cc2)cc1,4.0112,4.474831296673456,3.8373881029556607,2.6405914275772933,2.893503446099479,2.7116160747872753,4.045059,3.7246094
[*]CCCCCCCCCCC(Cl)C([*])Cl,6.9183,4.474831296673456,4.969179148716449,5.750030586833304,5.924008509806198,5.968816347332841,6.958198,7.075444
[*]CCc1cnc([*])cn1,4.0835,4.474831296673456,5.168906980321295,4.315396038904511,3.890626324693229,4.282205425878839,5.9296246,5.4362125
[*]CCCOc1ccc(C(=O)OC(=O)c2ccc(O[*])cc2)cc1,4.3065,4.474831296673456,4.369995653901914,4.257353722559037,4.072253063785578,3.9251575787840483,4.8493323,4.637623
[*]CCCCCOc1cccc(C(=O)OC(=O)c2cccc(O[*])c2)c1,3.9498,4.474831296673456,4.303419710033633,4.299705601549223,4.177978534406435,4.108846116799857,4.840236,4.51513
[*]OC1(C)CCC([*])CC1CCCCCCCC,5.4197,4.474831296673456,4.836027260979886,5.520470683319062,5.937129333522655,6.119275931228797,6.340895,6.625153
[*]CCCCCc1nnc([*])o1,6.3448,4.474831296673456,5.1023310364530134,4.500989945963001,4.636832439048446,5.352427344547691,5.800498,5.8308125
[*]CC1(CO[*])CC=CCC1,5.2922,4.474831296673456,5.1023310364530134,5.009532121225728,5.238909994674858,5.423585613566459,6.2336717,5.9094915
[*]CC([*])C(=O)OCC(C)C,6.1213,4.474831296673456,5.035755092584732,5.773681722704208,5.86557516620997,6.098021272957721,6.2880845,6.016048
[*]c1cccc(-n2nc(-c3ccccc3)c3cc(Oc4ccc5c(-c6ccccc6)nn([*])c(=O)c5c4)ccc3c2=O)c1C#N,3.5145,4.474831296673456,3.0717647484704207,2.5122541296273484,2.7465394302652686,2.9588176853359838,3.1398478,2.7844748
[*]Oc1ccc([*])cc1,4.1373,4.474831296673456,5.202194952255436,4.509382349009201,3.556476367487666,3.3145940799156137,4.721379,3.8514843
[*]C1C(=O)N(c2ccc(C)cc2)C(=O)C1[*],4.3143,4.474831296673456,4.6362994293750415,4.396489497042881,4.064775045490857,4.298606797761518,4.1705384,4.0342207
[*]CC(CO[*])(CS(=O)(=O)C(C)C)CS(=O)(=O)C(C)C,5.6621,4.474831296673456,4.303419710033633,5.06471131921404,5.028847851146781,6.425765833827382,5.068586,5.7154236
[*]CC(=O)CC(=S)[*],2.8429,4.474831296673456,5.168906980321295,4.835733682273976,4.3168227614872485,4.842794471441987,2.542963,2.9942107
[*]CC(CO[*])(CS(=O)(=O)CCCCC)CS(=O)(=O)CCCCC,5.5275,4.474831296673456,4.303419710033633,5.039116009750002,5.087723622441683,6.156142375183917,5.262743,5.7704735
[*]CCCOC(=O)CCCCCCCCCCCCCCCCC(=O)O[*],6.6892,4.474831296673456,4.536435513572618,6.058108689315588,5.962100457623935,5.855199348682925,6.632143,6.0341654
[*]CCCCNC(=O)CCCCCCCCCCCCCCCCC(=O)N[*],6.0162,4.474831296673456,4.503147541638477,5.78229836007137,5.6659825512596145,5.691341401670791,5.6720657,5.8442736
[*]OC(=O)c1ccc(C(C)(C)c2ccc(C([*])=O)cc2)cc1,4.402,4.474831296673456,4.303419710033633,4.016981990695682,3.93055353193919,4.0554874974291275,4.7099237,4.376446
[*]CCCCCCCC(=O)OC1COC([*])OC1,6.4879,4.474831296673456,4.802739289045745,5.6753916118899514,5.9855544258025954,5.744045330998027,6.5715284,6.5981646
[*]C(=O)c1cccc(C(=O)c2ccc3c(c2)C(=O)N(c2ccc(Oc4ccc(N5C(=O)c6ccc([*])cc6C5=O)cc4)cc2)C3=O)c1,2.6364,4.474831296673456,2.738885029129012,2.6580469088314853,3.265595858337384,2.8866375901397037,3.5099773,3.0118582
[*]CCCCCCCCCCOC(=O)CCCCCCCCCCCCCCCCC(=O)O[*],6.5222,4.474831296673456,4.303419710033633,6.206340265781238,6.001416310875223,5.734845398192316,6.554089,6.561183
[*]CC(COCCOCCOC)O[*],5.1377,4.474831296673456,5.1023310364530134,6.342786845968135,7.09098674025538,5.704921799707623,6.1028423,5.5896125
[*]CCOCCOCCOC(=O)CCCCC(=O)O[*],6.3231,4.474831296673456,4.769451317111605,6.2181960331675175,6.1916902698101755,5.558984185993923,6.400788,6.542552
[*]Nc1ccc(NC(=O)c2c(F)c(F)c(C([*])=O)c(F)c2F)cc1,3.4551,4.474831296673456,4.1702678222970695,3.9128040758116347,4.050750177441561,3.382434224069843,3.4389052,4.2319384
[*]CCCCCOc1ccc(CCc2ccc(O[*])cc2C)cc1,4.9545,4.474831296673456,4.56972348550676,4.299691178449217,4.042844936254236,4.011694834998583,4.763502,4.6842594
[*]C(c1ccccc1)C([*])(C#N)C#N,2.8691,4.474831296673456,4.836027260979886,4.2904483421630975,4.066149997658954,4.760325179810156,4.391163,4.6952887
[*]CCCS(=O)(=O)CCCS(=O)(=O)CCCOC(=O)c1ccccc1C(=O)O[*],4.968999999999999,4.474831296673456,4.003827962626365,3.7273127648837727,4.335724242326334,5.043287930185432,4.084469,4.560462
[*]CCCCCCSCCCCS[*],4.9969,4.474831296673456,5.168906980321295,4.955891919293813,5.162223484188514,5.597301188937118,5.195194,4.6094003
[*]CC([*])N,5.2683,4.474831296673456,5.401922783860281,5.541231875666276,5.902233752919724,6.4637626971490825,6.755583,6.1714673
[*]C#Cc1sc(C#Cc2ccc([*])nc2)c([N+](=O)[O-])c1[N+](=O)[O-],2.3098,4.474831296673456,4.270131738099492,1.350317300828526,3.3773530544114387,4.20393601290594,1.8191929,1.8887577
[*]c1ccc(-c2ccc(-c3ccc([*])s3)s2)[nH]1,2.0469,4.474831296673456,4.603011457440901,2.072606490502043,2.357722694419166,2.532212281323285,1.7039325,1.8628907
[*]OC(C)CCCC(C)C([*])=O,6.5048,4.474831296673456,5.002467120650591,5.794857662199301,5.882479761472746,6.009725597979194,5.953799,6.568966
[*]c1ccc(-c2ccc(-c3ccc(-c4cc(-c5ccccc5)c5cc(-c6ccc7nc([*])cc(-c8ccccc8)c7c6)ccc5n4)cc3)cc2)cc1,3.176,4.474831296673456,2.6390211133265895,2.8658579835596956,2.3914577727536073,1.9253622902555607,3.5363503,3.124051
[*]Oc1ccc(C(C)(C)c2ccc(OC([*])=O)c(Cl)c2)cc1Cl,4.8941,4.474831296673456,4.303419710033633,4.272095550884192,4.1028221837625605,4.041221057285694,4.937622,4.79638
[*]CCc1nnc([*])n1N,6.022,4.474831296673456,5.168906980321295,4.418120194161786,4.3499635675204384,4.849292444563724,5.6301584,5.2153673
[*]c1ccc(Nc2cccc(-n3c(=O)c4cc5c(=O)n([*])c(=O)c5cc4c3=O)c2)cc1,1.9399,4.474831296673456,3.704236215219097,2.8865379819731225,2.875135737167315,2.754228925479863,2.7919624,2.5002098
[*]NC(CC(=O)OCCc1ccccc1)C([*])=O,5.2552,4.474831296673456,4.702875373243323,4.5091352142052,4.362260646764206,4.06316533152793,4.952107,4.8957257
[*]CCC(C)=C([*])Cl,5.0903,4.474831296673456,5.202194952255436,5.309875534573115,5.119344613325104,5.340540382829369,5.4597044,5.5161285
[*]CC(=O)C1CCC([*])C1=O,4.8678,4.474831296673456,5.002467120650591,4.911283663201243,4.980229307101711,5.614163716469572,4.8701744,5.6929336
[*]c1ccc(SSc2ccc(-n3c(=O)c4cc5c(=O)n([*])c(=O)c5cc4c3=O)cc2)cc1,2.0072,4.474831296673456,3.6709482432849563,2.186940043362122,2.7019538132337457,2.4624282787704983,3.4650636,2.5422447
[*]NC(COC(C)=O)C([*])=O,5.5104,4.474831296673456,5.002467120650591,5.625950056746652,5.463725767966887,5.165116122202842,4.9438486,5.8491783
[*]c1[nH]c([*])c2c1CCCCC2,2.9389,4.474831296673456,5.035755092584732,4.310511162093373,3.9875146364858076,4.598304827555006,1.931979,2.057027
[*]NC1CCC(CCC2CCC(NC(=O)CCCCCCCCCCC([*])=O)CC2)CC1,5.6277,4.474831296673456,4.103691878428787,5.506326199885322,5.411655208800119,5.350405952821849,5.544069,5.093252
[*]CCCCCCCCc1nnc(-c2cccc(-c3nnc([*])o3)c2)o1,4.3961,4.474831296673456,4.303419710033633,4.1134443999777766,3.7882410144583094,4.40672194026499,4.876689,4.220769
[*]Oc1ccc(CC(C#N)(C#N)Cc2ccc([*])cc2)cc1,4.9665,4.474831296673456,4.436571597770196,3.9325255951374642,3.817141883144214,4.163355042005165,4.54887,4.2973723
C(F)(F)C(C=C1)=CC=C1C(F)(F)C(C=C2)=CC=C2,4.0006,4.474831296673456,4.303419710033633,3.6651498374016604,4.166582012959905,3.637798600279522,3.766211,4.118827
[*]c1ccc(Oc2ccccc2-n2c(=O)c3cc4c(=O)n([*])c(=O)c4cc3c2=O)cc1,2.6756,4.474831296673456,3.7708121590873787,2.9872538005628004,2.8962715585955574,2.8775244235245125,2.597465,2.351086
[*]C(=O)Nc1cccc(NC(=O)c2ccc3c(c2)C(=O)N(c2cc(-c4nc5ccccc5o4)cc(N4C(=O)c5ccc([*])cc5C4=O)c2)C3=O)n1,2.7885,4.474831296673456,2.505869225590026,2.4388737501770894,3.1856930941465196,3.1715683664607655,3.3025208,2.7893293
[*]Nc1ccc([*])cc1N,4.1618,4.474831296673456,5.168906980321295,4.387731479923771,3.2785192172874,3.4073805616366535,3.8963444,3.821289
[*]c1cc(-c2sc(-c3cc(CCCC)c([*])s3)cc2CCCC)c2cccccc1-2,1.9953,4.474831296673456,4.003827962626365,2.259600501391681,2.9853879959477174,3.0014781094065572,1.1427779,1.9824452
[*]CC([*])OC(=O)C(F)(F)F,6.7735,4.474831296673456,4.969179148716449,5.784691867164476,5.987431310756856,5.800900257379464,6.1695986,6.980719
[*]CCCC(=O)[*],5.3922,4.474831296673456,5.302058868057858,5.4245194371206376,5.467029941050683,5.753777710779802,5.89119,5.4735274
[*]C=C([*])c1ccc2ccc3cccc4ccc1c2c34,1.9286,4.474831296673456,4.603011457440901,3.5372334421215306,2.23184981968007,2.922652041691574,1.3274477,2.33232
[*]COc1ccc(C(=O)OC(=O)c2ccc(O[*])cc2)cc1,4.4348,4.474831296673456,4.436571597770196,4.215001843568851,3.9547803186512924,3.664325852087327,4.735671,3.7964294
[*]OC1OC([*])C2CCCCC12,6.1024,4.474831296673456,5.035755092584732,5.5211410610495415,5.705219863829983,5.869069223332448,5.7691574,6.09679
[*]C1CC(C)(C)OC1[*],5.8132,4.474831296673456,5.135619008387154,5.329887227863227,5.787349447914616,6.2346896385545145,6.7613015,6.3104057
[*]Cc1ccc(Cc2ccc(CSC(=O)c3ccccc3C(=O)S[*])cc2)cc1,3.472,4.474831296673456,4.136979850362928,2.643494861691189,2.987481619113512,3.2039472250294065,3.8444614,3.9174488
[*]Sc1ccc(-c2ccc(SC(=O)CCCCCCC([*])=O)cc2)cc1,4.0264,4.474831296673456,4.270131738099492,3.3232421074704503,3.4954565177124888,3.8221276468118277,4.2660904,4.3329477
[*]Nc1cccc(NC(=O)Cc2cc(CC([*])=O)c(C)cc2C)c1,4.5068,4.474831296673456,4.303419710033633,3.8613575273831415,3.796949262298671,3.8865812013089007,4.5813875,4.6993976
[*]c1sc(-c2cc(SCC(C)CC)c([*])s2)cc1SCC(C)CC,1.5342,4.474831296673456,4.3367076819677735,2.09401540243734,3.6023996041672617,3.6674488292351333,1.10161,2.7904134
[*]C(=NCCCCCC)N([*])CCCCCC,4.2986,4.474831296673456,4.902603204848168,5.548601557213249,5.509647613069214,5.995831597093739,5.340541,5.063235
[*]OC1CCC(C=C)CC1[*],5.6074,4.474831296673456,5.1023310364530134,5.009532121225728,5.238909994674858,5.505439883474519,6.4000254,6.1351237
[*]c1ccc(-c2ccc(-n3c(=O)c4cc5c(=O)n([*])c(=O)c5c(C(F)(F)F)c4c3=O)cc2C(F)(F)F)c(C(F)(F)F)c1,2.7665,4.474831296673456,2.772173001063153,3.623707531336392,3.9195897541398548,3.368406344056156,2.9062319,3.0695977
[*]C=C([*])CNS(=O)(=O)Cc1ccccc1,4.3099,4.474831296673456,4.736163345177464,3.647512646992266,3.495601325227776,3.922765722269509,2.8380263,3.2787259
[*]c1ccc(-c2csc(-c3nc([*])cs3)n2)cc1,3.2084,4.474831296673456,4.56972348550676,2.1697352740629112,2.47161404216362,2.58341833744042,3.203751,3.0449097
[*]CC([*])CCCC1CCCCC1,6.5685,4.474831296673456,5.069043064518873,5.205281991962604,5.681782204327989,6.175951852961478,6.563818,6.011026
[*]C(=O)c1ccc2c(c1)C(=O)N(c1ccc(C(=O)Nc3ccc(N4C(=O)c5ccc([*])cc5C4=O)cc3)cc1)C2=O,2.5101,4.474831296673456,3.0717647484704207,2.3284719230267097,3.3097217040890867,3.1354786075240497,2.6785588,2.6074033
[*]NC(C)(C)CC([*])=O,5.5437,4.474831296673456,5.1023310364530134,5.582836709344368,5.503780788868198,5.714624487341851,5.8544264,5.5108423
[*]CCC(F)(F)C([*])(F)F,8.6322,4.474831296673456,5.035755092584732,5.748041329503304,6.1764359048598285,6.271268967390664,8.290287,7.5546184
[*]C(=O)c1ccc2c(c1)C(=O)N(c1cccc(Nc3ncnc(Nc4cccc(N5C(=O)c6ccc([*])cc6C5=O)c4)n3)c1)C2=O,2.5005,4.474831296673456,2.8720369168655755,1.9723812724791348,3.2407415450086487,2.7494454310942666,2.7707362,2.6720004
[*]CC([*])(C)C(=O)OCCCCn1c2ccccc2c2ccccc21,3.7221,4.474831296673456,4.369995653901914,3.9391146691163548,3.8249945199918898,4.018412354063153,4.021065,3.368554
[*]CC(F)(F)C(F)(F)C(F)(F)COC(=O)CSCSCC(=O)O[*],4.99,4.474831296673456,4.236843766165351,5.522091742322705,5.628688123347019,5.175978723755223,4.654734,6.480809
[*]Oc1cccc(Oc2cccc([*])n2)c1,4.5072,4.474831296673456,4.836027260979886,4.099782267767979,3.449430712846608,3.2016511820316484,4.6270905,4.412846
[*]C(=O)c1ccc2c(c1)C(=O)N(c1ccc(-c3ccc(N4C(=O)c5ccc([*])cc5C4=O)cc3C)c(C)c1)C2=O,2.8171,4.474831296673456,3.1050527204045615,2.656150088203728,3.3268896434804307,3.2423930461289734,2.7749314,2.6483119
[*]Oc1ccc(-c2ccc(OC(=O)Nc3cccc(P(=O)(c4ccccc4)c4cccc(NC([*])=O)c4)c3)cc2)cc1,4.1088,4.474831296673456,3.238204608141125,3.5082590178103152,3.124700465546353,3.0213901923578206,3.152421,3.266937
[*]C(=O)c1ccc(N([*])CCCCCCCC)cc1,3.6683,4.474831296673456,4.702875373243323,4.529549685288193,4.462617448875938,4.695868063804262,5.122514,4.638247
[*]CCC(C)C([*])C,6.6239,4.474831296673456,5.235482924189577,5.654242902084626,6.037273668299135,6.435843237636214,6.773102,6.0449038
[*]CC(=O)Nc1ccc(Oc2ccc(Oc3ccc(NC(=O)CN4C(=O)c5ccc(C(=O)c6ccc7c(c6)C(=O)N([*])C7=O)cc5C4=O)cc3)cc2)cc1,2.3703,4.474831296673456,2.4060053097876035,3.4548637925162335,3.506706489176859,3.210166993815866,3.0579214,3.0651722
[*]CC(OC(=O)C(=O)OCC)C(COC(=O)O[*])OC(=O)C(=O)OCC,4.9152,4.474831296673456,4.136979850362928,6.469124283826609,5.78764224294653,5.948716508096398,6.272693,6.2942877
[*]CCCCCCCCCOc1ccc(C=CC=Cc2ccc(O[*])c(C)c2)cc1C,3.57,4.474831296673456,4.20355579423121,3.8879573848261133,4.0824183804749525,4.128730696191928,3.7376761,3.499153
[*]c1cc(COCCCCCCCCOc2ccc(-c3ccc(OC)cc3)cc2)c([*])s1,2.2969,4.474831296673456,4.070403906494646,3.6181168635484755,3.8553142544070895,3.1477082220784802,2.1796103,3.3899634
[*]OC(C)CCCCC([*])=O,6.4216,4.474831296673456,5.1023310364530134,5.718532188982003,5.8990214665795015,5.933895775041608,6.4995127,6.1105213
[*]Oc1cccc2c(OC3(F)C([*])(F)C(F)(F)C3(F)F)cccc12,3.8599,4.474831296673456,4.1702678222970695,4.965481236495478,4.6691797237182815,3.641364084360718,5.0557003,5.042592
[*]CC(C#N)(C#N)CC(C#N)(C#N)C(C#N)C(C#N)(C#N)[*],6.9871,4.474831296673456,4.20355579423121,5.2431171330017925,5.147371338711457,7.4870854158381075,6.7418976,6.199327
[*]c1cc(C=NC(=S)Nc2ccc(-n3c(=O)c4cc5c(=O)n([*])c(=O)c5cc4c3=O)cc2)ccc1Cl,2.0258,4.474831296673456,3.4046444678118295,2.0437549433844557,2.835805777170606,2.90873860028397,2.1838784,2.0314953
[*]CNCC(S1)=CC=C1[*],4.6406,4.474831296673456,5.1023310364530134,4.17475181929702,3.804494329294792,3.6654492979459046,4.1421056,4.4405217
[*]CC(S1)=CC=C1C(C=C2)=CC=C2C(S3)=CC=C3[*],3.3637,4.474831296673456,4.369995653901914,2.826545788568544,3.18803161632101,2.7202172875174866,2.9455872,2.8512168
[*]c1nnc(C2CCCC([*])C2)o1,6.2323,4.474831296673456,4.935891176782309,4.60603150744475,4.586692587245625,5.494222966706356,3.6523623,3.8730423
[*]CCCCC(=O)NCCCCCCNC(=O)CCCO[*],5.7813,4.474831296673456,4.702875373243323,5.809402183259603,5.68906487532348,5.591113263855428,5.92169,5.4044485
[*]CC(C)OC(=O)Nc1cc(NC(=O)O[*])ccc1C,5.296,4.474831296673456,4.56972348550676,4.766462412865514,4.6283895755538,5.018775243962047,4.796808,4.574202
[*]COC(=O)OCC1OC(OCC)(OCC)OC1[*],6.3214,4.474831296673456,4.702875373243323,6.214195465583618,6.369092375646988,5.725503389559334,6.4001265,6.8050375
[*]c1ccc(-c2cnc3cc(S(=O)(=O)c4ccc5nc([*])cnc5c4)ccc3n2)cc1,3.1285,4.474831296673456,3.8373881029556607,2.4588430919784177,2.7092358362479216,2.8910042236781437,2.8376858,2.825966
[*]C1OCOC(C([*])(F)F)C1(F)F,7.1866,4.474831296673456,4.869315232914027,5.620196994430881,6.160144067932993,5.996447687436643,6.8623323,7.550057
[*]CC(C)(COC(=O)NCCCCCCNC(=O)O[*])C(=O)O,5.9742,4.474831296673456,4.436571597770196,6.150947652492199,5.728232339036211,6.155481801845964,6.034899,6.046179
[*]OC(CCOc1ccccc1)CC([*])=O,3.7197,4.474831296673456,4.869315232914027,4.713524927609154,4.526709202362626,4.241480429619405,4.993787,5.122439
[*]CCCC(C)CCC(=O)N[*],6.0143,4.474831296673456,5.069043064518873,5.591214994107441,5.613221795528936,6.018498921681136,6.1949615,6.0126643
[*]C(OC)=C(OC)c1ccc([*])cc1,3.0807,4.474831296673456,4.869315232914027,4.572163122182385,4.311557026304151,3.8072442037730987,4.646626,4.531842
C([*])C(C#N)(C(=O)OCC(C)OCC=C)([*]),4.873,4.474831296673456,4.603011457440901,5.751135373796004,5.503460049157727,5.558897538389186,5.909564,5.5932484
[*]c1ccc(C(c2ccccc2)c2ccc(N3C(=O)c4ccc(S(=O)(=O)c5ccc6c(c5)C(=O)N([*])C6=O)cc4C3=O)cc2)cc1,2.9105,4.474831296673456,2.772173001063153,2.1251577330191234,3.1011248494549637,2.7866808968547456,2.505506,2.625218
[*]NC(CCC(=O)OCCCC)C([*])=O,5.1073,4.474831296673456,4.869315232914027,5.710653814727024,5.589471282442685,5.544513312389607,5.651276,5.9156113
[*]CCCCCCCCCCCCOC(=O)c1ccc2cc(C(=O)O[*])ccc2c1,3.7135,4.474831296673456,4.236843766165351,4.430218814025873,4.445060561969953,4.646779965211809,4.464438,4.6125894
[*]CC(C)(C)COC(=O)Nc1ccc(Cc2ccc(NC(=O)O[*])c(C)c2)cc1C,4.537,4.474831296673456,3.970539990692224,4.407031152115687,4.378650672981436,4.845696681888045,4.5783057,3.939263
[*]C(=O)c1ccc2c(c1)C(=O)N(c1ccc(OCCOc3ccc(N4C(=O)c5ccc([*])cc5C4=O)cc3)cc1)C2=O,2.4765,4.474831296673456,3.1383406923387023,2.7505489150747326,3.4553447574914316,2.877733236953185,3.0772653,3.2213655
[*]CCCCOC(=O)NCCCCNC(=O)O[*],5.6662,4.474831296673456,4.836027260979886,5.878857885438021,5.763239634487226,5.926643400868657,6.159329,6.392905
[*]CC([*])C(=O)N(O)c1ccc(C)cc1,4.2901,4.474831296673456,4.769451317111605,4.654154921188816,4.42973972360268,4.53086230468707,4.4063215,4.198661
[*]CCCCCOC(=O)NCCSCCSCCNC(=O)O[*],5.2197,4.474831296673456,4.669587401309182,5.269630030596526,5.322305260812246,5.3213283047820035,4.9098587,5.4898095
[*]CCCCCOc1ccc(OCCCCCc2nnc(-c3ccc(-c4nnc([*])o4)cc3)o2)c(C)c1,2.9539,4.474831296673456,3.737524187153238,4.279948481824625,3.909407958196807,3.882246676220978,4.3985124,4.2241187
[*]CCCCCCCCCCOC(=O)c1ccc(NC(=O)O[*])cc1,4.6391,4.474831296673456,4.469859569704337,4.8115262508296395,4.834903430464678,5.166759081333884,4.982607,4.910368
[*]CC(CC)(C(=O)O[*])c1ccccc1,5.3472,4.474831296673456,4.836027260979886,4.593339061677478,4.389690586716592,4.530896525709138,5.064538,5.1455793
[*]CS[*],5.2585,4.474831296673456,5.501786699662704,5.101686300501364,4.463964884796979,6.14750886533543,4.6074743,5.927166
[*]Oc1ccc(Oc2ccc(OC(=O)c3cccc(C([*])=O)c3)cc2)cc1,3.2894,4.474831296673456,4.136979850362928,3.833878449216536,3.543929385548946,3.356981123248741,4.5278354,4.0717435
[*]c1ccc(Oc2ccc(-n3c(=O)c4cc5c(=O)n([*])c(=O)c5cc4c3=O)cc2)cc1,2.3618,4.474831296673456,3.704236215219097,3.035031116342778,2.963865658158398,2.8775244235245125,2.5936372,2.4413629
[*]CC(O[*])C(C)C,5.7684,4.474831296673456,5.235482924189577,5.808402362243415,6.35152238691971,6.347217059897796,5.9545007,5.827932
[*]OC(=O)c1ccc(CCCc2ccc(C([*])=O)cc2)cc1,4.4456,4.474831296673456,4.436571597770196,3.9066829232512723,3.7452811729042432,3.8612417405755264,4.5522776,4.232734
[*]Oc1cccc(NC(=O)c2ccc([Si](C)(C)c3ccc(C([*])=O)cc3)cc2)c1,3.8551,4.474831296673456,3.937252018758083,4.058917179340164,3.5737892352569602,3.220884184037043,4.5505767,4.0821934
[*]Oc1ccc(C(C)(C)c2ccc(OC(=O)SCCCSC([*])=O)cc2)cc1,4.9443,4.474831296673456,4.103691878428787,3.58308953550807,3.9828041241973677,4.101605166692752,4.50988,4.5951076
[*]C=Cc1cc(OC)c([*])cc1Br,1.9552,4.474831296673456,4.969179148716449,4.141563617551933,3.726363353422518,3.426594480938422,2.4305036,2.598105
[*]C(=O)c1cccc(C(=O)N2CCN([*])CC2)c1,4.6488,4.474831296673456,4.56972348550676,4.444507701822201,4.154419547596726,4.098910899489727,4.809418,4.3771076
[*]c1ccc(-c2ccc([*])nc2)cn1,3.5858,4.474831296673456,4.869315232914027,3.9197325124542735,2.9648905492291915,3.1378116667097844,3.5658295,3.3604736
[*]Oc1ccc(C(C)(C)c2ccc(OC(=O)c3ccc(C([*])=O)cc3)cc2)cc1,3.5837,4.474831296673456,3.937252018758083,3.832369935492342,3.734732975130902,3.6896947197346135,3.757862,3.8605633
[*]c1ccc2c([*])c(C)[nH]c2c1,3.833,4.474831296673456,4.969179148716449,3.8554237990610316,3.1692290020001934,3.443150356579778,3.4661515,3.7798982
[*]CC([*])C(=O)NCCO,4.7977,4.474831296673456,5.135619008387154,5.703022575276044,5.78814867966889,5.7210011718530716,5.9704523,5.82119
[*]Oc1ccc(C(C)(C)c2ccc(OC(=O)c3c(F)c(F)c(C([*])=O)c(F)c3F)cc2)cc1,3.7039,4.474831296673456,3.6043722994166743,4.023669775623412,4.1437619422701015,3.6350376136915274,4.2585044,3.8836217
[*]OC(=O)Oc1ccc(OC(=O)OC2CC3CC([*])CC(C2)O3)cc1,5.7313,4.474831296673456,4.20355579423121,5.630556180807573,4.9629150110217495,4.925150959976761,5.1097674,4.98205
[*]CCCCCCCCCC#CC#CCCCCCCCCCOC(=O)CCC(=O)O[*],5.4322,4.474831296673456,4.303419710033633,5.871702423605597,5.805809735664225,5.494933990861968,4.497704,5.234371
[*]N=Nc1cc([*])ccc1C,2.9764,4.474831296673456,5.1023310364530134,4.101349967513385,2.995052143025424,4.116392985801702,2.3542545,2.7702534
[*]CCCP(=O)(CCCNC(=O)CCCCC(=O)N[*])c1ccccc1,4.9299,4.474831296673456,4.3367076819677735,4.688294855107555,4.468517638966496,4.721183533554603,5.064639,4.826912
[*]CC(F)(F)C(F)(F)C(F)(F)C(F)(F)COC(=O)CCCC(=O)O[*],6.1948,4.474831296673456,4.070403906494646,6.339248042071209,5.997231976301656,5.748110338963964,6.110136,5.9022226
[*]CCCCCCOCCCCCCOCCCCCO[*],5.6821,4.474831296673456,4.902603204848168,6.302885368047884,6.726495159261525,5.554525091277432,6.3603153,6.754014
[*]CCCCCCCCCO[*],5.9832,4.474831296673456,5.235482924189577,5.782807052779376,6.547774957902712,6.105887186610906,6.625928,6.546937
[*]c1sc([*])c(OCCCCCC)c1C,3.303,4.474831296673456,4.935891176782309,3.9171773480727077,4.444535996942637,4.617457920887056,2.8091912,2.2286816
[*]Oc1ccc(C(C)(C)c2ccc(OC(=O)c3ccc(CC([*])=O)cc3)cc2)cc1,4.0652,4.474831296673456,3.9039640468239423,3.853545874987435,3.781887388613052,3.6705527670802938,4.257084,4.021612
[*]c1ccc(Oc2ccc(S(=O)(=O)c3ccc(Oc4ccc(-c5c6c(c([*])c7ccccc57)C(=O)N(c5ccccc5)C6=O)cc4)cc3)cc2)cc1,3.4309,4.474831296673456,2.5391571975241667,2.389877668668441,2.9155729325507584,2.3366638132938546,3.655597,3.173541
[*]CCCCCCOC(=O)NCCCCCCNC(=O)O[*],6.0594,4.474831296673456,4.702875373243323,5.963561643418392,5.82374289758944,5.976721659938704,6.232066,6.0812917
[*]CC1CCC(CNC(=O)c2cccc(C(=O)N[*])c2)CC1,4.9063,4.474831296673456,4.436571597770196,4.529211459802572,4.380235428552948,4.746507874293859,5.1261883,4.6284666
[*]CCN([*])C(=O)C1CCCCC1,5.4743,4.474831296673456,4.969179148716449,5.112699859727253,5.300837179983732,5.951249810734581,5.688369,5.426338
[*]C(=O)c1cccc(C(=O)c2ccc3c(c2)C(=Nc2cccc(N=C4OC(=O)c5cc([*])ccc54)c2)OC3=O)c1,2.8729,4.474831296673456,3.171628664272843,2.774887286160011,3.232221523126734,3.0481958146333987,3.007826,2.9391499
[*]CC(=O)Nc1ccc(Oc2cccc(NC(=O)CN3C(=O)c4ccc(C(=O)c5ccc6c(c5)C(=O)N([*])C6=O)cc4C3=O)c2)cc1,2.1817,4.474831296673456,2.772173001063153,3.2526208255304327,3.55341292547799,3.4060295272189594,3.54114,3.4767704
[*]C(=O)OCCCCCCOC(=O)N1CCN([*])CC1,6.1494,4.474831296673456,4.6362994293750415,5.476668224275131,5.543083210202877,5.645773803426795,5.6183558,5.488433
[*]c1ccc([*])n1C,2.5204,4.474831296673456,5.235482924189577,4.4311047788234585,3.673543155942244,3.716988269968514,2.664145,3.1399548
[*]Oc1ccc(C2(c3ccc(OC(=O)OC4C(C)(C)C(OC([*])=O)C4(C)C)cc3)CC3CCC2C3)cc1,4.5809,4.474831296673456,3.4046444678118295,5.689259608699391,4.57213036652694,4.435451028744433,4.2079883,4.068554
[*]OC(=O)CS(=O)(=O)Cc1ccc(CS(=O)(=O)CC([*])=O)cc1,4.6358,4.474831296673456,4.136979850362928,3.5012472014766316,4.0612208426629905,4.599840068939229,4.0641494,4.497408
C(=O)NOCCCCO,6.7393,4.474831296673456,5.235482924189577,5.734578183754445,6.054106471568092,5.617934080862977,6.1184382,5.449502
[*]CNC(=O)CCCCCC(=O)N[*],5.6502,4.474831296673456,4.969179148716449,5.48583520714007,5.301436603799439,5.61370683973578,5.9118953,5.587477
[*]C1=NC2=CC([*])C=CC2=C1,3.0661,4.474831296673456,4.935891176782309,3.967082719404086,3.377575529168054,3.6493412703781334,1.1986301,1.9585471
[*]NNC(=O)C([*])=O,5.0351,4.474831296673456,5.168906980321295,5.358779570169514,4.922011229912316,3.5882042185887517,4.7626853,5.390212
[*]CCCCCCCCCCOC(=O)CCCCCCCCCCC(=O)O[*],6.8154,4.474831296673456,4.503147541638477,6.079284628810681,5.968708164052723,5.840538283968316,6.262636,6.5997334
[*]CCCCCCCC(=O)O[*],6.6711,4.474831296673456,5.135619008387154,5.684558594754892,5.958339760997822,6.039536678278412,6.3056283,6.839693
[*]CC(S1)=CC=C1C(S2)=CC=C2C(=S)[*],2.4788,4.474831296673456,4.6362994293750415,2.7762004386588153,3.0973747355614476,2.868431440918655,3.257915,2.5055537
[*]Nc1ccc(NC(=O)c2cc(NC(=O)c3ccccc3)cc(C([*])=O)c2)cc1,3.3641,4.474831296673456,3.970539990692224,3.33250246707327,3.3442627593958862,3.4081139179136626,3.4248087,3.5607939
[*]N=P([*])(OCC(C)C)OC(C)C,5.0938,4.474831296673456,4.902603204848168,6.1333431785414865,5.670630235212647,6.550964891424112,5.654129,5.7536173
[*]c1ccc(-c2cnc3ccc(-c4ccc5ncc([*])nc5c4)cc3n2)cc1,3.3175,4.474831296673456,4.103691878428787,3.1504884044151438,2.521727177750721,2.748836214531592,3.5260482,3.2419596
[*]CC([*])(C)C#N,7.6507,4.474831296673456,5.235482924189577,5.492590306785939,5.596650143444477,6.1710692079014455,6.7689214,7.371331
[*]c1sc([*])c(OCCOCCCC)c1C,1.5443,4.474831296673456,4.902603204848168,4.09251274772659,4.695136501611136,4.447691792047664,3.0157175,2.2393348
[*]CC(O)COc1cccc(O[*])c1,5.2278,4.474831296673456,4.969179148716449,4.978730500524448,4.795299196587724,4.140747644635174,5.5844636,5.0798683
[*]C(=O)SSCCCCCCSSC(=O)N1CCN([*])CC1,4.3614,4.474831296673456,4.56972348550676,3.7804860783138188,4.416082185040443,4.957625239982577,4.7548194,4.4210696
[*]NC(C)C(C)C([*])=O,5.6346,4.474831296673456,5.1023310364530134,5.582836709344368,5.503780788868198,5.686013219623379,5.9866257,5.7767963
[*]CC1CC([*])CN(c2nc(N)nc(N)n2)C1,5.1412,4.474831296673456,4.669587401309182,4.644289887448134,4.651583942724703,5.45094469389581,5.437042,5.0877123
[*]C=Nc1ccc(N=Cc2ccc(Sc3ccc([*])o3)o2)cc1,2.7554,4.474831296673456,4.403283625836055,2.8083412545542017,2.6479411950627973,3.1651496866539657,1.9024525,2.2102506
[*]CC(C#N)(C#N)CC(C#N)(C#N)CC(C#N)(C#N)C(C#N)C(C#N)(C#N)[*],7.044,4.474831296673456,3.8041001310215194,5.199518525809571,5.1390567605585,8.213862728630016,6.5095234,5.9656644
[*]c1ccc(N2C(=O)c3ccc(-c4ccc5c(c4)C(=O)N([*])C5=O)cc3C2=O)c(C)c1,2.9991,4.474831296673456,3.6376602713508155,3.7737119760572746,3.3356628831239696,3.2134239347058737,3.641229,3.4333644
[*]NC(=O)C(S1)=CC=C1C(C=C2)=CC=C2[*],2.9038,4.474831296673456,4.56972348550676,3.3647522645133114,3.5075985058684207,3.0686193035620244,3.0511656,3.2577264
[*]CC(CC)(CC)CO[*],5.556,4.474831296673456,5.168906980321295,5.8507542412336,6.327985256817282,6.2945772828460225,6.0277553,5.53735
[*]c1ccc(C(Cl)(Cl)C([*])Cl)cc1,4.6561,4.474831296673456,4.869315232914027,4.494945501179302,4.15680287776499,3.8178826295365704,4.784985,4.535782
[*]C=CC(C#N)C[*],5.2317,4.474831296673456,5.235482924189577,5.151059260653347,4.83211312010079,5.111938356357146,4.3003983,5.4067926
[*]CCCCCCC(Cl)C([*])Cl,6.8597,4.474831296673456,5.1023310364530134,5.665326828852933,5.858320018207067,6.074731266160185,6.3362856,6.289566
C(F)(F)CC(F)(F)C(=S),2.9712,4.474831296673456,4.969179148716449,5.070625317203366,5.200318771421657,5.385161321293647,3.0350075,3.474669
[*]c1ccc([*])o1,1.7785,4.474831296673456,5.268770896123717,4.456113037928528,3.403337157104709,3.3097182281817554,2.3864594,3.1252239
C([*])(CC)=CCC([*]),5.1691,4.474831296673456,5.135619008387154,5.401834983901351,5.298539754418501,5.505911661455769,5.6691504,5.918247
[*]C1C(=O)OC(=O)C1C1C2CC(C(=O)OC3CCCCC3)C(C2)C1[*],6.058,4.474831296673456,4.103691878428787,5.280344079841055,5.11920497851248,5.361877987040342,5.4565845,5.1971126
[*]CNOC(S1)=CC=C1[*],4.3792,4.474831296673456,5.1023310364530134,4.32891127945581,4.040180868260222,3.3463053407394594,4.2828035,4.6559544
[*]OC(=O)c1ccc(C(=O)Oc2ccc3c(c2)Oc2cc([*])ccc2C32c3ccccc3-c3ccccc32)cc1,3.1064,4.474831296673456,3.4046444678118295,3.283415026796231,3.011398505322402,2.547332034325514,3.288076,3.4652567
[*]c1ccc(-c2nc3cc4sc([*])nc4cc3s2)cc1,2.7344,4.474831296673456,4.536435513572618,1.9810028370097212,2.14429861980854,2.433781237715703,2.0946763,2.2324383
[*]OC1C(C)(C)C(OC([*])=O)C1(C)C,6.1846,4.474831296673456,4.736163345177464,5.601976994917406,5.729957581345532,6.136760295368047,6.467156,6.1661663
[*]CC1CC1COC(=O)NCCCCCCNC(=O)O[*],5.8683,4.474831296673456,4.669587401309182,5.442694630048019,5.561491353647641,5.706309477740889,5.870628,6.18149
[*]CCNC(=O)c1ccc(O[*])cc1,4.8032,4.474831296673456,4.935891176782309,4.522679914249314,4.123545299259624,4.047666871229363,5.0697656,4.772095
[*]c1ccc(-c2sc(-c3cc(SCCCCCCCC)c([*])s3)cc2SCCCCCCCC)cc1,2.4582,4.474831296673456,3.9039640468239423,1.9519469558208193,3.4793437401275127,3.1636556888094596,2.4670355,2.81178
[*]C(=O)NCCCCCCCCNC(=O)c1cncc([*])c1,4.6301,4.474831296673456,4.56972348550676,4.4148444430954195,4.520419111079084,4.770761280040771,4.7783055,3.8744946
[*]Nc1ccc([*])cc1[N+](=O)[O-],3.5129,4.474831296673456,5.002467120650591,3.6355015221273144,3.281218667572373,3.804877989263047,3.2755055,3.4108891
[*]c1ccc(C)c(N2C(=O)c3ccc(S(=O)(=O)c4ccc5c(c4)C(=O)N([*])C5=O)cc3C2=O)c1,3.0894,4.474831296673456,3.3713564958776883,3.082066663620549,3.388809676004305,3.3555919438524255,2.7756839,2.9512157
[*]C#CC(CCCCOC(=O)NCCC)=C([*])CCCCOC(=O)NCCC,1.0016,4.474831296673456,4.303419710033633,5.747215914335151,5.517170719622469,5.54775484557749,5.123699,4.9843655
CC(=S)CC(=S),2.6402,4.474831296673456,5.235482924189577,4.23539018850343,3.0231240337866843,4.624111537697185,2.3274324,2.9538422
[*]c1ccc(-c2nnc(-c3cccc(-c4nnc([*])o4)n3)o2)cc1,3.955,4.474831296673456,4.20355579423121,3.811813858342693,2.999814008754266,3.1753466944313136,3.5874808,3.2617803
[*]Oc1c(C)cc(C2(c3cc(C)c(OC(=O)c4cccc(C([*])=O)c4)c(C)c3)CCC3CCCCC3C2)cc1C,3.4436,4.474831296673456,3.3047805520094067,4.679113161735269,4.113871618916388,4.200196811750529,4.052186,3.268695
[*]CC(F)(F)C(F)(F)C(F)(F)C(F)(F)COC(=O)NCC(F)(F)C(F)(F)C(F)(F)C(F)(F)CNC(=O)O[*],6.5415,4.474831296673456,3.1050527204045615,6.94935913883149,6.013700345075456,5.705675646053129,6.7154665,6.5100718
[*]CCCCCCCNC(=O)CCCCCCCC(=O)N[*],5.8765,4.474831296673456,4.702875373243323,5.655242723100813,5.554386853057519,5.757149668098021,5.646555,5.7161255
[*]CCOCCOC(=O)CCCCCCCCCCCCCCCCC(=O)O[*],6.3825,4.474831296673456,4.469859569704337,6.254620028464563,6.082680705069777,5.6707721551289225,5.943066,6.2235956
[*]CCCCCCCCNC(=O)Cc1ccc(CC(=O)N[*])cc1,5.0331,4.474831296673456,4.503147541638477,4.487697716806101,4.532868751445038,4.682442934350268,5.1983957,5.1035347
[*]CCCCCCCCCCCNC(=O)CCCCCCCCC(=O)N[*],5.8916,4.474831296673456,4.536435513572618,5.761122420576277,5.650201341412854,5.706002466385399,5.8997555,5.986129
[*]Oc1ccc(OC(=O)c2ccc(C([*])=O)cc2)cc1C1CC2CCC1C2,3.6406,4.474831296673456,4.136979850362928,3.6957470952746974,3.970857402959247,3.930469248863283,3.8338044,3.6133838
[*]CC1CCC(COC(=O)C(=O)O[*])CC1,5.4782,4.474831296673456,4.769451317111605,5.380631814716492,5.5498518457441275,5.92227346787861,5.709914,5.920934
[*]C#Cc1ccc(C#Cc2sc([*])c([N+](=O)[O-])c2[N+](=O)[O-])cc1,1.9456,4.474831296673456,4.270131738099492,1.3808186955490225,3.3063921042210764,4.146469809677761,1.5116596,1.7290552
[*]C(OC(F)(F)F)C([*])(F)F,8.3525,4.474831296673456,4.935891176782309,5.963813133125412,6.3485884513928905,6.282541453796516,7.892816,7.4542465
[*]CNC(S1)=CC=C1O[*],4.4645,4.474831296673456,5.1023310364530134,4.32891127945581,4.040180868260222,3.583971457734681,4.9146185,4.9019804
CC(C1=CC=CC=N1)CC(C2=CC=CC=N2)CC(C3=CC=CC=N3),5.3422,4.474831296673456,4.136979850362928,3.0031387334543194,3.4214691743925334,3.8874735019559576,3.7235217,3.6126654
[*]c1ccc(C(=O)c2cccc(C(=O)c3ccc(S([*])(=O)=O)cc3)c2)cc1,4.1682,4.474831296673456,3.937252018758083,2.817349376532718,3.182649152883442,3.3055837969369457,2.9647963,3.3459115
[*]CCCCCCOC(=O)CCC(=O)O[*],6.8893,4.474831296673456,4.902603204848168,5.825173354869567,5.8497694483345395,5.8604778826462365,6.0952344,7.2583632
[*]Oc1ccc(OC(=O)c2ccc(OCCCOc3ccc(C([*])=O)cc3)cc2)cc1C,4.06,4.474831296673456,3.970539990692224,4.093917606850789,3.883632387083262,3.5325230221887027,4.139722,3.8279095
[*]CC1CCCC(CNC(=O)CCCCC(=O)N[*])C1,5.7794,4.474831296673456,4.6362994293750415,5.168349303957552,5.291684235306418,5.740982892381174,5.405449,6.0677276
[*]CC1CCC(COC(=O)CCCCC(=O)O[*])CC1,6.5926,4.474831296673456,4.6362994293750415,5.465335572696863,5.634773263138607,5.8901797746787,6.4386253,6.7819424
[*]CCC(C(=O)OC)C([*])C(=O)OC,6.5207,4.474831296673456,4.836027260979886,5.893120543323792,5.779725915165387,5.857695044465096,6.460237,6.504038
[*]NC(=S)C(S1)=CC=C1O[*],3.0956,4.474831296673456,4.969179148716449,3.740125524609149,3.520405657123911,2.9818882270411424,2.6260166,2.9980278
[*]NC(=O)C=CC(=O)Nc1nc([*])nc(N)n1,3.8123,4.474831296673456,4.6362994293750415,4.001220363784823,4.173128619725958,3.8977473422042364,2.8382568,4.562005
[*]Oc1ccc(NC(=O)c2cc(NC(=O)c3ccncc3)cc(C(=O)Nc3ccc([*])cc3)c2)cc1,3.2421,4.474831296673456,3.6043722994166743,3.117389017149433,3.3339635636345504,3.2851280465459958,3.1059484,3.2913332
[*]Cc1ccc(COC(=O)CCCCCC(=O)O[*])cc1,5.2477,4.474831296673456,4.603011457440901,4.721156167060134,4.704836159854477,4.723398855017286,5.351326,5.2102
[*]COC(=O)NCCCCCCNC(=O)OCc1cccc([*])n1,5.1041,4.474831296673456,4.503147541638477,4.765515242403184,4.840261933936174,4.837309349158947,4.5676117,5.192322
[*]CCCCCOC(=O)NCCSCCCCCSCCNC(=O)O[*],5.3877,4.474831296673456,4.56972348550676,5.333157849081804,5.403348124755103,5.320638671811621,5.2671037,4.9745903
[*]C=CCCCCCCCCCC[*],5.8693,4.474831296673456,5.135619008387154,5.3634420197052926,5.534042839598105,5.719847433145522,5.8895593,5.7681174
[*]OC1=CC(=O)C([*])=CC1=O,3.0549,4.474831296673456,4.935891176782309,4.450328219549074,4.2888069999400145,3.67261252085796,2.5846324,3.1780372
[*]Oc1cccc(Oc2cccc(OC([*])=O)c2)c1,5.0817,4.474831296673456,4.6362994293750415,4.249722483108059,3.7670002374234524,3.537933918499684,4.6564307,4.8630133
[*]N=Cc1ccc(-c2ccc(C=Nc3ccc4c(c3)c3cc([*])ccc3n4CCCC)s2)s1,2.6853,4.474831296673456,3.8373881029556607,1.378714859016795,2.582645794414135,2.7274388371663623,1.9980371,1.9305377
[*]CC(C)(CO[*])COCC(F)(F)C(F)(F)C(F)(F)C(F)(F)C(F)(F)C(F)(F)C(F)(F)F,4.2525,4.474831296673456,3.504508383614252,7.022180896085614,6.251203196104749,5.746500225490047,5.8420143,6.0143275
[*]CCOCCOCCOC(=O)CCCCCCC(=O)O[*],5.8894,4.474831296673456,4.702875373243323,6.260547912157703,6.1913382845525,5.571023884037498,6.2306423,6.6179643
[*]c1ccc(Oc2ccc(N3C(=O)c4cccc(Oc5cccc(Oc6cccc7c6C(=O)N([*])C7=O)c5)c4C3=O)cc2)cc1,3.034,4.474831296673456,3.0717647484704207,3.6467029859921687,3.212856533622569,2.7211660113924796,2.8564668,2.6850395
[*]OC1CCC(OC(=O)C([*])=O)CC1,6.4721,4.474831296673456,4.836027260979886,5.338279935726306,5.496775959872577,5.647926080316488,6.28191,5.875176
[*]NC(C([*])=O)C(Cc1ccccc1)c1c[nH]cn1,4.3219,4.474831296673456,4.6362994293750415,3.097046238053828,3.6297057760169906,3.647288381640051,3.8564944,3.9643736
[*]C=Cc1csc(C=Cc2cccc([*])n2)c1CCCCCCCC,3.4739,4.474831296673456,4.469859569704337,2.5925217274660217,3.4679804132097773,3.894320803506325,3.3986678,3.6352055
[*]Oc1ccc(C(C)(CC)c2ccc(OC([*])=O)c(Cl)c2)cc1Cl,4.6543,4.474831296673456,4.270131738099492,4.293271490379285,4.153649995773296,4.145214562768772,5.047128,5.040954
[*]Cc1c(C)c(C)c(CNC(=O)CCCC(=O)N[*])c(C)c1C,5.2222,4.474831296673456,4.3367076819677735,4.631970378477623,4.654328298780791,4.956348210797135,5.3550663,4.893824
[*]CCOCCOCC#CC#CCOCCOCCOC(=O)NCCCCCCNC(=O)O[*],4.8627,4.474831296673456,4.236843766165351,6.542024794809208,6.117598840111669,4.873409467244884,6.0678883,6.2331815
[*]CC1CCC(COC(=O)C2CCC(C(=O)O[*])CC2)CC1,6.5261,4.474831296673456,4.436571597770196,5.591553073673705,5.482255157715109,5.865593816320377,6.277273,5.460806
[*]CCCCCCOC(=O)SSC(=O)O[*],5.0105,4.474831296673456,4.902603204848168,5.110065802552608,5.172282582645817,5.900167511306878,5.0134907,5.9759645
[*]C=Cc1ccc([*])n1CCCCCCCCCCCC,1.5362,4.474831296673456,4.769451317111605,4.398834540354186,4.6286628012354925,4.869458374077042,1.7884567,1.7467284
[*]CCCCP(C)(=O)CCCNC(=O)CCCCC(=O)N[*],5.7371,4.474831296673456,4.536435513572618,5.868637516134286,5.287877782735594,5.866228851617183,6.052029,5.7337775
[*]C(F)(F)C([*])(F)OC(F)(F)C(F)(F)F,8.4702,4.474831296673456,4.603011457440901,6.169826103010461,6.2783128922720675,6.239908684228295,8.320491,8.479916
[*]NC(=O)NC(=S)[*],3.4055,4.474831296673456,5.168906980321295,4.847066333852244,4.120344076624971,3.67688560791733,2.519689,2.8080676
[*]Oc1ccc2nc3oc4cc5oc6c7c(cn6ccc5on4cnc3c12)nc1c([*])ccccc17,1.6019,4.474831296673456,3.7708121590873787,2.4864849486115483,2.573711937336972,2.694365672303708,3.8428636,3.4471717
[*]CCCCCCCCCCCCCCOC(=O)c1ccc(C(=O)NCCCCCNC(=O)c2ccc(C(=O)O[*])cc2)cc1,4.5556,4.474831296673456,3.471220411680111,4.362724727326495,4.611531323890153,4.571502483053307,3.3629155,4.048917
[*]Oc1ccc(C(C)(C)c2ccc(OC([*])=O)c(C(C)C)c2)cc1C(C)C,4.8744,4.474831296673456,4.037115934560505,4.540718207521036,4.473191040446158,4.782536774792499,5.0717072,4.599887
[*]CCCCCCCCCCCCOC(=O)c1cccc(C(=O)O[*])c1,5.1284,4.474831296673456,4.436571597770196,4.827035864535598,4.910659259347289,5.083154266122063,5.4027576,4.9725876
[*]OC(C)CNC(=O)CC([*])C,5.8625,4.474831296673456,5.002467120650591,5.800523987988435,5.810092877576118,5.936929192082176,5.9580336,6.1533775
[*]CCS[*],5.1955,4.474831296673456,5.468498727728563,5.122862239996457,4.808524403078128,6.135067724994979,4.9372063,4.5733533
[*]CCCOC(=O)NCCCCCCNC(=O)O[*],6.1154,4.474831296673456,4.802739289045745,5.9000338249331135,5.780180548155846,5.949798864129172,5.890541,6.051773
[*]CCC(=O)N([*])C,4.8524,4.474831296673456,5.202194952255436,5.50651123612707,5.436747739937001,5.7784304256905585,5.877131,5.738411
[*]OC(C)CCOC(=O)COCC([*])=O,5.7665,4.474831296673456,4.869315232914027,6.013306409255469,5.977180849439629,5.523803417709592,6.456138,6.8128014
[*]C#Cc1cc(C#Cc2cc(N)c([*])cc2[N+](=O)[O-])c(OCCOCCOC)cc1OCCOCCOC,2.8068,4.474831296673456,3.8041001310215194,4.247556091066254,4.7151016585293775,4.020248311497178,2.4213104,1.6743352
[*]c1cc(-c2cc(CCCCCCCC)ccc2CCCCCCCC)c([*])s1,1.6153,4.474831296673456,4.303419710033633,3.579113756414608,4.128890254023549,4.168372022752595,2.5442238,2.5566325
[*]c1cc(-c2ccc(OCCCC)cc2)c([*])s1,2.5693,4.474831296673456,4.669587401309182,3.5003378821273765,3.4783519843503052,3.496573598487241,1.4722371,2.3049476
[*]Oc1ccc2ccc(OC(=O)Oc3ccc(OC([*])=O)cc3)cc2c1,4.3045,4.474831296673456,4.236843766165351,4.166830884535301,3.7061519390967472,3.634444564785144,4.4021645,4.5397415
[*]c1c(C)cc(Cc2cc(C)c(N3C(=O)c4ccc(Oc5cccc6c(Oc7ccc8c(c7)C(=O)N([*])C8=O)cccc56)cc4C3=O)c(C)c2)cc1C,3.4074,4.474831296673456,2.472581253655885,3.687563536702324,3.412689494295649,2.9073203406397155,3.1527545,2.6551437
[*]CCCNC(=O)CCCCCCCCC(=O)NCCCOCCOCCO[*],5.9137,4.474831296673456,4.469859569704337,6.265952680042831,6.0040892311248655,5.210183378082607,5.7441983,5.7480764
[*]C(=O)C=C(C)C(=O)N1CCN([*])CC1,4.7733,4.474831296673456,4.702875373243323,4.810061688298813,4.815983106245243,4.88134627610165,4.2358456,5.0502577
[*]Nc1ccc(-c2ccc([*])cc2)c(OC)c1,3.4023,4.474831296673456,4.702875373243323,4.259238440050672,3.3759148393281513,3.2021891423430224,4.355443,4.2857966
[*]OC1CC(C)CC([*])O1,6.2981,4.474831296673456,5.1023310364530134,5.505222627517109,6.047999301148053,6.160307638875108,6.0764685,6.0457897
N([*])CC(C)(C)CC(C)CNC(=O)CCCCC(=O)([*]),5.5505,4.474831296673456,4.436571597770196,5.888638512721652,5.5313709601595065,5.661617465695691,5.445977,5.4920654
[*]C(=O)c1ccc2c(c1)C(=O)N(c1cc(-c3nc4ccccc4oc3=O)cc(N3C(=O)c4ccc([*])cc4C3=O)c1)C2=O,2.9075,4.474831296673456,2.9719008326679983,2.468239847655006,3.1171814642109386,3.102537404786775,2.5519524,2.4802065
[*]OP(=O)(Oc1ccc(-c2ccc([*])cc2)cc1)OC1CCCCC1,4.3965,4.474831296673456,4.270131738099492,4.389852735975848,4.027399301692107,4.022339353642809,4.4988127,4.307451
[*]c4ccc(C3Nc2cc1NC([*])Oc1cc2O3)cc4,3.2133,4.474831296673456,4.56972348550676,4.72982889639961,3.4039534927649715,2.807133094999768,4.2043343,3.6508532
[*]OC(C([*])=O)C(C)C,5.7085,4.474831296673456,5.1023310364530134,5.731329843714023,5.825426752460876,5.884420741109375,5.914098,5.2540026
[*]CC([*])O[N+](=O)[O-],5.3269,4.474831296673456,5.202194952255436,4.964337317523701,5.2090206932260905,6.827938570371435,2.1510751,2.2580965
[*]Oc1ccc(OC([*])=O)cc1,5.2885,4.474831296673456,5.002467120650591,4.628821169628783,4.177224302606815,3.708343019611828,5.2317023,4.747977
[*]OC1CCC(OC(=O)NCCCCCCNC([*])=O)CC1,6.1757,4.474831296673456,4.56972348550676,5.519020103265317,5.583313164327867,5.847706428855502,5.9932847,6.2694626
[*]CC([*])(CO)C(=O)OCC,5.919,4.474831296673456,5.035755092584732,5.927841182862998,6.075074311957019,5.942288856005103,6.6813436,6.332171
[*]c1nc2ccc(-c3ccc4nc(C5CC6(CC([*])C6)C5)oc4c3)cc2o1,3.9983,4.474831296673456,4.037115934560505,4.332006614371568,3.368414466311407,3.6156368029376176,3.3398087,2.5069866
[*]Oc1ccc(-c2ccc(OC(=O)CCCCCCC([*])=O)cc2)cc1,4.188,4.474831296673456,4.270131738099492,4.346668580104988,4.042936524835554,4.135779225682218,4.487006,4.608694
[*]C=CC(C)=CC=CC=C(C)C=Cc1nc(-c2csc([*])n2)cs1,2.667,4.474831296673456,4.236843766165351,1.1551833720637052,3.0760737582780884,3.30530426878781,2.0464413,1.5029044
[*]CNCC(C=C1)=CC=C1[*],4.9352,4.474831296673456,5.035755092584732,4.2459240830451135,3.9081016687597674,3.6265882217527645,4.6109476,4.5448766
[*]Oc1ccc(NC(=O)NCCCCCCNC([*])=O)c(C)c1,4.8513,4.474831296673456,4.469859569704337,4.681497096981137,4.614926240824198,4.890290856593131,5.1492834,5.077063
[*]Oc1c(Cl)cc(NC(=O)Nc2ccc(Cc3ccc(NC([*])=O)cc3)cc2)cc1Cl,4.2465,4.474831296673456,3.937252018758083,3.608791966756872,3.5351107160574866,3.696684047571184,4.063875,3.9724367
[*]c1ccc(-c2ccc(-c3ccc(-c4cnc5ccc(-c6ccc7ncc([*])nc7c6)cc5n4)cc3)cc2)cc1,3.0581,4.474831296673456,3.3713564958776883,3.232315538471559,2.488116070656517,2.394565455621759,3.2676883,2.452322
[*]c1ccc(-c2ccc(-c3ccc(-n4c(=O)c5cc6c(=O)n([*])c(=O)c6cc5c4=O)cc3)cc2)cc1,2.1393,4.474831296673456,3.3380685239435475,2.9146152834133936,2.7614439556847667,2.6936627657268226,2.6361558,2.20906
[*]C1C=C(C)C([*])S1,4.9946,4.474831296673456,5.135619008387154,4.489440600145386,4.348996124444942,4.882290961648402,4.429862,3.987589
[*]CC(C=C1)=CC=C1C(S2)=CC=C2C(C=C3)=CC=C3[*],3.4558,4.474831296673456,4.303419710033633,2.8977180523166375,3.2654780547289377,2.8874354340858526,3.3893414,3.1607633
[*]CCCCSC(=O)CCCCCCC(=O)S[*],5.4406,4.474831296673456,4.836027260979886,4.844098761225215,4.9425738551549845,5.586175304545151,4.702858,4.9906683
[*]CCCP(CCCCCCCC)CCCNC(=O)C(=O)N[*],3.7455,4.474831296673456,4.603011457440901,5.988061913653864,5.4801591092368565,5.717481453304114,5.648958,5.727359
[*]c1ccc(-c2sc(-c3cc(SCCCC)c([*])s3)cc2SCCCC)cc1,2.4618,4.474831296673456,4.1702678222970695,1.7825394398600771,2.987085788113838,2.9122330587688663,3.1064868,2.8385873
O([*])COCCSSCCCC([*]),5.1679,4.474831296673456,5.069043064518873,5.353333967560709,5.6481385060203,5.544254599746106,4.920555,5.731638
[*]C=Cc1cccc(C=Cc2cc([*])nc(-c3ccccc3)n2)c1,3.2515,4.474831296673456,4.3367076819677735,3.029373911766463,2.766682857228257,3.0962284797690094,2.5444486,2.6858385
[*]C(=O)OC(=O)O[*],5.27,4.474831296673456,5.168906980321295,5.655765838908825,5.657202003838435,4.2780718531774,6.117673,4.9780507
[*]c1ccc(-c2ccc(-c3cnc4cc(-c5ccc6nc([*])cnc6c5)ccc4n3)cc2)cc1,2.7617,4.474831296673456,3.737524187153238,3.004285532425086,2.4943926540315338,2.5717008350766752,3.452771,3.1920345
[*]CCCCCCCCCCCCCCCCOC(=O)NCc1ccc(CNC(=O)O[*])cc1,5.2905,4.474831296673456,4.1702678222970695,5.0077760320746085,5.080162080864826,5.1973254903943005,4.9958715,5.1891894
[*]CC(=O)C(=S)C(S1)=CC=C1[*],2.5116,4.474831296673456,4.836027260979886,3.5032272201318335,3.5417099462251995,3.339748886222253,2.6181433,3.0834908
[*]Nc1ccc(NC(=O)c2ccc(NC(=O)c3ccc([Si](C)(C)c4ccc(C(=O)Nc5ccc(C([*])=O)cc5)cc4)cc3)cc2)cc1,3.1713,4.474831296673456,2.8720369168655755,2.9876650436851278,3.3364722194380705,2.9593644415760645,3.3548093,3.2258124
[*]C1C=C(C)C([*])C1,5.4126,4.474831296673456,5.135619008387154,4.846994376303865,4.845819825950006,5.392451514681596,5.3325977,4.839078
[*]c1ccc2c(c1)Cc1cc([*])ccc1-2,3.3245,4.474831296673456,4.769451317111605,3.5022201675150773,2.8063714535517086,2.9490891593992727,3.379467,3.0922122
[*]Oc1ccc(Oc2cccc([*])n2)cc1,4.3725,4.474831296673456,4.836027260979886,4.099782267767979,3.449430712846608,3.2016511820316484,4.59287,4.639001
[*]CC([*])OC(=O)CC1CCCC1,6.5439,4.474831296673456,4.969179148716449,5.261192994096908,5.558153950857873,5.907701730014913,6.378241,6.0881085
[*]CCCCCCOC(=O)CCC=CCCC(=O)O[*],5.8833,4.474831296673456,4.736163345177464,5.602319660944459,5.528769649568565,5.568200099111683,6.282796,6.428255
[*]CC([*])c1nc(C)nc(C)n1,5.2309,4.474831296673456,4.969179148716449,4.437545590618612,4.607185575446518,5.241989283809564,5.401801,4.976362
[*]c1ccc(-n2c(=O)c3cc4c(=O)n([*])c(=O)c4cc3c2=O)c(C)c1,2.9339,4.474831296673456,3.970539990692224,3.497827494023029,3.142544868747894,3.2479902751663,3.083099,2.9094288
[*]Oc1ccc(C(=O)NCC(C)(C)CCCNC(=O)c2ccc([*])cc2)cc1,4.6833,4.474831296673456,4.103691878428787,4.155370279244507,4.16504379449374,4.004628315967153,4.9647617,4.4994907
[*]CC([*])(C)C(=O)Oc1ccc(N=Nc2ccc(C#N)cc2)cc1,2.5467,4.474831296673456,4.270131738099492,3.720880871579548,3.7262744065827724,4.692644274741255,3.7983763,2.764546
[*]c1ccc(-c2nc3ccc(Oc4ccc5nc([*])c(-c6ccccc6)nc5c4)cc3nc2-c2ccccc2)cc1,3.1698,4.474831296673456,3.4379324397459703,2.570037312182156,2.49435025949188,2.4012917339645314,3.5096107,3.1571445
[*]OP(=O)(Oc1ccccc1)Oc1c(Br)cc(C(c2cc(Br)c([*])c(Br)c2)(C(F)(F)F)C(F)(F)F)cc1Br,3.9587,4.474831296673456,3.271492580075266,3.3062709055241912,4.317302322118414,2.669945052710959,4.1492233,3.9182239
[*]CC(CS(C)(=O)=O)O[*],5.5403,4.474831296673456,5.035755092584732,5.241554015303946,5.085945688146007,6.356832570049439,4.8609962,6.016589
[*]Cc1cccc(CNC(=O)C2=C(C(=O)N[*])C3C=CC2C3)c1,3.6899,4.474831296673456,4.270131738099492,4.158475215068544,3.8999949226848036,3.668898181871,4.568342,3.9919088
[*]CC(C)(C)COC(=O)Nc1ccc(NC(=O)O[*])cc1,5.0845,4.474831296673456,4.469859569704337,4.842787886082812,4.728321097726621,5.120214491073773,5.066245,5.1429243
[*]Oc1ccc(C(C)c2ccc(OC([*])=O)cc2)cc1,4.5318,4.474831296673456,4.536435513572618,4.1718884961665665,3.837024075817177,3.865754108708292,4.8173056,4.9929905
[*]NC(=O)Nc1ccc(Cc2ccc(NC(=O)Nc3cccc([*])n3)cc2)cc1,2.8819,4.474831296673456,4.070403906494646,3.4059158561663927,3.3605401960303922,3.6071185832091395,2.914282,3.5782838
[*]CC([*])(C)C(=O)OCc1ccc(Cl)cc1Cl,4.8769,4.474831296673456,4.702875373243323,4.617220643177805,4.480746247393701,4.568681098306857,5.0726614,4.7684903
[*]CCCCCCCCCCCCCCCCCCNC(=O)NCCCCCCCCCCNC(=O)N[*],5.5902,4.474831296673456,4.1702678222970695,6.005390406600566,5.721825679926869,5.611856006194991,5.6931415,5.8714113
[*]CCCCCCCCOC(=O)O[*],7.1538,4.474831296673456,5.069043064518873,5.881069933903866,6.207035646518804,6.158654157348277,6.565075,6.470678
[*]CCCCCCCCCCCCCCCCCCCCCC(=O)N[*],5.9963,4.474831296673456,4.669587401309182,5.832528613316535,5.891152953942159,5.811385615466111,5.617596,6.0323615
[*]CCCCCCCCC([*])Cl,7.0727,4.474831296673456,5.168906980321295,5.64698721073676,6.019122684382097,6.127444679390614,7.414539,6.2164593
[*]N=Cc1ccc(-c2ccc(C=Nc3ccc4c(c3)c3cc([*])ccc3n4CC)s2)s1,1.9698,4.474831296673456,3.9039640468239423,1.3363629800266095,2.444025922037651,2.587904714879727,2.0817795,1.9963288
[*]CC(CO[*])(CS(=O)(=O)CCCC)CS(=O)(=O)CCCC,5.266,4.474831296673456,4.369995653901914,4.996764130759816,5.029879472243732,6.209099834597589,5.39041,6.2685976
[*]CC(=S)NO[*],3.3571,4.474831296673456,5.302058868057858,5.072631986751292,4.584259309389491,4.742641763568922,2.0831954,2.551453
[*]n1nc(-n2c(=O)c3cc4c(=O)n([*])c(=O)c4cc3c2=O)c2ccccc2c1=O,2.9979,4.474831296673456,3.8041001310215194,2.8314601286034176,2.9320841724792723,3.1654956434909836,2.9155178,2.1053834
[*]c1cc(CCCCCCCCC)c([*])s1,2.3395,4.474831296673456,4.902603204848168,3.784193827409011,4.352319717661419,4.701921885799159,1.833981,1.4511681
[*]c1ccc(Oc2ccc(-c3nc4cc5sc([*])nc5cc4s3)cc2)cc1,3.2699,4.474831296673456,4.1702678222970695,1.5945319325467682,2.3391270725496445,2.2633721366035586,1.804718,2.7701705
[*]CCCCOC(=O)c1ccc([Si](C)(C)c2ccc(C(=O)O[*])cc2)cc1,4.6724,4.474831296673456,4.136979850362928,4.652061526547414,4.197003177020887,3.9045878216101992,4.349088,4.32897
[*]CC([*])c1cc(O)ccc1O,2.1475,4.474831296673456,5.035755092584732,4.782219161375473,4.4311930197723415,4.27702724785419,4.378669,4.220273
[*]Oc1ccc(P(=O)(c2ccccc2)c2ccc([*])cc2)cc1,4.247,4.474831296673456,4.369995653901914,3.6011113149614387,2.9936536761829124,2.6817786612641124,4.4610176,4.2422705
[*]C(=O)C1CC(OC(C)=O)CN1[*],4.2937,4.474831296673456,4.869315232914027,5.168610861861557,5.243022832315492,5.34514194646561,5.580261,4.9936414
[*]NC(=O)OC(=S)[*],3.8392,4.474831296673456,5.168906980321295,4.9955594682219004,4.487939463588029,3.751484049066092,3.074357,3.5089054
[*]CCC(=O)OC(=O)CCc1ccc([*])s1,4.7868,4.474831296673456,4.769451317111605,3.686706837796626,4.228061643298471,4.381766714951241,3.0940638,3.9258378
[*]c1sc([*])c(CCCCCCCC)c1C,2.8409,4.474831296673456,4.902603204848168,3.784193827409011,4.352319717661419,4.767876153494205,2.3488207,2.0244565
[*]c1ccc2c(c1)nc1c3cc4c(=O)n5c6cc([*])ccc6nc5c4cc3c(=O)n21,2.1402,4.474831296673456,3.8373881029556607,2.2750827460642107,2.651730257041701,2.2673311124419016,3.0558043,2.884591
[*]Oc1ccc(C(C)(c2ccc(Oc3ccc(C(=O)c4ccc([*])cc4)cc3)cc2)C(F)(F)F)cc1,4.011,4.474831296673456,3.5377963555483927,3.7151099415259914,3.696118284477458,3.1193419300709504,3.7960565,4.0376306
[*]COCC(C)O[*],5.6408,4.474831296673456,5.302058868057858,5.90741228868,6.879324373997597,6.136331386847369,6.350318,7.113815
[*]c1cc(C(=O)OC)cc(N2C(=O)CC(C3Cc4ccccc4C4C(=O)N([*])C(=O)C43)C2=O)c1,4.4448,4.474831296673456,3.471220411680111,4.71634593754256,3.9949765054564748,3.7310638195532877,2.8036828,2.4932
[*]C(=O)c1ccc2c(c1)C(=O)N(c1cc(C(=O)OC)cc(N3C(=O)c4ccc([*])cc4C3=O)c1)C2=O,3.6664,4.474831296673456,3.3047805520094067,3.115096834730499,3.6453669856599964,3.42983287618339,3.0281487,3.455589
[*]CCCCCCCCOC(=O)c1cccc(C(=O)O[*])c1,4.9695,4.474831296673456,4.56972348550676,4.742332106555227,4.751146357240359,4.91608112362897,4.8133693,5.2635183
[*]COC(S1)=CC=C1C(C=C2)=CC=C2[*],3.6162,4.474831296673456,4.702875373243323,3.590317917412359,3.5857474360333854,3.1015054675609752,3.5453987,4.3152375
[*]c1ccc(C(=O)c2ccc(C(=O)c3ccc(Oc4ccc(-c5nn([*])c(=O)c6ccccc56)c(F)c4)cc3)cc2)cc1,3.3331,4.474831296673456,3.0717647484704207,2.553508475291295,3.077711255194502,2.7415493445418995,2.8374844,2.754179
[*]c1ccc(C(C#N)(C(=O)O)C([*])(C#N)C(=O)O)cc1,5.057,4.474831296673456,4.303419710033633,4.639625050846673,4.6561439235302355,5.111442488439598,4.78216,4.1863523
[*]CCCCCCN(CC)C(=O)CCCCCCCCCCC(=O)N([*])CC,5.49,4.474831296673456,4.369995653901914,5.8925974275157795,5.658826994627415,5.788966094439012,5.4570794,5.546221
[*]NNC(=O)CCCCCCCCCCCCCCCCC([*])=O,6.0181,4.474831296673456,4.6362994293750415,5.697594602090999,5.596545227933866,5.591105088349922,5.639211,5.670489
[*]CC(COc1ccc(Cl)cc1)O[*],4.9216,4.474831296673456,4.969179148716449,4.787761124759627,4.520219624588194,4.1359305860627025,4.8997173,4.739962
[*]CCCCCCOc1ccc(C(C)(C)c2ccc(O[*])cc2)cc1,4.7729,4.474831296673456,4.403283625836055,4.4311661853887205,4.2689140402527865,4.191504183398997,5.1310525,4.717755
[*]c1ccc(C2C(C(=O)OC)C([*])C2C(=O)OC)cc1,4.6965,4.474831296673456,4.436571597770196,4.838995383273903,4.633434189915938,4.439224770796782,4.41231,4.2752323
[*]CCCCC(=O)NCCCCCOCCCCCNC(=O)CCCCO[*],5.3915,4.474831296673456,4.503147541638477,6.090617280388949,5.887805176168255,5.379949506922,5.8069725,5.796348
[*]CCC(C)CC(C)(C)CNC(=O)c1ccc(C(=O)N[*])cc1,4.71,4.474831296673456,4.3367076819677735,4.631970378477623,4.654328298780791,5.009989439268256,4.8792486,4.6616044
[*]CC(=O)C(=S)C(=O)[*],1.9894,4.474831296673456,5.035755092584732,4.758661163744584,4.301337669842166,4.257541711359732,3.5007548,4.272753
[*]CC(O[*])C(F)(F)F,6.435,4.474831296673456,5.135619008387154,5.840588446198775,6.43822028950646,6.330459794898597,6.266584,5.987754
[*]CC(OC=O)C(COC(=O)O[*])OC=O,7.0118,4.474831296673456,4.802739289045745,6.0352438171626615,5.881547761215538,5.3372830009452565,6.5816994,6.305319
[*]CCCNC(=O)CCCCCCCCCCCCCCCCCCC(=O)N[*],5.8328,4.474831296673456,4.469859569704337,5.803474299566463,5.680861977686559,5.6756527139133786,5.5264354,5.5728126
[*]CC1CC([*])OCO1,6.4797,4.474831296673456,5.202194952255436,5.428897154299811,6.106555139666053,6.078246780274421,6.373994,6.606205
[*]CC(C=C1)=CC=C1NC(=S)[*],3.7545,4.474831296673456,4.902603204848168,3.6571383281984526,3.4595931494541126,3.5695037017903317,3.7273152,3.7149012
[*]Oc1ccc2cc(C([*])=O)ccc2c1-c1ccccc1,3.7738,4.474831296673456,4.536435513572618,3.119800376143186,2.8447367188905126,3.232601110560056,4.5258584,4.0271125
[*]C=NCCN=Cc1ccc(Sc2ccc([*])o2)o1,3.1877,4.474831296673456,4.669587401309182,3.2106405884016103,3.0019260625955226,3.530586899928806,3.0479739,3.499532
[*]CCCCCNC(=O)C(OC)C(OC)C(=O)N[*],5.6971,4.474831296673456,4.669587401309182,6.010332892377524,5.7550528536865855,5.558612745746561,5.993264,5.966514
[*]c1ccc(S(=O)(=O)c2ccc(-n3nc(-c4ccccc4)c4ccc(Oc5ccc6c(-c7ccccc7)nn([*])c(=O)c6c5)cc4c3=O)cc2)cc1,3.4797,4.474831296673456,2.5391571975241667,2.2038669852393262,2.729729634793395,2.5364176836540393,3.4740634,3.063935
[*]c1ccc(-c2ccc(-c3cc(-c4ccccc4)c4cc(-c5ccc6nc([*])cc(-c7ccccc7)c6c5)ccc4n3)cc2)cc1,3.131,4.474831296673456,3.005188804602139,3.1915966969587055,2.3724070574550815,2.10249766971048,3.5829325,3.368787
[*]Oc1ccc(N=Cc2ccc(N(c3ccccc3)c3ccc(C=Nc4ccc([*])cc4)cc3)cc2)cc1,2.8042,4.474831296673456,3.6376602713508155,2.439973054483653,2.6102394197253207,2.60905078406361,3.6483383,3.4970086
[*]CCOCCOCCOC(=O)c1ccccc1C(=O)O[*],4.6067,4.474831296673456,4.6362994293750415,4.995501493150601,4.946088105069261,4.434514852992115,4.594859,4.782534
[*]CCCCCOC(=O)NNC(=O)CCCCCCCCC(=O)NNC(=O)O[*],6.1506,4.474831296673456,4.270131738099492,5.9266289554133404,5.493293432149294,6.093435979671666,5.703848,5.6475244
[*]c1ccc(-c2ccc(-c3cc(-c4ccccc4)c4cc5c(-c6ccccc6)cc([*])nc5cc4n3)cc2)cc1,2.8522,4.474831296673456,3.3713564958776883,2.9635666909122325,2.3589506766780253,2.2796330491653998,3.070309,2.6950874
[*]Oc1ccc(Oc2ccc(OC([*])=O)cc2)cc1,4.746,4.474831296673456,4.6362994293750415,4.249722483108059,3.7670002374234524,3.537933918499684,4.46709,4.429022
[*]CC(CC([*])(C#N)C#N)c1ccc(OC(C)=O)cc1,5.2962,4.474831296673456,4.469859569704337,4.528564514990164,4.585056167746295,5.334107270659661,4.7949038,4.8014245
[*]CC([*])(C)C(=O)OCCOCC,6.3843,4.474831296673456,4.969179148716449,5.970193061853184,6.086243128381589,5.979135550222899,6.546151,6.490036
[*]CCCCC(=O)NCCCCCCC(=O)NCCC(=O)N[*],5.875,4.474831296673456,4.56972348550676,5.583836530360555,5.3480012652472535,5.582928620437592,5.650922,5.87955
[*]OC([*])CCC,6.6375,4.474831296673456,5.335346839991999,5.732076889026117,6.537277404480706,6.306097515686762,6.511368,6.345563
[*]NC(S1)=CC=C1C(S2)=CC=C2C(=O)[*],2.2351,4.474831296673456,4.6362994293750415,3.2935800007652185,3.425641047294344,2.9116754130428304,3.4143984,3.0255268
[*]OC1CCCC([*])O1,5.7691,4.474831296673456,5.202194952255436,5.428897154299811,6.106555139666053,6.133225684030458,5.8689737,6.293803
[*]Oc1ccc(OC(=O)Oc2ccc(-c3ccc(OC([*])=O)cc3)cc2)cc1,4.6137,4.474831296673456,4.070403906494646,4.2103362875849735,3.6563151109531784,3.6206954249200445,4.9705105,4.5665126
[*]CCCCCCNC(=O)CCP(C)(=O)CCC(=O)N[*],5.9436,4.474831296673456,4.56972348550676,5.847461576639193,5.259787636064747,5.862708893266829,5.219998,5.4189887
[*]CCCOC(=O)c1cccc(C(=O)O[*])c1,4.8915,4.474831296673456,4.736163345177464,4.636452409079763,4.485291520395478,4.428047360071249,5.4504437,4.81237
[*]c1ccc(C(=O)Nc2ccc(-n3c(=O)c4cc5c(=O)n([*])c(=O)c5cc4c3=O)cc2)cc1,2.402,4.474831296673456,3.5377963555483927,2.8306414029388236,3.014812613146738,3.0189561124373903,3.03909,2.8344631
[*]CC([*])C(=O)Nc1ccc2c(c1)C(=O)c1ccccc1C2=O,2.8993,4.474831296673456,4.303419710033633,3.126276662754739,3.4970386819095003,3.799773530597603,3.1739316,3.3847394
[*]CCCCCC(=O)N[*],6.0265,4.474831296673456,5.202194952255436,5.49371358139505,5.527325849621465,5.904150670993141,5.9577,5.9833155
[*]CC([*])C(=O)OCCCCC,6.2698,4.474831296673456,5.069043064518873,5.739708128477096,5.915947408322044,6.0667297267923335,6.359306,5.839837
[*]c1ccc(Oc2ccc(-c3cnc4ccc(-c5ccc6nc([*])cnc6c5)cc4n3)cc2)cc1,3.1097,4.474831296673456,3.737524187153238,2.9784984933644134,2.6267699581403483,2.578427113419448,3.581917,3.1351378
[*]CC(F)(F)C(F)(F)COC(=O)NCCCCCCNC(=O)O[*],6.2411,4.474831296673456,4.369995653901914,6.167659138281481,5.899615327721223,5.896920458423735,5.9803114,6.164562
[*]Nc1cc(NC(=O)CCCCCCCCC([*])=O)cc(-c2nnc(-c3ccccn3)o2)c1,3.7041,4.474831296673456,3.8706760748898015,3.9637710786249176,3.8383668996128257,4.228049198311658,3.458485,3.797946
[*]C=Cc1ccc([*])s1,2.6453,4.474831296673456,5.168906980321295,3.273255265315677,2.648749264200371,3.162751932532699,2.9298444,2.8437872
[*]C(=O)c1cccc(C(=O)N2COCN2[*])c1,4.4061,4.474831296673456,4.669587401309182,4.522341688763693,4.114815108407998,3.8120121685231534,4.709447,4.195702
[*]CCCCCCOC(=O)CCCCCCCC(=O)O[*],6.666,4.474831296673456,4.736163345177464,5.931053052345032,5.912175564606426,5.910076274992347,6.5863953,6.610919
[*]C(=O)CCCCCCCCC(=O)N1CCN([*])CC1,5.5844,4.474831296673456,4.6362994293750415,5.168349303957552,5.291684235306418,5.442451100950424,5.378971,5.3559303
[*]CCc1ccc(Cc2ccc([*])cc2)cc1,5.0497,4.474831296673456,4.802739289045745,3.8431406816659885,3.1408692551929076,3.507090275154388,4.340591,4.540991
[*]CC([*])C(=O)OCC(F)(F)C(F)(F)C(F)(F)F,6.6215,4.474831296673456,4.469859569704337,6.094669059503029,6.05151485477294,5.960545045073456,6.3951387,6.2381473
[*]CCCCCCCCCCCCCCCCCCCCOC(=O)c1ccccc1C(=O)O[*],5.172999999999999,4.474831296673456,4.236843766165351,4.941293846774135,5.120995800467066,5.183310784262158,4.461241,4.7362704
