source_id,model,best_drift,found,query_count,valid_rate,drift_at_Q5,drift_at_Q10,drift_at_Q20,drift_at_Q50
poly_3655,D0,0.2278466820716858,True,50,1.0,0.11334866285324097,0.2278466820716858,0.2278466820716858,0.2278466820716858
poly_2369,D0,0.7337827682495117,True,50,1.0,0.3599049746990204,0.6487758159637451,0.6487758159637451,0.7337827682495117
poly_1215,D0,0.5329413414001465,True,50,1.0,0.4632588326931,0.4632588326931,0.5329413414001465,0.5329413414001465
poly_4015,D0,0.3948623538017273,True,50,1.0,0.1687389612197876,0.18003833293914795,0.22954225540161133,0.3948623538017273
poly_517,D0,0.7789402604103088,True,50,1.0,0.23410803079605103,0.7217046022415161,0.7789402604103088,0.7789402604103088
poly_1159,D0,0.4433116316795349,True,50,1.0,0.24492770433425903,0.3627905249595642,0.38590317964553833,0.4433116316795349
poly_2493,D0,0.6333127021789551,True,50,1.0,0.06984031200408936,0.28113552927970886,0.30937108397483826,0.6333127021789551
poly_2226,D0,0.6698780059814453,True,50,1.0,0.24578630924224854,0.5311071872711182,0.5311071872711182,0.6698780059814453
poly_17,D0,1.8620188236236572,True,50,1.0,1.0914726257324219,1.235807180404663,1.2480740547180176,1.8620188236236572
poly_956,D0,0.6060354709625244,True,50,1.0,0.6060354709625244,0.6060354709625244,0.6060354709625244,0.6060354709625244
poly_898,D0,0.5210397243499756,True,50,1.0,0.21434277296066284,0.21434277296066284,0.21434277296066284,0.5210397243499756
poly_1667,D0,0.6052423715591431,True,50,1.0,0.40988707542419434,0.5119231343269348,0.5119231343269348,0.6052423715591431
poly_3362,D0,0.3454400897026062,True,50,1.0,0.2195923924446106,0.3454400897026062,0.3454400897026062,0.3454400897026062
poly_3703,D0,0.700198769569397,True,50,1.0,0.560332179069519,0.560332179069519,0.6441577672958374,0.700198769569397
poly_793,D0,0.5531137585639954,True,50,1.0,0.28978991508483887,0.41147857904434204,0.541034460067749,0.5531137585639954
poly_3189,D0,0.23835384845733643,True,50,1.0,0.17807608842849731,0.17807608842849731,0.18717855215072632,0.23835384845733643
poly_2734,D0,0.8335893154144287,True,50,1.0,0.4902937710285187,0.4902937710285187,0.5003643035888672,0.8335893154144287
poly_1549,D0,0.721710741519928,True,50,1.0,0.48880407214164734,0.6135630011558533,0.6135630011558533,0.721710741519928
poly_3746,D0,0.9598692655563354,True,50,1.0,0.8399677276611328,0.8399677276611328,0.9598692655563354,0.9598692655563354
poly_2736,D0,0.4262722432613373,True,50,1.0,0.4262722432613373,0.4262722432613373,0.4262722432613373,0.4262722432613373
poly_1005,D0,0.44943779706954956,True,50,1.0,0.3106231689453125,0.42223745584487915,0.44943779706954956,0.44943779706954956
poly_367,D0,1.2111271619796753,True,50,1.0,1.2111271619796753,1.2111271619796753,1.2111271619796753,1.2111271619796753
poly_2223,D0,0.6090614199638367,True,50,1.0,0.4805568754673004,0.4805568754673004,0.519826352596283,0.6090614199638367
poly_3386,D0,0.14781486988067627,True,50,1.0,0.08120536804199219,0.14133083820343018,0.14133083820343018,0.14781486988067627
poly_1160,D0,0.5739663243293762,True,50,1.0,0.5739663243293762,0.5739663243293762,0.5739663243293762,0.5739663243293762
poly_1072,D0,0.7170193195343018,True,50,1.0,0.6092445850372314,0.6092445850372314,0.6102854609489441,0.7170193195343018
poly_675,D0,0.6894002556800842,True,50,1.0,0.29002052545547485,0.5257425904273987,0.6894002556800842,0.6894002556800842
poly_754,D0,0.28671175241470337,True,50,1.0,0.28671175241470337,0.28671175241470337,0.28671175241470337,0.28671175241470337
poly_2459,D0,0.5218496918678284,True,50,1.0,0.513479471206665,0.513479471206665,0.5163558721542358,0.5218496918678284
poly_155,D0,0.66343754529953,True,50,1.0,0.5964683890342712,0.616838276386261,0.66343754529953,0.66343754529953
poly_2461,D0,0.5598500967025757,True,50,1.0,0.2916175127029419,0.3537066578865051,0.3537066578865051,0.5598500967025757
poly_2368,D0,0.588099479675293,True,50,1.0,0.27269256114959717,0.27269256114959717,0.5048313140869141,0.588099479675293
poly_512,D0,0.34299445152282715,True,50,1.0,0.22358417510986328,0.22358417510986328,0.26371943950653076,0.34299445152282715
poly_1419,D0,0.7719064354896545,True,50,1.0,0.6315845847129822,0.7719064354896545,0.7719064354896545,0.7719064354896545
poly_2967,D0,0.20285695791244507,True,50,1.0,0.09662985801696777,0.12995785474777222,0.16143465042114258,0.20285695791244507
poly_2076,D0,0.2405295968055725,True,50,1.0,0.13928532600402832,0.13928532600402832,0.13928532600402832,0.2405295968055725
poly_1298,D0,0.4526539444923401,True,50,1.0,0.35016053915023804,0.35016053915023804,0.35016053915023804,0.4526539444923401
poly_1468,D0,0.5085643529891968,True,50,1.0,0.19845688343048096,0.34121808409690857,0.5085643529891968,0.5085643529891968
poly_2730,D0,0.8898513317108154,True,50,1.0,0.6535959839820862,0.7270277738571167,0.829628586769104,0.8898513317108154
poly_1609,D0,0.3531717360019684,True,50,1.0,0.18049800395965576,0.18049800395965576,0.26165157556533813,0.3531717360019684
poly_1809,D0,0.845937192440033,True,50,1.0,0.5649390816688538,0.5649390816688538,0.845937192440033,0.845937192440033
poly_3627,D0,0.4470515251159668,True,50,1.0,0.4470515251159668,0.4470515251159668,0.4470515251159668,0.4470515251159668
poly_660,D0,0.5490566492080688,True,50,1.0,0.4320005476474762,0.4443303942680359,0.5134429931640625,0.5490566492080688
poly_1826,D0,0.6689081192016602,True,50,1.0,0.29780304431915283,0.6204758882522583,0.6689081192016602,0.6689081192016602
poly_2932,D0,0.6035173535346985,True,50,1.0,0.6035173535346985,0.6035173535346985,0.6035173535346985,0.6035173535346985
poly_442,D0,0.6742182970046997,True,50,1.0,0.6261049509048462,0.6261049509048462,0.6261049509048462,0.6742182970046997
poly_449,D0,0.7831941843032837,True,50,1.0,0.6397206783294678,0.6397206783294678,0.6397206783294678,0.7831941843032837
poly_2437,D0,1.0057568550109863,True,50,1.0,0.43629544973373413,0.5803931355476379,1.0057568550109863,1.0057568550109863
poly_2772,D0,0.49174240231513977,True,50,1.0,0.2536141276359558,0.30915918946266174,0.3704964518547058,0.49174240231513977
poly_3030,D0,0.7146679759025574,True,50,1.0,0.3947325646877289,0.4346183240413666,0.4346183240413666,0.7146679759025574
poly_3779,D0,0.6596093773841858,True,50,1.0,0.22119569778442383,0.27081334590911865,0.5978552103042603,0.6596093773841858
poly_2836,D0,0.18470019102096558,True,50,1.0,0.09645825624465942,0.09645825624465942,0.10397392511367798,0.18470019102096558
poly_2367,D0,0.8721014261245728,True,50,1.0,0.8295098543167114,0.8295098543167114,0.8721014261245728,0.8721014261245728
poly_1211,D0,0.48878270387649536,True,50,1.0,0.3009943962097168,0.48878270387649536,0.48878270387649536,0.48878270387649536
poly_3019,D0,0.14780592918395996,True,50,1.0,0.13377779722213745,0.13377779722213745,0.13377779722213745,0.14780592918395996
poly_3129,D0,0.5825992822647095,True,50,1.0,0.2405117154121399,0.24242377281188965,0.24242377281188965,0.5825992822647095
poly_2068,D0,0.3653596341609955,True,50,1.0,0.24732956290245056,0.24732956290245056,0.2826274335384369,0.3653596341609955
poly_782,D0,0.31640589237213135,True,50,1.0,0.14288073778152466,0.22135543823242188,0.22135543823242188,0.31640589237213135
poly_45,D0,1.2345746755599976,True,50,1.0,0.6942887306213379,1.024021029472351,1.2331328392028809,1.2345746755599976
poly_3063,D0,0.27075183391571045,True,20,1.0,0.21983873844146729,0.21983873844146729,0.27075183391571045,0.27075183391571045
poly_903,D0,0.5248178243637085,True,50,1.0,0.37738919258117676,0.5248178243637085,0.5248178243637085,0.5248178243637085
poly_3763,D0,1.0583165884017944,True,50,1.0,0.5358693599700928,0.5358693599700928,1.0583165884017944,1.0583165884017944
poly_990,D0,0.5437226891517639,True,50,1.0,0.3740848898887634,0.3740848898887634,0.3740848898887634,0.5437226891517639
poly_1689,D0,0.522606372833252,True,50,1.0,0.3535138964653015,0.39362749457359314,0.39362749457359314,0.522606372833252
poly_2093,D0,0.4576510488986969,True,50,1.0,0.10669618844985962,0.29008805751800537,0.3636668920516968,0.4576510488986969
poly_3799,D0,0.26127076148986816,True,50,1.0,0.26127076148986816,0.26127076148986816,0.26127076148986816,0.26127076148986816
poly_930,D0,1.0063236951828003,True,50,1.0,0.3704869747161865,0.7083049416542053,0.8899016976356506,1.0063236951828003
poly_3620,D0,0.19337546825408936,True,40,1.0,0.14505141973495483,0.14505141973495483,0.19337546825408936,0.19337546825408936
poly_2098,D0,0.6219435334205627,True,50,1.0,0.2949615716934204,0.43301504850387573,0.6219435334205627,0.6219435334205627
poly_1493,D0,0.68468177318573,True,50,1.0,0.68468177318573,0.68468177318573,0.68468177318573,0.68468177318573
poly_1294,D0,0.5404294729232788,True,50,1.0,0.24702489376068115,0.44742539525032043,0.44742539525032043,0.5404294729232788
poly_2531,D0,0.48666268587112427,True,50,1.0,0.43520060181617737,0.48666268587112427,0.48666268587112427,0.48666268587112427
poly_514,D0,0.3170356750488281,True,50,1.0,0.13115417957305908,0.3170356750488281,0.3170356750488281,0.3170356750488281
poly_244,D0,0.6832558512687683,True,50,1.0,0.3479510545730591,0.4614085555076599,0.6832558512687683,0.6832558512687683
poly_466,D0,0.7041870355606079,True,50,1.0,0.6015626788139343,0.6015626788139343,0.6015626788139343,0.7041870355606079
poly_1171,D0,0.6151701211929321,True,50,1.0,0.3970188796520233,0.4965047836303711,0.5892118215560913,0.6151701211929321
poly_3842,D0,0.3228565454483032,True,36,1.0,0.09126126766204834,0.15742993354797363,0.15742993354797363,0.3228565454483032
poly_3552,D0,0.4105603098869324,True,49,1.0,0.2941209077835083,0.4105603098869324,0.4105603098869324,0.4105603098869324
poly_1117,D0,0.7244051098823547,True,50,1.0,0.6183459162712097,0.6183459162712097,0.7244051098823547,0.7244051098823547
poly_3629,D0,0.2574096918106079,True,50,1.0,0.21062111854553223,0.21422290802001953,0.24240195751190186,0.2574096918106079
poly_2356,D0,1.4102799892425537,True,50,1.0,0.7232527732849121,0.7232527732849121,0.7232527732849121,1.4102799892425537
poly_1461,D0,0.44946813583374023,True,50,1.0,0.44946813583374023,0.44946813583374023,0.44946813583374023,0.44946813583374023
poly_483,D0,1.1250050067901611,True,50,1.0,1.1049286127090454,1.1250050067901611,1.1250050067901611,1.1250050067901611
poly_1700,D0,0.899333119392395,True,50,1.0,0.07085353881120682,0.1920008659362793,0.5291094779968262,0.899333119392395
poly_3290,D0,0.22341901063919067,True,50,1.0,0.10548895597457886,0.10548895597457886,0.22341901063919067,0.22341901063919067
poly_2156,D0,0.4433160424232483,True,50,1.0,0.3866444230079651,0.3866444230079651,0.4433160424232483,0.4433160424232483
poly_3385,D0,0.21439796686172485,True,50,1.0,0.21439796686172485,0.21439796686172485,0.21439796686172485,0.21439796686172485
poly_967,D0,0.5547353029251099,True,50,1.0,0.35146504640579224,0.35146504640579224,0.5547353029251099,0.5547353029251099
poly_3072,D0,0.7721462845802307,True,50,1.0,0.43755489587783813,0.43755489587783813,0.7721462845802307,0.7721462845802307
poly_3316,D0,0.10687077045440674,True,50,1.0,0.10687077045440674,0.10687077045440674,0.10687077045440674,0.10687077045440674
poly_259,D0,0.6220110058784485,True,50,1.0,0.6196227669715881,0.6196227669715881,0.6196227669715881,0.6220110058784485
poly_231,D0,0.4781423807144165,True,50,1.0,0.4092566967010498,0.4092566967010498,0.4092566967010498,0.4781423807144165
poly_2052,D0,0.5456257462501526,True,50,1.0,0.38204655051231384,0.46601733565330505,0.5303195118904114,0.5456257462501526
poly_128,D0,0.49073004722595215,True,50,1.0,0.3408229351043701,0.49073004722595215,0.49073004722595215,0.49073004722595215
poly_2200,D0,0.603334903717041,True,50,1.0,0.43010953068733215,0.4966046214103699,0.4966046214103699,0.603334903717041
poly_32,D0,1.4871782064437866,True,50,1.0,1.19558846950531,1.3981726169586182,1.3981726169586182,1.4871782064437866
poly_2124,D0,0.5051594376564026,True,50,1.0,0.329367458820343,0.4289396405220032,0.4289396405220032,0.5051594376564026
poly_1654,D0,0.5193086266517639,True,50,1.0,0.5193086266517639,0.5193086266517639,0.5193086266517639,0.5193086266517639
poly_189,D0,0.3584778308868408,True,50,1.0,0.2734605073928833,0.2734605073928833,0.2734605073928833,0.3584778308868408
poly_769,D0,0.33041155338287354,True,50,1.0,0.231803297996521,0.231803297996521,0.33041155338287354,0.33041155338287354
poly_3655,D1,0.16761794686317444,True,50,1.0,0.12110555171966553,0.12616026401519775,0.13994789123535156,0.16761794686317444
poly_2369,D1,0.05604010820388794,True,50,1.0,0.013136327266693115,0.01763051748275757,0.03908872604370117,0.05604010820388794
poly_1215,D1,0.10531610250473022,True,50,1.0,0.06593853235244751,0.10531610250473022,0.10531610250473022,0.10531610250473022
poly_4015,D1,0.2713707685470581,True,50,1.0,0.2713707685470581,0.2713707685470581,0.2713707685470581,0.2713707685470581
poly_517,D1,0.5021796822547913,True,50,1.0,0.4732821583747864,0.47536832094192505,0.47536832094192505,0.5021796822547913
poly_1159,D1,0.20063120126724243,True,50,1.0,0.08294761180877686,0.10556185245513916,0.20063120126724243,0.20063120126724243
poly_2493,D1,0.06795603036880493,True,50,1.0,0.062202632427215576,0.062202632427215576,0.062202632427215576,0.06795603036880493
poly_2226,D1,0.0696064829826355,True,50,1.0,0.03385820984840393,0.06365126371383667,0.06365126371383667,0.0696064829826355
poly_17,D1,0.6389580965042114,True,50,1.0,0.3043482303619385,0.6389580965042114,0.6389580965042114,0.6389580965042114
poly_956,D1,0.07834318280220032,True,50,1.0,0.028905004262924194,0.03048604726791382,0.03048604726791382,0.07834318280220032
poly_898,D1,0.2090049386024475,True,50,1.0,0.2090049386024475,0.2090049386024475,0.2090049386024475,0.2090049386024475
poly_1667,D1,0.6104220747947693,True,50,1.0,0.13366132974624634,0.13366132974624634,0.6104220747947693,0.6104220747947693
poly_3362,D1,0.3846938908100128,True,50,1.0,0.23706290125846863,0.23706290125846863,0.3846938908100128,0.3846938908100128
poly_3703,D1,0.46075865626335144,True,50,1.0,0.46075865626335144,0.46075865626335144,0.46075865626335144,0.46075865626335144
poly_793,D1,0.28183114528656006,True,50,1.0,0.2583879232406616,0.2583879232406616,0.28183114528656006,0.28183114528656006
poly_3189,D1,0.32981082797050476,True,50,1.0,0.1244623064994812,0.219946026802063,0.32981082797050476,0.32981082797050476
poly_2734,D1,0.13743916153907776,True,50,1.0,0.13743916153907776,0.13743916153907776,0.13743916153907776,0.13743916153907776
poly_1549,D1,0.154463529586792,True,50,1.0,0.074043869972229,0.10979628562927246,0.10979628562927246,0.154463529586792
poly_3746,D1,0.1227654218673706,True,50,1.0,0.10447344183921814,0.10447344183921814,0.1227654218673706,0.1227654218673706
poly_2736,D1,0.11237195134162903,True,50,1.0,0.037196844816207886,0.04165416955947876,0.04210361838340759,0.11237195134162903
poly_1005,D1,0.8455357551574707,True,50,1.0,0.25571000576019287,0.8455357551574707,0.8455357551574707,0.8455357551574707
poly_367,D1,0.5052875876426697,True,50,1.0,0.43595463037490845,0.4829419255256653,0.4829419255256653,0.5052875876426697
poly_2223,D1,0.08006101846694946,True,50,1.0,0.025329530239105225,0.043153226375579834,0.07313352823257446,0.08006101846694946
poly_3386,D1,0.37469446659088135,True,50,1.0,0.35016143321990967,0.35016143321990967,0.37469446659088135,0.37469446659088135
poly_1160,D1,0.7621439099311829,True,50,1.0,0.36415648460388184,0.717457115650177,0.717457115650177,0.7621439099311829
poly_1072,D1,0.05840855836868286,True,50,1.0,0.03259927034378052,0.05840855836868286,0.05840855836868286,0.05840855836868286
poly_675,D1,0.08199554681777954,True,50,1.0,0.028798937797546387,0.08199554681777954,0.08199554681777954,0.08199554681777954
poly_754,D1,0.34507548809051514,True,50,1.0,0.05910378694534302,0.05910378694534302,0.18904125690460205,0.34507548809051514
poly_2459,D1,0.1682911515235901,True,50,1.0,0.08659583330154419,0.1682911515235901,0.1682911515235901,0.1682911515235901
poly_155,D1,1.019270658493042,True,50,1.0,0.9316163659095764,0.9316163659095764,0.9316163659095764,1.019270658493042
poly_2461,D1,0.11907291412353516,True,50,1.0,0.01760154962539673,0.08311378955841064,0.11907291412353516,0.11907291412353516
poly_2368,D1,0.051711440086364746,True,50,1.0,0.02343672513961792,0.025413036346435547,0.051711440086364746,0.051711440086364746
poly_512,D1,0.6709176898002625,True,50,1.0,0.1514013409614563,0.1514013409614563,0.6709176898002625,0.6709176898002625
poly_1419,D1,0.9491901397705078,True,50,1.0,0.4259432256221771,0.4259432256221771,0.6393529176712036,0.9491901397705078
poly_2967,D1,0.12354466319084167,True,50,1.0,0.08988633751869202,0.11629515886306763,0.11629515886306763,0.12354466319084167
poly_2076,D1,0.09163334965705872,True,50,1.0,0.04209461808204651,0.08479371666908264,0.08479371666908264,0.09163334965705872
poly_1298,D1,0.13658195734024048,True,50,1.0,0.10606175661087036,0.10957884788513184,0.13658195734024048,0.13658195734024048
poly_1468,D1,0.07593852281570435,True,50,1.0,0.0641855001449585,0.0641855001449585,0.0674242377281189,0.07593852281570435
poly_2730,D1,0.07282435894012451,True,50,1.0,0.05751422047615051,0.05751422047615051,0.058311015367507935,0.07282435894012451
poly_1609,D1,0.3328166902065277,True,50,1.0,0.07088407874107361,0.20195764303207397,0.20195764303207397,0.3328166902065277
poly_1809,D1,1.4380816221237183,True,50,1.0,0.6895737648010254,1.011726975440979,1.011726975440979,1.4380816221237183
poly_3627,D1,0.11550691723823547,True,50,1.0,0.11550691723823547,0.11550691723823547,0.11550691723823547,0.11550691723823547
poly_660,D1,0.08225661516189575,True,50,1.0,0.04190659523010254,0.08225661516189575,0.08225661516189575,0.08225661516189575
poly_1826,D1,0.06908825039863586,True,50,1.0,0.06540778279304504,0.06540778279304504,0.06908825039863586,0.06908825039863586
poly_2932,D1,0.5834527611732483,True,50,1.0,0.058163732290267944,0.19346937537193298,0.28924670815467834,0.5834527611732483
poly_442,D1,0.6718107461929321,True,50,1.0,0.4030289053916931,0.4030289053916931,0.6718107461929321,0.6718107461929321
poly_449,D1,0.4613706171512604,True,50,1.0,0.2804948687553406,0.3526225984096527,0.38217923045158386,0.4613706171512604
poly_2437,D1,0.05714571475982666,True,50,1.0,0.054444849491119385,0.054444849491119385,0.054444849491119385,0.05714571475982666
poly_2772,D1,0.42875242233276367,True,50,1.0,0.24984872341156006,0.42875242233276367,0.42875242233276367,0.42875242233276367
poly_3030,D1,0.15459191799163818,True,50,1.0,0.05067259073257446,0.1214524507522583,0.1214524507522583,0.15459191799163818
poly_3779,D1,0.4770759344100952,True,50,1.0,0.2547582983970642,0.2762641906738281,0.4770759344100952,0.4770759344100952
poly_2836,D1,0.0937289297580719,True,50,1.0,0.06929206848144531,0.06929206848144531,0.06929206848144531,0.0937289297580719
poly_2367,D1,0.09481608867645264,True,50,1.0,0.08343389630317688,0.08343389630317688,0.09481608867645264,0.09481608867645264
poly_1211,D1,0.10567629337310791,True,50,1.0,0.04202646017074585,0.07128006219863892,0.10567629337310791,0.10567629337310791
poly_3019,D1,0.08568835258483887,True,50,1.0,0.02032819390296936,0.07986700534820557,0.08568835258483887,0.08568835258483887
poly_3129,D1,0.215322345495224,True,50,1.0,0.215322345495224,0.215322345495224,0.215322345495224,0.215322345495224
poly_2068,D1,0.10335728526115417,True,50,1.0,0.10335728526115417,0.10335728526115417,0.10335728526115417,0.10335728526115417
poly_782,D1,0.19584333896636963,True,50,1.0,0.18374264240264893,0.18374264240264893,0.19584333896636963,0.19584333896636963
poly_45,D1,0.6333525776863098,True,50,1.0,0.6333525776863098,0.6333525776863098,0.6333525776863098,0.6333525776863098
poly_3063,D1,0.18973925709724426,True,20,1.0,0.17616140842437744,0.18973925709724426,0.18973925709724426,0.18973925709724426
poly_903,D1,0.10718384385108948,True,50,1.0,0.09516161680221558,0.09516161680221558,0.09516161680221558,0.10718384385108948
poly_3763,D1,0.13169878721237183,True,50,1.0,0.09314346313476562,0.13169878721237183,0.13169878721237183,0.13169878721237183
poly_990,D1,0.2663978338241577,True,50,1.0,0.058222949504852295,0.1372661590576172,0.1372661590576172,0.2663978338241577
poly_1689,D1,0.06697845458984375,True,50,1.0,0.030881822109222412,0.04533439874649048,0.04533439874649048,0.06697845458984375
poly_2093,D1,0.13124191761016846,True,50,1.0,0.09315705299377441,0.11799496412277222,0.11799496412277222,0.13124191761016846
poly_3799,D1,0.6141253709793091,True,50,1.0,0.40641194581985474,0.5998295545578003,0.5998295545578003,0.6141253709793091
poly_930,D1,0.13150230050086975,True,50,1.0,0.11124733090400696,0.11124733090400696,0.11124733090400696,0.13150230050086975
poly_3620,D1,0.08107239007949829,True,40,1.0,0.07235527038574219,0.07620799541473389,0.08076867461204529,0.08107239007949829
poly_2098,D1,0.061478495597839355,True,50,1.0,0.048761963844299316,0.05333602428436279,0.05652165412902832,0.061478495597839355
poly_1493,D1,0.09292533993721008,True,50,1.0,0.06398835778236389,0.06398835778236389,0.08692517876625061,0.09292533993721008
poly_1294,D1,0.07101479172706604,True,50,1.0,0.06446662545204163,0.06446662545204163,0.06446662545204163,0.07101479172706604
poly_2531,D1,0.11470460891723633,True,50,1.0,0.08229553699493408,0.08229553699493408,0.11470460891723633,0.11470460891723633
poly_514,D1,0.23102647066116333,True,50,1.0,0.16909444332122803,0.16909444332122803,0.18169105052947998,0.23102647066116333
poly_244,D1,0.22844988107681274,True,50,1.0,0.05543726682662964,0.07028856873512268,0.08745446801185608,0.22844988107681274
poly_466,D1,0.9523159265518188,True,50,1.0,0.8646687269210815,0.8646687269210815,0.9339444041252136,0.9523159265518188
poly_1171,D1,0.09134572744369507,True,50,1.0,0.06942766904830933,0.09134572744369507,0.09134572744369507,0.09134572744369507
poly_3842,D1,0.12103271484375,True,36,1.0,0.11028444766998291,0.12103271484375,0.12103271484375,0.12103271484375
poly_3552,D1,0.29804712533950806,True,50,1.0,0.28141120076179504,0.28141120076179504,0.28141120076179504,0.29804712533950806
poly_1117,D1,1.137676477432251,True,50,1.0,0.8332391381263733,1.0490422248840332,1.0943694114685059,1.137676477432251
poly_3629,D1,0.6197433471679688,True,50,1.0,0.5726243257522583,0.5814027190208435,0.5814027190208435,0.6197433471679688
poly_2356,D1,0.6957725286483765,True,50,1.0,0.1389501690864563,0.3403399884700775,0.42417600750923157,0.6957725286483765
poly_1461,D1,0.1897934377193451,True,50,1.0,0.17274653911590576,0.17274653911590576,0.17274653911590576,0.1897934377193451
poly_483,D1,0.8322378396987915,True,50,1.0,0.7606570720672607,0.8090064525604248,0.8322378396987915,0.8322378396987915
poly_1700,D1,0.07616782188415527,True,50,1.0,0.07616782188415527,0.07616782188415527,0.07616782188415527,0.07616782188415527
poly_3290,D1,0.0663694441318512,True,50,1.0,0.0388278067111969,0.04899716377258301,0.0663694441318512,0.0663694441318512
poly_2156,D1,0.21045219898223877,True,50,1.0,0.0523296594619751,0.05523943901062012,0.058579325675964355,0.21045219898223877
poly_3385,D1,0.09605023264884949,True,50,1.0,0.07487228512763977,0.07487228512763977,0.07487228512763977,0.09605023264884949
poly_967,D1,0.8759786486625671,True,50,1.0,0.24362999200820923,0.8759786486625671,0.8759786486625671,0.8759786486625671
poly_3072,D1,0.42003315687179565,True,50,1.0,0.2904755771160126,0.2904755771160126,0.42003315687179565,0.42003315687179565
poly_3316,D1,0.18863365054130554,True,50,1.0,0.05892056226730347,0.12353566288948059,0.18863365054130554,0.18863365054130554
poly_259,D1,0.5293301939964294,True,50,1.0,0.42621392011642456,0.42621392011642456,0.42621392011642456,0.5293301939964294
poly_231,D1,0.5310011506080627,True,50,1.0,0.45602917671203613,0.5154774188995361,0.5310011506080627,0.5310011506080627
poly_2052,D1,0.07268154621124268,True,50,1.0,0.07268154621124268,0.07268154621124268,0.07268154621124268,0.07268154621124268
poly_128,D1,0.8582547307014465,True,50,1.0,0.7860745191574097,0.7860745191574097,0.8582547307014465,0.8582547307014465
poly_2200,D1,0.0951312780380249,True,50,1.0,0.0951312780380249,0.0951312780380249,0.0951312780380249,0.0951312780380249
poly_32,D1,0.8727489709854126,True,50,1.0,0.7779688835144043,0.8106978535652161,0.8727489709854126,0.8727489709854126
poly_2124,D1,0.14219138026237488,True,50,1.0,0.12089374661445618,0.12089374661445618,0.14162129163742065,0.14219138026237488
poly_1654,D1,0.11429479718208313,True,50,1.0,0.0768614113330841,0.0768614113330841,0.0824994146823883,0.11429479718208313
poly_189,D1,0.3607867360115051,True,50,1.0,0.23266631364822388,0.3607867360115051,0.3607867360115051,0.3607867360115051
poly_769,D1,0.12158018350601196,True,50,1.0,0.05809599161148071,0.08536410331726074,0.08536410331726074,0.12158018350601196
