source_id,source_smiles,candidate_smiles,source_prediction_eV,candidate_prediction_eV,drift_eV,valid,independent_edit_count,string_edit_distance,atom_delta,components,site_was_aromatic,site_bonds_to_wildcard,site_element_from,site_element_to
2946,[*]CNC(=O)CCCCCCCCC(=O)N[*],*NNC(=O)CCCCCCCCC(=O)N*,5.987525939941406,5.832040786743164,0.1554851531982422,True,1,3,0,1,False,1,C,N
2946,[*]CNC(=O)CCCCCCCCC(=O)N[*],*NC(=O)CCCCCCCCC(=O)NO*,5.987525939941406,6.212977409362793,0.22545146942138672,True,1,4,0,1,False,1,C,O
2946,[*]CNC(=O)CCCCCCCCC(=O)N[*],*NC(=O)CCCCCCCCC(=O)NS*,5.987525939941406,4.8462934494018555,1.1412324905395508,True,1,4,0,1,False,1,C,S
2946,[*]CNC(=O)CCCCCCCCC(=O)N[*],*CCC(=O)CCCCCCCCC(=O)N*,5.987525939941406,6.103135108947754,0.11560916900634766,True,1,3,0,1,False,0,N,C
2946,[*]CNC(=O)CCCCCCCCC(=O)N[*],*COC(=O)CCCCCCCCC(=O)N*,5.987525939941406,6.182152271270752,0.1946263313293457,True,1,3,0,1,False,0,N,O
2946,[*]CNC(=O)CCCCCCCCC(=O)N[*],*CSC(=O)CCCCCCCCC(=O)N*,5.987525939941406,5.695896148681641,0.2916297912597656,True,1,3,0,1,False,0,N,S
2946,[*]CNC(=O)CCCCCCCCC(=O)N[*],*CNS(=O)CCCCCCCCC(=O)N*,5.987525939941406,5.920791149139404,0.06673479080200195,True,1,3,0,1,False,0,C,S
2946,[*]CNC(=O)CCCCCCCCC(=O)N[*],*CNC(=C)CCCCCCCCC(=O)N*,5.987525939941406,5.611163139343262,0.37636280059814453,True,1,3,0,1,False,0,O,C
2946,[*]CNC(=O)CCCCCCCCC(=O)N[*],*CNC(=N)CCCCCCCCC(=O)N*,5.987525939941406,5.830198287963867,0.15732765197753906,True,1,3,0,1,False,0,O,N
2946,[*]CNC(=O)CCCCCCCCC(=O)N[*],*CNC(=S)CCCCCCCCC(=O)N*,5.987525939941406,5.081671714782715,0.9058542251586914,True,1,3,0,1,False,0,O,S
2946,[*]CNC(=O)CCCCCCCCC(=O)N[*],*CNC(=O)NCCCCCCCC(=O)N*,5.987525939941406,5.8557820320129395,0.1317439079284668,True,1,3,0,1,False,0,C,N
2946,[*]CNC(=O)CCCCCCCCC(=O)N[*],*CNC(=O)OCCCCCCCC(=O)N*,5.987525939941406,6.082812786102295,0.09528684616088867,True,1,3,0,1,False,0,C,O
2946,[*]CNC(=O)CCCCCCCCC(=O)N[*],*CNC(=O)SCCCCCCCC(=O)N*,5.987525939941406,5.25222635269165,0.7352995872497559,True,1,3,0,1,False,0,C,S
2946,[*]CNC(=O)CCCCCCCCC(=O)N[*],*CNC(=O)CNCCCCCCC(=O)N*,5.987525939941406,5.672981262207031,0.314544677734375,True,1,3,0,1,False,0,C,N
2946,[*]CNC(=O)CCCCCCCCC(=O)N[*],*CNC(=O)COCCCCCCC(=O)N*,5.987525939941406,5.800314426422119,0.1872115135192871,True,1,3,0,1,False,0,C,O
2946,[*]CNC(=O)CCCCCCCCC(=O)N[*],*CNC(=O)CSCCCCCCC(=O)N*,5.987525939941406,4.9671220779418945,1.0204038619995117,True,1,3,0,1,False,0,C,S
2946,[*]CNC(=O)CCCCCCCCC(=O)N[*],*CNC(=O)CCNCCCCCC(=O)N*,5.987525939941406,5.6501007080078125,0.33742523193359375,True,1,3,0,1,False,0,C,N
2946,[*]CNC(=O)CCCCCCCCC(=O)N[*],*CNC(=O)CCOCCCCCC(=O)N*,5.987525939941406,5.75633430480957,0.23119163513183594,True,1,3,0,1,False,0,C,O
2946,[*]CNC(=O)CCCCCCCCC(=O)N[*],*CNC(=O)CCSCCCCCC(=O)N*,5.987525939941406,4.975788116455078,1.0117378234863281,True,1,3,0,1,False,0,C,S
2946,[*]CNC(=O)CCCCCCCCC(=O)N[*],*CNC(=O)CCCNCCCCC(=O)N*,5.987525939941406,5.649425029754639,0.3381009101867676,True,1,3,0,1,False,0,C,N
2946,[*]CNC(=O)CCCCCCCCC(=O)N[*],*CNC(=O)CCCOCCCCC(=O)N*,5.987525939941406,5.753708362579346,0.23381757736206055,True,1,3,0,1,False,0,C,O
2946,[*]CNC(=O)CCCCCCCCC(=O)N[*],*CNC(=O)CCCSCCCCC(=O)N*,5.987525939941406,4.923407077789307,1.0641188621520996,True,1,3,0,1,False,0,C,S
2946,[*]CNC(=O)CCCCCCCCC(=O)N[*],*CNC(=O)CCCCNCCCC(=O)N*,5.987525939941406,5.649425029754639,0.3381009101867676,True,1,3,0,1,False,0,C,N
2946,[*]CNC(=O)CCCCCCCCC(=O)N[*],*CNC(=O)CCCCOCCCC(=O)N*,5.987525939941406,5.753708362579346,0.23381757736206055,True,1,3,0,1,False,0,C,O
2946,[*]CNC(=O)CCCCCCCCC(=O)N[*],*CNC(=O)CCCCSCCCC(=O)N*,5.987525939941406,4.923342227935791,1.0641837120056152,True,1,3,0,1,False,0,C,S
2946,[*]CNC(=O)CCCCCCCCC(=O)N[*],*CNC(=O)CCCCCNCCC(=O)N*,5.987525939941406,5.650116920471191,0.33740901947021484,True,1,3,0,1,False,0,C,N
2946,[*]CNC(=O)CCCCCCCCC(=O)N[*],*CNC(=O)CCCCCOCCC(=O)N*,5.987525939941406,5.756349086761475,0.23117685317993164,True,1,3,0,1,False,0,C,O
2946,[*]CNC(=O)CCCCCCCCC(=O)N[*],*CNC(=O)CCCCCSCCC(=O)N*,5.987525939941406,4.976443767547607,1.0110821723937988,True,1,3,0,1,False,0,C,S
2946,[*]CNC(=O)CCCCCCCCC(=O)N[*],*CNC(=O)CCCCCCNCC(=O)N*,5.987525939941406,5.670838356018066,0.31668758392333984,True,1,3,0,1,False,0,C,N
2946,[*]CNC(=O)CCCCCCCCC(=O)N[*],*CNC(=O)CCCCCCOCC(=O)N*,5.987525939941406,5.79334831237793,0.19417762756347656,True,1,3,0,1,False,0,C,O
2946,[*]CNC(=O)CCCCCCCCC(=O)N[*],*CNC(=O)CCCCCCSCC(=O)N*,5.987525939941406,4.949009418487549,1.0385165214538574,True,1,3,0,1,False,0,C,S
2946,[*]CNC(=O)CCCCCCCCC(=O)N[*],*CNC(=O)CCCCCCCNC(=O)N*,5.987525939941406,5.818623065948486,0.16890287399291992,True,1,3,0,1,False,0,C,N
2946,[*]CNC(=O)CCCCCCCCC(=O)N[*],*CNC(=O)CCCCCCCOC(=O)N*,5.987525939941406,6.050589561462402,0.0630636215209961,True,1,3,0,1,False,0,C,O
2946,[*]CNC(=O)CCCCCCCCC(=O)N[*],*CNC(=O)CCCCCCCSC(=O)N*,5.987525939941406,5.186773777008057,0.8007521629333496,True,1,3,0,1,False,0,C,S
2946,[*]CNC(=O)CCCCCCCCC(=O)N[*],*CNC(=O)CCCCCCCCS(=O)N*,5.987525939941406,5.9420552253723145,0.0454707145690918,True,1,3,0,1,False,0,C,S
2946,[*]CNC(=O)CCCCCCCCC(=O)N[*],*CNC(=O)CCCCCCCCC(=C)N*,5.987525939941406,5.620461463928223,0.3670644760131836,True,1,3,0,1,False,0,O,C
2946,[*]CNC(=O)CCCCCCCCC(=O)N[*],*CNC(=O)CCCCCCCCC(=N)N*,5.987525939941406,5.829811096191406,0.15771484375,True,1,3,0,1,False,0,O,N
2946,[*]CNC(=O)CCCCCCCCC(=O)N[*],*CNC(=O)CCCCCCCCC(=S)N*,5.987525939941406,5.022373199462891,0.9651527404785156,True,1,3,0,1,False,0,O,S
2946,[*]CNC(=O)CCCCCCCCC(=O)N[*],*CNC(=O)CCCCCCCCC(=O)C*,5.987525939941406,6.096407890319824,0.10888195037841797,True,1,3,0,1,False,1,N,C
2946,[*]CNC(=O)CCCCCCCCC(=O)N[*],*CNC(=O)CCCCCCCCC(=O)O*,5.987525939941406,6.4219136238098145,0.4343876838684082,True,1,3,0,1,False,1,N,O
2946,[*]CNC(=O)CCCCCCCCC(=O)N[*],*CNC(=O)CCCCCCCCC(=O)S*,5.987525939941406,5.256679534912109,0.7308464050292969,True,1,3,0,1,False,1,N,S
2947,[*]Oc1ccc(CC(NC(=O)CCc2ccc(OC(=O)CCCCCCC([*])=O)cc2)C(=O)OC)cc1,*Cc1ccc(CC(NC(=O)CCc2ccc(OC(=O)CCCCCCC(*)=O)cc2)C(=O)OC)cc1,4.8054304122924805,4.90601921081543,0.10058879852294922,True,1,3,0,1,False,1,O,C
2947,[*]Oc1ccc(CC(NC(=O)CCc2ccc(OC(=O)CCCCCCC([*])=O)cc2)C(=O)OC)cc1,*Nc1ccc(CC(NC(=O)CCc2ccc(OC(=O)CCCCCCC(*)=O)cc2)C(=O)OC)cc1,4.8054304122924805,4.591967582702637,0.21346282958984375,True,1,3,0,1,False,1,O,N
2947,[*]Oc1ccc(CC(NC(=O)CCc2ccc(OC(=O)CCCCCCC([*])=O)cc2)C(=O)OC)cc1,*Sc1ccc(CC(NC(=O)CCc2ccc(OC(=O)CCCCCCC(*)=O)cc2)C(=O)OC)cc1,4.8054304122924805,4.596832752227783,0.20859766006469727,True,1,3,0,1,False,1,O,S
2947,[*]Oc1ccc(CC(NC(=O)CCc2ccc(OC(=O)CCCCCCC([*])=O)cc2)C(=O)OC)cc1,*OS1=CC=C(CC(NC(=O)CCc2ccc(OC(=O)CCCCCCC(*)=O)cc2)C(=O)OC)C=C1,4.8054304122924805,4.16964864730835,0.6357817649841309,True,1,11,0,1,True,0,C,S
2947,[*]Oc1ccc(CC(NC(=O)CCc2ccc(OC(=O)CCCCCCC([*])=O)cc2)C(=O)OC)cc1,*Oc1ccc(CC(NC(=O)CCc2ccc(OC(=O)CCCCCCC(*)=O)cc2)C(=O)OC)cn1,4.8054304122924805,4.8593974113464355,0.05396699905395508,True,1,3,0,1,True,0,C,N
2947,[*]Oc1ccc(CC(NC(=O)CCc2ccc(OC(=O)CCCCCCC([*])=O)cc2)C(=O)OC)cc1,*Oc1ccc(CC(NC(=O)CCc2ccc(OC(=O)CCCCCCC(*)=O)cc2)C(=O)OC)nc1,4.8054304122924805,4.84401273727417,0.03858232498168945,True,1,3,0,1,True,0,C,N
2947,[*]Oc1ccc(CC(NC(=O)CCc2ccc(OC(=O)CCCCCCC([*])=O)cc2)C(=O)OC)cc1,*OC1=CC=S(CC(NC(=O)CCc2ccc(OC(=O)CCCCCCC(*)=O)cc2)C(=O)OC)C=C1,4.8054304122924805,4.137176036834717,0.6682543754577637,True,1,11,0,1,True,0,C,S
2947,[*]Oc1ccc(CC(NC(=O)CCc2ccc(OC(=O)CCCCCCC([*])=O)cc2)C(=O)OC)cc1,*Oc1ccc(NC(NC(=O)CCc2ccc(OC(=O)CCCCCCC(*)=O)cc2)C(=O)OC)cc1,4.8054304122924805,4.559333801269531,0.24609661102294922,True,1,3,0,1,False,0,C,N
2947,[*]Oc1ccc(CC(NC(=O)CCc2ccc(OC(=O)CCCCCCC([*])=O)cc2)C(=O)OC)cc1,*Oc1ccc(OC(NC(=O)CCc2ccc(OC(=O)CCCCCCC(*)=O)cc2)C(=O)OC)cc1,4.8054304122924805,4.591245651245117,0.21418476104736328,True,1,3,0,1,False,0,C,O
2947,[*]Oc1ccc(CC(NC(=O)CCc2ccc(OC(=O)CCCCCCC([*])=O)cc2)C(=O)OC)cc1,*Oc1ccc(SC(NC(=O)CCc2ccc(OC(=O)CCCCCCC(*)=O)cc2)C(=O)OC)cc1,4.8054304122924805,4.551833152770996,0.2535972595214844,True,1,3,0,1,False,0,C,S
2947,[*]Oc1ccc(CC(NC(=O)CCc2ccc(OC(=O)CCCCCCC([*])=O)cc2)C(=O)OC)cc1,*Oc1ccc(CN(NC(=O)CCc2ccc(OC(=O)CCCCCCC(*)=O)cc2)C(=O)OC)cc1,4.8054304122924805,4.53056001663208,0.2748703956604004,True,1,3,0,1,False,0,C,N
2947,[*]Oc1ccc(CC(NC(=O)CCc2ccc(OC(=O)CCCCCCC([*])=O)cc2)C(=O)OC)cc1,*Oc1ccc(C[SH](NC(=O)CCc2ccc(OC(=O)CCCCCCC(*)=O)cc2)C(=O)OC)cc1,4.8054304122924805,4.779500484466553,0.025929927825927734,True,1,3,0,1,False,0,C,S
2947,[*]Oc1ccc(CC(NC(=O)CCc2ccc(OC(=O)CCCCCCC([*])=O)cc2)C(=O)OC)cc1,*Oc1ccc(CC(CC(=O)CCc2ccc(OC(=O)CCCCCCC(*)=O)cc2)C(=O)OC)cc1,4.8054304122924805,4.830618858337402,0.025188446044921875,True,1,3,0,1,False,0,N,C
2947,[*]Oc1ccc(CC(NC(=O)CCc2ccc(OC(=O)CCCCCCC([*])=O)cc2)C(=O)OC)cc1,*Oc1ccc(CC(OC(=O)CCc2ccc(OC(=O)CCCCCCC(*)=O)cc2)C(=O)OC)cc1,4.8054304122924805,4.836124420166016,0.030694007873535156,True,1,3,0,1,False,0,N,O
2947,[*]Oc1ccc(CC(NC(=O)CCc2ccc(OC(=O)CCCCCCC([*])=O)cc2)C(=O)OC)cc1,*Oc1ccc(CC(SC(=O)CCc2ccc(OC(=O)CCCCCCC(*)=O)cc2)C(=O)OC)cc1,4.8054304122924805,4.748361110687256,0.05706930160522461,True,1,3,0,1,False,0,N,S
2947,[*]Oc1ccc(CC(NC(=O)CCc2ccc(OC(=O)CCCCCCC([*])=O)cc2)C(=O)OC)cc1,*Oc1ccc(CC(NS(=O)CCc2ccc(OC(=O)CCCCCCC(*)=O)cc2)C(=O)OC)cc1,4.8054304122924805,4.7817912101745605,0.023639202117919922,True,1,3,0,1,False,0,C,S
2947,[*]Oc1ccc(CC(NC(=O)CCc2ccc(OC(=O)CCCCCCC([*])=O)cc2)C(=O)OC)cc1,*Oc1ccc(CC(NC(=C)CCc2ccc(OC(=O)CCCCCCC(*)=O)cc2)C(=O)OC)cc1,4.8054304122924805,4.749942779541016,0.055487632751464844,True,1,3,0,1,False,0,O,C
2947,[*]Oc1ccc(CC(NC(=O)CCc2ccc(OC(=O)CCCCCCC([*])=O)cc2)C(=O)OC)cc1,*Oc1ccc(CC(NC(=N)CCc2ccc(OC(=O)CCCCCCC(*)=O)cc2)C(=O)OC)cc1,4.8054304122924805,4.786052227020264,0.019378185272216797,True,1,3,0,1,False,0,O,N
2947,[*]Oc1ccc(CC(NC(=O)CCc2ccc(OC(=O)CCCCCCC([*])=O)cc2)C(=O)OC)cc1,*Oc1ccc(CC(NC(=S)CCc2ccc(OC(=O)CCCCCCC(*)=O)cc2)C(=O)OC)cc1,4.8054304122924805,4.60573148727417,0.19969892501831055,True,1,3,0,1,False,0,O,S
2947,[*]Oc1ccc(CC(NC(=O)CCc2ccc(OC(=O)CCCCCCC([*])=O)cc2)C(=O)OC)cc1,*Oc1ccc(CC(NC(=O)NCc2ccc(OC(=O)CCCCCCC(*)=O)cc2)C(=O)OC)cc1,4.8054304122924805,4.750595569610596,0.054834842681884766,True,1,3,0,1,False,0,C,N
2947,[*]Oc1ccc(CC(NC(=O)CCc2ccc(OC(=O)CCCCCCC([*])=O)cc2)C(=O)OC)cc1,*Oc1ccc(CC(NC(=O)OCc2ccc(OC(=O)CCCCCCC(*)=O)cc2)C(=O)OC)cc1,4.8054304122924805,4.753979206085205,0.05145120620727539,True,1,3,0,1,False,0,C,O
2947,[*]Oc1ccc(CC(NC(=O)CCc2ccc(OC(=O)CCCCCCC([*])=O)cc2)C(=O)OC)cc1,*Oc1ccc(CC(NC(=O)SCc2ccc(OC(=O)CCCCCCC(*)=O)cc2)C(=O)OC)cc1,4.8054304122924805,4.536381721496582,0.26904869079589844,True,1,3,0,1,False,0,C,S
2947,[*]Oc1ccc(CC(NC(=O)CCc2ccc(OC(=O)CCCCCCC([*])=O)cc2)C(=O)OC)cc1,*Oc1ccc(CC(NC(=O)CNc2ccc(OC(=O)CCCCCCC(*)=O)cc2)C(=O)OC)cc1,4.8054304122924805,4.623592376708984,0.1818380355834961,True,1,3,0,1,False,0,C,N
2947,[*]Oc1ccc(CC(NC(=O)CCc2ccc(OC(=O)CCCCCCC([*])=O)cc2)C(=O)OC)cc1,*Oc1ccc(CC(NC(=O)COc2ccc(OC(=O)CCCCCCC(*)=O)cc2)C(=O)OC)cc1,4.8054304122924805,4.622644424438477,0.1827859878540039,True,1,3,0,1,False,0,C,O
2947,[*]Oc1ccc(CC(NC(=O)CCc2ccc(OC(=O)CCCCCCC([*])=O)cc2)C(=O)OC)cc1,*Oc1ccc(CC(NC(=O)CSc2ccc(OC(=O)CCCCCCC(*)=O)cc2)C(=O)OC)cc1,4.8054304122924805,4.539015769958496,0.2664146423339844,True,1,3,0,1,False,0,C,S
2947,[*]Oc1ccc(CC(NC(=O)CCc2ccc(OC(=O)CCCCCCC([*])=O)cc2)C(=O)OC)cc1,*Oc1ccc(CC(NC(=O)CCS2=CC=C(OC(=O)CCCCCCC(*)=O)C=C2)C(=O)OC)cc1,4.8054304122924805,4.151454925537109,0.6539754867553711,True,1,11,0,1,True,0,C,S
2947,[*]Oc1ccc(CC(NC(=O)CCc2ccc(OC(=O)CCCCCCC([*])=O)cc2)C(=O)OC)cc1,*Oc1ccc(CC(NC(=O)CCc2ccc(OC(=O)CCCCCCC(*)=O)cn2)C(=O)OC)cc1,4.8054304122924805,4.843774795532227,0.038344383239746094,True,1,3,0,1,True,0,C,N
2947,[*]Oc1ccc(CC(NC(=O)CCc2ccc(OC(=O)CCCCCCC([*])=O)cc2)C(=O)OC)cc1,*Oc1ccc(CC(NC(=O)CCc2ccc(OC(=O)CCCCCCC(*)=O)nc2)C(=O)OC)cc1,4.8054304122924805,4.858218669891357,0.05278825759887695,True,1,3,0,1,True,0,C,N
2947,[*]Oc1ccc(CC(NC(=O)CCc2ccc(OC(=O)CCCCCCC([*])=O)cc2)C(=O)OC)cc1,*Oc1ccc(CC(NC(=O)CCC2=CC=S(OC(=O)CCCCCCC(*)=O)C=C2)C(=O)OC)cc1,4.8054304122924805,4.142287731170654,0.6631426811218262,True,1,11,0,1,True,0,C,S
2947,[*]Oc1ccc(CC(NC(=O)CCc2ccc(OC(=O)CCCCCCC([*])=O)cc2)C(=O)OC)cc1,*Oc1ccc(CC(NC(=O)CCc2ccc(CC(=O)CCCCCCC(*)=O)cc2)C(=O)OC)cc1,4.8054304122924805,4.918173313140869,0.11274290084838867,True,1,3,0,1,False,0,O,C
2947,[*]Oc1ccc(CC(NC(=O)CCc2ccc(OC(=O)CCCCCCC([*])=O)cc2)C(=O)OC)cc1,*Oc1ccc(CC(NC(=O)CCc2ccc(NC(=O)CCCCCCC(*)=O)cc2)C(=O)OC)cc1,4.8054304122924805,4.736717700958252,0.06871271133422852,True,1,3,0,1,False,0,O,N
2947,[*]Oc1ccc(CC(NC(=O)CCc2ccc(OC(=O)CCCCCCC([*])=O)cc2)C(=O)OC)cc1,*Oc1ccc(CC(NC(=O)CCc2ccc(SC(=O)CCCCCCC(*)=O)cc2)C(=O)OC)cc1,4.8054304122924805,4.786834239959717,0.018596172332763672,True,1,3,0,1,False,0,O,S
2947,[*]Oc1ccc(CC(NC(=O)CCc2ccc(OC(=O)CCCCCCC([*])=O)cc2)C(=O)OC)cc1,*Oc1ccc(CC(NC(=O)CCc2ccc(OS(=O)CCCCCCC(*)=O)cc2)C(=O)OC)cc1,4.8054304122924805,4.655729293823242,0.14970111846923828,True,1,3,0,1,False,0,C,S
2947,[*]Oc1ccc(CC(NC(=O)CCc2ccc(OC(=O)CCCCCCC([*])=O)cc2)C(=O)OC)cc1,*Oc1ccc(CC(NC(=O)CCc2ccc(OC(=C)CCCCCCC(*)=O)cc2)C(=O)OC)cc1,4.8054304122924805,4.757061958312988,0.04836845397949219,True,1,3,0,1,False,0,O,C
2947,[*]Oc1ccc(CC(NC(=O)CCc2ccc(OC(=O)CCCCCCC([*])=O)cc2)C(=O)OC)cc1,*Oc1ccc(CC(NC(=O)CCc2ccc(OC(=N)CCCCCCC(*)=O)cc2)C(=O)OC)cc1,4.8054304122924805,4.7768025398254395,0.028627872467041016,True,1,3,0,1,False,0,O,N
2947,[*]Oc1ccc(CC(NC(=O)CCc2ccc(OC(=O)CCCCCCC([*])=O)cc2)C(=O)OC)cc1,*Oc1ccc(CC(NC(=O)CCc2ccc(OC(=S)CCCCCCC(*)=O)cc2)C(=O)OC)cc1,4.8054304122924805,4.5529279708862305,0.25250244140625,True,1,3,0,1,False,0,O,S
2947,[*]Oc1ccc(CC(NC(=O)CCc2ccc(OC(=O)CCCCCCC([*])=O)cc2)C(=O)OC)cc1,*Oc1ccc(CC(NC(=O)CCc2ccc(OC(=O)NCCCCCC(*)=O)cc2)C(=O)OC)cc1,4.8054304122924805,4.762459754943848,0.04297065734863281,True,1,3,0,1,False,0,C,N
2947,[*]Oc1ccc(CC(NC(=O)CCc2ccc(OC(=O)CCCCCCC([*])=O)cc2)C(=O)OC)cc1,*Oc1ccc(CC(NC(=O)CCc2ccc(OC(=O)OCCCCCC(*)=O)cc2)C(=O)OC)cc1,4.8054304122924805,4.802246570587158,0.0031838417053222656,True,1,3,0,1,False,0,C,O
2947,[*]Oc1ccc(CC(NC(=O)CCc2ccc(OC(=O)CCCCCCC([*])=O)cc2)C(=O)OC)cc1,*Oc1ccc(CC(NC(=O)CCc2ccc(OC(=O)SCCCCCC(*)=O)cc2)C(=O)OC)cc1,4.8054304122924805,4.657320976257324,0.14810943603515625,True,1,3,0,1,False,0,C,S
2947,[*]Oc1ccc(CC(NC(=O)CCc2ccc(OC(=O)CCCCCCC([*])=O)cc2)C(=O)OC)cc1,*Oc1ccc(CC(NC(=O)CCc2ccc(OC(=O)CNCCCCC(*)=O)cc2)C(=O)OC)cc1,4.8054304122924805,4.7398905754089355,0.06553983688354492,True,1,3,0,1,False,0,C,N
2947,[*]Oc1ccc(CC(NC(=O)CCc2ccc(OC(=O)CCCCCCC([*])=O)cc2)C(=O)OC)cc1,*Oc1ccc(CC(NC(=O)CCc2ccc(OC(=O)COCCCCC(*)=O)cc2)C(=O)OC)cc1,4.8054304122924805,4.750303745269775,0.05512666702270508,True,1,3,0,1,False,0,C,O
2947,[*]Oc1ccc(CC(NC(=O)CCc2ccc(OC(=O)CCCCCCC([*])=O)cc2)C(=O)OC)cc1,*Oc1ccc(CC(NC(=O)CCc2ccc(OC(=O)CSCCCCC(*)=O)cc2)C(=O)OC)cc1,4.8054304122924805,4.575839042663574,0.22959136962890625,True,1,3,0,1,False,0,C,S
2947,[*]Oc1ccc(CC(NC(=O)CCc2ccc(OC(=O)CCCCCCC([*])=O)cc2)C(=O)OC)cc1,*Oc1ccc(CC(NC(=O)CCc2ccc(OC(=O)CCNCCCC(*)=O)cc2)C(=O)OC)cc1,4.8054304122924805,4.7410125732421875,0.06441783905029297,True,1,3,0,1,False,0,C,N
2947,[*]Oc1ccc(CC(NC(=O)CCc2ccc(OC(=O)CCCCCCC([*])=O)cc2)C(=O)OC)cc1,*Oc1ccc(CC(NC(=O)CCc2ccc(OC(=O)CCOCCCC(*)=O)cc2)C(=O)OC)cc1,4.8054304122924805,4.757115364074707,0.04831504821777344,True,1,3,0,1,False,0,C,O
2947,[*]Oc1ccc(CC(NC(=O)CCc2ccc(OC(=O)CCCCCCC([*])=O)cc2)C(=O)OC)cc1,*Oc1ccc(CC(NC(=O)CCc2ccc(OC(=O)CCSCCCC(*)=O)cc2)C(=O)OC)cc1,4.8054304122924805,4.622018814086914,0.1834115982055664,True,1,3,0,1,False,0,C,S
2947,[*]Oc1ccc(CC(NC(=O)CCc2ccc(OC(=O)CCCCCCC([*])=O)cc2)C(=O)OC)cc1,*Oc1ccc(CC(NC(=O)CCc2ccc(OC(=O)CCCNCCC(*)=O)cc2)C(=O)OC)cc1,4.8054304122924805,4.740977764129639,0.0644526481628418,True,1,3,0,1,False,0,C,N
2947,[*]Oc1ccc(CC(NC(=O)CCc2ccc(OC(=O)CCCCCCC([*])=O)cc2)C(=O)OC)cc1,*Oc1ccc(CC(NC(=O)CCc2ccc(OC(=O)CCCOCCC(*)=O)cc2)C(=O)OC)cc1,4.8054304122924805,4.75701904296875,0.04841136932373047,True,1,3,0,1,False,0,C,O
2947,[*]Oc1ccc(CC(NC(=O)CCc2ccc(OC(=O)CCCCCCC([*])=O)cc2)C(=O)OC)cc1,*Oc1ccc(CC(NC(=O)CCc2ccc(OC(=O)CCCSCCC(*)=O)cc2)C(=O)OC)cc1,4.8054304122924805,4.619135856628418,0.1862945556640625,True,1,3,0,1,False,0,C,S
2947,[*]Oc1ccc(CC(NC(=O)CCc2ccc(OC(=O)CCCCCCC([*])=O)cc2)C(=O)OC)cc1,*Oc1ccc(CC(NC(=O)CCc2ccc(OC(=O)CCCCNCC(*)=O)cc2)C(=O)OC)cc1,4.8054304122924805,4.736787796020508,0.06864261627197266,True,1,3,0,1,False,0,C,N
2947,[*]Oc1ccc(CC(NC(=O)CCc2ccc(OC(=O)CCCCCCC([*])=O)cc2)C(=O)OC)cc1,*Oc1ccc(CC(NC(=O)CCc2ccc(OC(=O)CCCCOCC(*)=O)cc2)C(=O)OC)cc1,4.8054304122924805,4.750677585601807,0.05475282669067383,True,1,3,0,1,False,0,C,O
2947,[*]Oc1ccc(CC(NC(=O)CCc2ccc(OC(=O)CCCCCCC([*])=O)cc2)C(=O)OC)cc1,*Oc1ccc(CC(NC(=O)CCc2ccc(OC(=O)CCCCSCC(*)=O)cc2)C(=O)OC)cc1,4.8054304122924805,4.5538249015808105,0.2516055107116699,True,1,3,0,1,False,0,C,S
2947,[*]Oc1ccc(CC(NC(=O)CCc2ccc(OC(=O)CCCCCCC([*])=O)cc2)C(=O)OC)cc1,*Oc1ccc(CC(NC(=O)CCc2ccc(OC(=O)CCCCCNC(*)=O)cc2)C(=O)OC)cc1,4.8054304122924805,4.759275913238525,0.04615449905395508,True,1,3,0,1,False,0,C,N
2947,[*]Oc1ccc(CC(NC(=O)CCc2ccc(OC(=O)CCCCCCC([*])=O)cc2)C(=O)OC)cc1,*Oc1ccc(CC(NC(=O)CCc2ccc(OC(=O)CCCCCOC(*)=O)cc2)C(=O)OC)cc1,4.8054304122924805,4.835801601409912,0.03037118911743164,True,1,3,0,1,False,0,C,O
2947,[*]Oc1ccc(CC(NC(=O)CCc2ccc(OC(=O)CCCCCCC([*])=O)cc2)C(=O)OC)cc1,*Oc1ccc(CC(NC(=O)CCc2ccc(OC(=O)CCCCCSC(*)=O)cc2)C(=O)OC)cc1,4.8054304122924805,4.655107021331787,0.15032339096069336,True,1,3,0,1,False,0,C,S
2947,[*]Oc1ccc(CC(NC(=O)CCc2ccc(OC(=O)CCCCCCC([*])=O)cc2)C(=O)OC)cc1,*Oc1ccc(CC(NC(=O)CCc2ccc(OC(=O)CCCCCCS(*)=O)cc2)C(=O)OC)cc1,4.8054304122924805,4.629182815551758,0.17624759674072266,True,1,3,0,1,False,1,C,S
2947,[*]Oc1ccc(CC(NC(=O)CCc2ccc(OC(=O)CCCCCCC([*])=O)cc2)C(=O)OC)cc1,*Oc1ccc(CC(NC(=O)CCc2ccc(OC(=O)CCCCCCC(*)=C)cc2)C(=O)OC)cc1,4.8054304122924805,4.699502468109131,0.10592794418334961,True,1,3,0,1,False,0,O,C
2947,[*]Oc1ccc(CC(NC(=O)CCc2ccc(OC(=O)CCCCCCC([*])=O)cc2)C(=O)OC)cc1,*Oc1ccc(CC(NC(=O)CCc2ccc(OC(=O)CCCCCCC(*)=N)cc2)C(=O)OC)cc1,4.8054304122924805,4.747624397277832,0.05780601501464844,True,1,3,0,1,False,0,O,N
2947,[*]Oc1ccc(CC(NC(=O)CCc2ccc(OC(=O)CCCCCCC([*])=O)cc2)C(=O)OC)cc1,*Oc1ccc(CC(NC(=O)CCc2ccc(OC(=O)CCCCCCC(*)=S)cc2)C(=O)OC)cc1,4.8054304122924805,4.485674858093262,0.31975555419921875,True,1,3,0,1,False,0,O,S
2947,[*]Oc1ccc(CC(NC(=O)CCc2ccc(OC(=O)CCCCCCC([*])=O)cc2)C(=O)OC)cc1,*Oc1ccc(CC(NC(=O)CCc2ccc(OC(=O)CCCCCCC(*)=O)cc2)S(=O)OC)cc1,4.8054304122924805,4.7746100425720215,0.030820369720458984,True,1,3,0,1,False,0,C,S
2947,[*]Oc1ccc(CC(NC(=O)CCc2ccc(OC(=O)CCCCCCC([*])=O)cc2)C(=O)OC)cc1,*Oc1ccc(CC(NC(=O)CCc2ccc(OC(=O)CCCCCCC(*)=O)cc2)C(=C)OC)cc1,4.8054304122924805,4.767445087432861,0.03798532485961914,True,1,3,0,1,False,0,O,C
2947,[*]Oc1ccc(CC(NC(=O)CCc2ccc(OC(=O)CCCCCCC([*])=O)cc2)C(=O)OC)cc1,*Oc1ccc(CC(NC(=O)CCc2ccc(OC(=O)CCCCCCC(*)=O)cc2)C(=N)OC)cc1,4.8054304122924805,4.787379264831543,0.0180511474609375,True,1,3,0,1,False,0,O,N
2947,[*]Oc1ccc(CC(NC(=O)CCc2ccc(OC(=O)CCCCCCC([*])=O)cc2)C(=O)OC)cc1,*Oc1ccc(CC(NC(=O)CCc2ccc(OC(=O)CCCCCCC(*)=O)cc2)C(=S)OC)cc1,4.8054304122924805,4.532094955444336,0.27333545684814453,True,1,3,0,1,False,0,O,S
2947,[*]Oc1ccc(CC(NC(=O)CCc2ccc(OC(=O)CCCCCCC([*])=O)cc2)C(=O)OC)cc1,*Oc1ccc(CC(NC(=O)CCc2ccc(OC(=O)CCCCCCC(*)=O)cc2)C(=O)CC)cc1,4.8054304122924805,4.796560764312744,0.008869647979736328,True,1,3,0,1,False,0,O,C
2947,[*]Oc1ccc(CC(NC(=O)CCc2ccc(OC(=O)CCCCCCC([*])=O)cc2)C(=O)OC)cc1,*Oc1ccc(CC(NC(=O)CCc2ccc(OC(=O)CCCCCCC(*)=O)cc2)C(=O)NC)cc1,4.8054304122924805,4.772810459136963,0.03261995315551758,True,1,3,0,1,False,0,O,N
2947,[*]Oc1ccc(CC(NC(=O)CCc2ccc(OC(=O)CCCCCCC([*])=O)cc2)C(=O)OC)cc1,*Oc1ccc(CC(NC(=O)CCc2ccc(OC(=O)CCCCCCC(*)=O)cc2)C(=O)SC)cc1,4.8054304122924805,4.680206775665283,0.12522363662719727,True,1,3,0,1,False,0,O,S
2947,[*]Oc1ccc(CC(NC(=O)CCc2ccc(OC(=O)CCCCCCC([*])=O)cc2)C(=O)OC)cc1,*Oc1ccc(CC(NC(=O)CCc2ccc(OC(=O)CCCCCCC(*)=O)cc2)C(=O)ON)cc1,4.8054304122924805,4.810757160186768,0.005326747894287109,True,1,3,0,1,False,0,C,N
2947,[*]Oc1ccc(CC(NC(=O)CCc2ccc(OC(=O)CCCCCCC([*])=O)cc2)C(=O)OC)cc1,*Oc1ccc(CC(NC(=O)CCc2ccc(OC(=O)CCCCCCC(*)=O)cc2)C(=O)OO)cc1,4.8054304122924805,4.811824798583984,0.006394386291503906,True,1,3,0,1,False,0,C,O
2947,[*]Oc1ccc(CC(NC(=O)CCc2ccc(OC(=O)CCCCCCC([*])=O)cc2)C(=O)OC)cc1,*Oc1ccc(CC(NC(=O)CCc2ccc(OC(=O)CCCCCCC(*)=O)cc2)C(=O)OS)cc1,4.8054304122924805,4.576328277587891,0.22910213470458984,True,1,3,0,1,False,0,C,S
2947,[*]Oc1ccc(CC(NC(=O)CCc2ccc(OC(=O)CCCCCCC([*])=O)cc2)C(=O)OC)cc1,*Oc1ccc(CC(NC(=O)CCc2ccc(OC(=O)CCCCCCC(*)=O)cc2)C(=O)OF)cc1,4.8054304122924805,4.818637847900391,0.013207435607910156,True,1,3,0,1,False,0,C,F
2948,[*]CCOCCOCCOc1cccc(NC(=O)c2cccc(C(=O)Nc3cccc(O[*])c3)c2)c1,*NCOCCOCCOc1cccc(NC(=O)c2cccc(C(=O)Nc3cccc(O*)c3)c2)c1,4.110966205596924,4.002903938293457,0.1080622673034668,True,1,3,0,1,False,1,C,N
2948,[*]CCOCCOCCOc1cccc(NC(=O)c2cccc(C(=O)Nc3cccc(O[*])c3)c2)c1,*OCOCCOCCOc1cccc(NC(=O)c2cccc(C(=O)Nc3cccc(O*)c3)c2)c1,4.110966205596924,4.0818095207214355,0.02915668487548828,True,1,3,0,1,False,1,C,O
2948,[*]CCOCCOCCOc1cccc(NC(=O)c2cccc(C(=O)Nc3cccc(O[*])c3)c2)c1,*Oc1cccc(NC(=O)c2cccc(C(=O)Nc3cccc(OCCOCCOCS*)c3)c2)c1,4.110966205596924,3.902125358581543,0.20884084701538086,True,1,18,0,1,False,1,C,S
2948,[*]CCOCCOCCOc1cccc(NC(=O)c2cccc(C(=O)Nc3cccc(O[*])c3)c2)c1,*CNOCCOCCOc1cccc(NC(=O)c2cccc(C(=O)Nc3cccc(O*)c3)c2)c1,4.110966205596924,4.087988376617432,0.022977828979492188,True,1,3,0,1,False,0,C,N
2948,[*]CCOCCOCCOc1cccc(NC(=O)c2cccc(C(=O)Nc3cccc(O[*])c3)c2)c1,*COOCCOCCOc1cccc(NC(=O)c2cccc(C(=O)Nc3cccc(O*)c3)c2)c1,4.110966205596924,4.105188369750977,0.005777835845947266,True,1,3,0,1,False,0,C,O
2948,[*]CCOCCOCCOc1cccc(NC(=O)c2cccc(C(=O)Nc3cccc(O[*])c3)c2)c1,*CSOCCOCCOc1cccc(NC(=O)c2cccc(C(=O)Nc3cccc(O*)c3)c2)c1,4.110966205596924,4.000555038452148,0.11041116714477539,True,1,3,0,1,False,0,C,S
2948,[*]CCOCCOCCOc1cccc(NC(=O)c2cccc(C(=O)Nc3cccc(O[*])c3)c2)c1,*CCCCCOCCOc1cccc(NC(=O)c2cccc(C(=O)Nc3cccc(O*)c3)c2)c1,4.110966205596924,4.143799781799316,0.03283357620239258,True,1,3,0,1,False,0,O,C
2948,[*]CCOCCOCCOc1cccc(NC(=O)c2cccc(C(=O)Nc3cccc(O[*])c3)c2)c1,*CCNCCOCCOc1cccc(NC(=O)c2cccc(C(=O)Nc3cccc(O*)c3)c2)c1,4.110966205596924,4.096527576446533,0.014438629150390625,True,1,3,0,1,False,0,O,N
2948,[*]CCOCCOCCOc1cccc(NC(=O)c2cccc(C(=O)Nc3cccc(O[*])c3)c2)c1,*CCSCCOCCOc1cccc(NC(=O)c2cccc(C(=O)Nc3cccc(O*)c3)c2)c1,4.110966205596924,4.009008407592773,0.10195779800415039,True,1,3,0,1,False,0,O,S
2948,[*]CCOCCOCCOc1cccc(NC(=O)c2cccc(C(=O)Nc3cccc(O[*])c3)c2)c1,*CCONCOCCOc1cccc(NC(=O)c2cccc(C(=O)Nc3cccc(O*)c3)c2)c1,4.110966205596924,4.103267192840576,0.007699012756347656,True,1,3,0,1,False,0,C,N
2948,[*]CCOCCOCCOc1cccc(NC(=O)c2cccc(C(=O)Nc3cccc(O[*])c3)c2)c1,*CCOOCOCCOc1cccc(NC(=O)c2cccc(C(=O)Nc3cccc(O*)c3)c2)c1,4.110966205596924,4.139629364013672,0.028663158416748047,True,1,3,0,1,False,0,C,O
2948,[*]CCOCCOCCOc1cccc(NC(=O)c2cccc(C(=O)Nc3cccc(O[*])c3)c2)c1,*CCOSCOCCOc1cccc(NC(=O)c2cccc(C(=O)Nc3cccc(O*)c3)c2)c1,4.110966205596924,4.118544101715088,0.0075778961181640625,True,1,3,0,1,False,0,C,S
2948,[*]CCOCCOCCOc1cccc(NC(=O)c2cccc(C(=O)Nc3cccc(O[*])c3)c2)c1,*CCOCNOCCOc1cccc(NC(=O)c2cccc(C(=O)Nc3cccc(O*)c3)c2)c1,4.110966205596924,4.103443622589111,0.0075225830078125,True,1,3,0,1,False,0,C,N
2948,[*]CCOCCOCCOc1cccc(NC(=O)c2cccc(C(=O)Nc3cccc(O[*])c3)c2)c1,*CCOCOOCCOc1cccc(NC(=O)c2cccc(C(=O)Nc3cccc(O*)c3)c2)c1,4.110966205596924,4.13961124420166,0.028645038604736328,True,1,3,0,1,False,0,C,O
2948,[*]CCOCCOCCOc1cccc(NC(=O)c2cccc(C(=O)Nc3cccc(O[*])c3)c2)c1,*CCOCSOCCOc1cccc(NC(=O)c2cccc(C(=O)Nc3cccc(O*)c3)c2)c1,4.110966205596924,4.118152618408203,0.007186412811279297,True,1,3,0,1,False,0,C,S
2948,[*]CCOCCOCCOc1cccc(NC(=O)c2cccc(C(=O)Nc3cccc(O[*])c3)c2)c1,*CCOCCCCCOc1cccc(NC(=O)c2cccc(C(=O)Nc3cccc(O*)c3)c2)c1,4.110966205596924,4.141401767730713,0.030435562133789062,True,1,3,0,1,False,0,O,C
2948,[*]CCOCCOCCOc1cccc(NC(=O)c2cccc(C(=O)Nc3cccc(O[*])c3)c2)c1,*CCOCCNCCOc1cccc(NC(=O)c2cccc(C(=O)Nc3cccc(O*)c3)c2)c1,4.110966205596924,4.095808982849121,0.015157222747802734,True,1,3,0,1,False,0,O,N
2948,[*]CCOCCOCCOc1cccc(NC(=O)c2cccc(C(=O)Nc3cccc(O[*])c3)c2)c1,*CCOCCSCCOc1cccc(NC(=O)c2cccc(C(=O)Nc3cccc(O*)c3)c2)c1,4.110966205596924,4.01724100112915,0.09372520446777344,True,1,3,0,1,False,0,O,S
2948,[*]CCOCCOCCOc1cccc(NC(=O)c2cccc(C(=O)Nc3cccc(O[*])c3)c2)c1,*CCOCCONCOc1cccc(NC(=O)c2cccc(C(=O)Nc3cccc(O*)c3)c2)c1,4.110966205596924,4.103328704833984,0.007637500762939453,True,1,3,0,1,False,0,C,N
2948,[*]CCOCCOCCOc1cccc(NC(=O)c2cccc(C(=O)Nc3cccc(O[*])c3)c2)c1,*CCOCCOOCOc1cccc(NC(=O)c2cccc(C(=O)Nc3cccc(O*)c3)c2)c1,4.110966205596924,4.129266738891602,0.018300533294677734,True,1,3,0,1,False,0,C,O
2948,[*]CCOCCOCCOc1cccc(NC(=O)c2cccc(C(=O)Nc3cccc(O[*])c3)c2)c1,*CCOCCOSCOc1cccc(NC(=O)c2cccc(C(=O)Nc3cccc(O*)c3)c2)c1,4.110966205596924,4.101557731628418,0.00940847396850586,True,1,3,0,1,False,0,C,S
2948,[*]CCOCCOCCOc1cccc(NC(=O)c2cccc(C(=O)Nc3cccc(O[*])c3)c2)c1,*CCOCCOCNOc1cccc(NC(=O)c2cccc(C(=O)Nc3cccc(O*)c3)c2)c1,4.110966205596924,4.0893354415893555,0.02163076400756836,True,1,3,0,1,False,0,C,N
2948,[*]CCOCCOCCOc1cccc(NC(=O)c2cccc(C(=O)Nc3cccc(O[*])c3)c2)c1,*CCOCCOCOOc1cccc(NC(=O)c2cccc(C(=O)Nc3cccc(O*)c3)c2)c1,4.110966205596924,4.104338645935059,0.006627559661865234,True,1,3,0,1,False,0,C,O
2948,[*]CCOCCOCCOc1cccc(NC(=O)c2cccc(C(=O)Nc3cccc(O[*])c3)c2)c1,*CCOCCOCSOc1cccc(NC(=O)c2cccc(C(=O)Nc3cccc(O*)c3)c2)c1,4.110966205596924,4.011174201965332,0.0997920036315918,True,1,3,0,1,False,0,C,S
2948,[*]CCOCCOCCOc1cccc(NC(=O)c2cccc(C(=O)Nc3cccc(O[*])c3)c2)c1,*CCOCCOCCCc1cccc(NC(=O)c2cccc(C(=O)Nc3cccc(O*)c3)c2)c1,4.110966205596924,4.210683822631836,0.09971761703491211,True,1,3,0,1,False,0,O,C
2948,[*]CCOCCOCCOc1cccc(NC(=O)c2cccc(C(=O)Nc3cccc(O[*])c3)c2)c1,*CCOCCOCCNc1cccc(NC(=O)c2cccc(C(=O)Nc3cccc(O*)c3)c2)c1,4.110966205596924,4.093832969665527,0.017133235931396484,True,1,3,0,1,False,0,O,N
2948,[*]CCOCCOCCOc1cccc(NC(=O)c2cccc(C(=O)Nc3cccc(O[*])c3)c2)c1,*CCOCCOCCSc1cccc(NC(=O)c2cccc(C(=O)Nc3cccc(O*)c3)c2)c1,4.110966205596924,4.072497844696045,0.038468360900878906,True,1,3,0,1,False,0,O,S
2948,[*]CCOCCOCCOc1cccc(NC(=O)c2cccc(C(=O)Nc3cccc(O[*])c3)c2)c1,*CCOCCOCCOS1=CC=CC(NC(=O)c2cccc(C(=O)Nc3cccc(O*)c3)c2)=C1,4.110966205596924,3.562878131866455,0.5480880737304688,True,1,11,0,1,True,0,C,S
2948,[*]CCOCCOCCOc1cccc(NC(=O)c2cccc(C(=O)Nc3cccc(O[*])c3)c2)c1,*CCOCCOCCOc1cc(NC(=O)c2cccc(C(=O)Nc3cccc(O*)c3)c2)ccn1,4.110966205596924,4.08986759185791,0.021098613739013672,True,1,6,0,1,True,0,C,N
2948,[*]CCOCCOCCOc1cccc(NC(=O)c2cccc(C(=O)Nc3cccc(O[*])c3)c2)c1,*CCOCCOCCOc1cncc(NC(=O)c2cccc(C(=O)Nc3cccc(O*)c3)c2)c1,4.110966205596924,4.07457971572876,0.03638648986816406,True,1,3,0,1,True,0,C,N
2948,[*]CCOCCOCCOc1cccc(NC(=O)c2cccc(C(=O)Nc3cccc(O[*])c3)c2)c1,*CCOCCOCCOc1ccnc(NC(=O)c2cccc(C(=O)Nc3cccc(O*)c3)c2)c1,4.110966205596924,4.092209339141846,0.018756866455078125,True,1,3,0,1,True,0,C,N
2948,[*]CCOCCOCCOc1cccc(NC(=O)c2cccc(C(=O)Nc3cccc(O[*])c3)c2)c1,*CCOCCOCCOC1=CC=CS(NC(=O)c2cccc(C(=O)Nc3cccc(O*)c3)c2)=C1,4.110966205596924,3.5469369888305664,0.5640292167663574,True,1,11,0,1,True,0,C,S
2948,[*]CCOCCOCCOc1cccc(NC(=O)c2cccc(C(=O)Nc3cccc(O[*])c3)c2)c1,*CCOCCOCCOc1cccc(CC(=O)c2cccc(C(=O)Nc3cccc(O*)c3)c2)c1,4.110966205596924,4.264285564422607,0.1533193588256836,True,1,3,0,1,False,0,N,C
2948,[*]CCOCCOCCOc1cccc(NC(=O)c2cccc(C(=O)Nc3cccc(O[*])c3)c2)c1,*CCOCCOCCOc1cccc(OC(=O)c2cccc(C(=O)Nc3cccc(O*)c3)c2)c1,4.110966205596924,4.160368919372559,0.049402713775634766,True,1,3,0,1,False,0,N,O
2948,[*]CCOCCOCCOc1cccc(NC(=O)c2cccc(C(=O)Nc3cccc(O[*])c3)c2)c1,*CCOCCOCCOc1cccc(SC(=O)c2cccc(C(=O)Nc3cccc(O*)c3)c2)c1,4.110966205596924,4.126572608947754,0.015606403350830078,True,1,3,0,1,False,0,N,S
2948,[*]CCOCCOCCOc1cccc(NC(=O)c2cccc(C(=O)Nc3cccc(O[*])c3)c2)c1,*CCOCCOCCOc1cccc(NS(=O)c2cccc(C(=O)Nc3cccc(O*)c3)c2)c1,4.110966205596924,4.061400413513184,0.049565792083740234,True,1,3,0,1,False,0,C,S
2948,[*]CCOCCOCCOc1cccc(NC(=O)c2cccc(C(=O)Nc3cccc(O[*])c3)c2)c1,*CCOCCOCCOc1cccc(NC(=C)c2cccc(C(=O)Nc3cccc(O*)c3)c2)c1,4.110966205596924,3.9701709747314453,0.14079523086547852,True,1,3,0,1,False,0,O,C
2948,[*]CCOCCOCCOc1cccc(NC(=O)c2cccc(C(=O)Nc3cccc(O[*])c3)c2)c1,*CCOCCOCCOc1cccc(NC(=N)c2cccc(C(=O)Nc3cccc(O*)c3)c2)c1,4.110966205596924,4.072965145111084,0.038001060485839844,True,1,3,0,1,False,0,O,N
2948,[*]CCOCCOCCOc1cccc(NC(=O)c2cccc(C(=O)Nc3cccc(O[*])c3)c2)c1,*CCOCCOCCOc1cccc(NC(=S)c2cccc(C(=O)Nc3cccc(O*)c3)c2)c1,4.110966205596924,3.834414482116699,0.2765517234802246,True,1,3,0,1,False,0,O,S
2948,[*]CCOCCOCCOc1cccc(NC(=O)c2cccc(C(=O)Nc3cccc(O[*])c3)c2)c1,*CCOCCOCCOc1cccc(NC(=O)S2=CC=CC(C(=O)Nc3cccc(O*)c3)=C2)c1,4.110966205596924,3.596726894378662,0.5142393112182617,True,1,11,0,1,True,0,C,S
2948,[*]CCOCCOCCOc1cccc(NC(=O)c2cccc(C(=O)Nc3cccc(O[*])c3)c2)c1,*CCOCCOCCOc1cccc(NC(=O)c2cc(C(=O)Nc3cccc(O*)c3)ccn2)c1,4.110966205596924,4.093312740325928,0.017653465270996094,True,1,6,0,1,True,0,C,N
2948,[*]CCOCCOCCOc1cccc(NC(=O)c2cccc(C(=O)Nc3cccc(O[*])c3)c2)c1,*CCOCCOCCOc1cccc(NC(=O)c2cncc(C(=O)Nc3cccc(O*)c3)c2)c1,4.110966205596924,4.079427719116211,0.03153848648071289,True,1,3,0,1,True,0,C,N
2948,[*]CCOCCOCCOc1cccc(NC(=O)c2cccc(C(=O)Nc3cccc(O[*])c3)c2)c1,*CCOCCOCCOc1cccc(NC(=O)c2ccnc(C(=O)Nc3cccc(O*)c3)c2)c1,4.110966205596924,4.093312740325928,0.017653465270996094,True,1,3,0,1,True,0,C,N
2948,[*]CCOCCOCCOc1cccc(NC(=O)c2cccc(C(=O)Nc3cccc(O[*])c3)c2)c1,*CCOCCOCCOc1cccc(NC(=O)C2=CC=CS(C(=O)Nc3cccc(O*)c3)=C2)c1,4.110966205596924,3.596726894378662,0.5142393112182617,True,1,11,0,1,True,0,C,S
2948,[*]CCOCCOCCOc1cccc(NC(=O)c2cccc(C(=O)Nc3cccc(O[*])c3)c2)c1,*CCOCCOCCOc1cccc(NC(=O)c2cccc(S(=O)Nc3cccc(O*)c3)c2)c1,4.110966205596924,4.061383247375488,0.04958295822143555,True,1,3,0,1,False,0,C,S
2948,[*]CCOCCOCCOc1cccc(NC(=O)c2cccc(C(=O)Nc3cccc(O[*])c3)c2)c1,*CCOCCOCCOc1cccc(NC(=O)c2cccc(C(=C)Nc3cccc(O*)c3)c2)c1,4.110966205596924,3.9701709747314453,0.14079523086547852,True,1,3,0,1,False,0,O,C
2948,[*]CCOCCOCCOc1cccc(NC(=O)c2cccc(C(=O)Nc3cccc(O[*])c3)c2)c1,*CCOCCOCCOc1cccc(NC(=O)c2cccc(C(=N)Nc3cccc(O*)c3)c2)c1,4.110966205596924,4.072965145111084,0.038001060485839844,True,1,3,0,1,False,0,O,N
2948,[*]CCOCCOCCOc1cccc(NC(=O)c2cccc(C(=O)Nc3cccc(O[*])c3)c2)c1,*CCOCCOCCOc1cccc(NC(=O)c2cccc(C(=S)Nc3cccc(O*)c3)c2)c1,4.110966205596924,3.834414482116699,0.2765517234802246,True,1,3,0,1,False,0,O,S
2948,[*]CCOCCOCCOc1cccc(NC(=O)c2cccc(C(=O)Nc3cccc(O[*])c3)c2)c1,*CCOCCOCCOc1cccc(NC(=O)c2cccc(C(=O)Cc3cccc(O*)c3)c2)c1,4.110966205596924,4.264268398284912,0.15330219268798828,True,1,3,0,1,False,0,N,C
2948,[*]CCOCCOCCOc1cccc(NC(=O)c2cccc(C(=O)Nc3cccc(O[*])c3)c2)c1,*CCOCCOCCOc1cccc(NC(=O)c2cccc(C(=O)Oc3cccc(O*)c3)c2)c1,4.110966205596924,4.160370349884033,0.049404144287109375,True,1,3,0,1,False,0,N,O
2948,[*]CCOCCOCCOc1cccc(NC(=O)c2cccc(C(=O)Nc3cccc(O[*])c3)c2)c1,*CCOCCOCCOc1cccc(NC(=O)c2cccc(C(=O)Sc3cccc(O*)c3)c2)c1,4.110966205596924,4.126805305480957,0.015839099884033203,True,1,3,0,1,False,0,N,S
2948,[*]CCOCCOCCOc1cccc(NC(=O)c2cccc(C(=O)Nc3cccc(O[*])c3)c2)c1,*CCOCCOCCOc1cccc(NC(=O)c2cccc(C(=O)NS3=CC=CC(O*)=C3)c2)c1,4.110966205596924,3.5391407012939453,0.5718255043029785,True,1,11,0,1,True,0,C,S
2948,[*]CCOCCOCCOc1cccc(NC(=O)c2cccc(C(=O)Nc3cccc(O[*])c3)c2)c1,*CCOCCOCCOc1cccc(NC(=O)c2cccc(C(=O)Nc3cc(O*)ccn3)c2)c1,4.110966205596924,4.0921549797058105,0.01881122589111328,True,1,6,0,1,True,0,C,N
2948,[*]CCOCCOCCOc1cccc(NC(=O)c2cccc(C(=O)Nc3cccc(O[*])c3)c2)c1,*CCOCCOCCOc1cccc(NC(=O)c2cccc(C(=O)Nc3cncc(O*)c3)c2)c1,4.110966205596924,4.074872970581055,0.03609323501586914,True,1,3,0,1,True,0,C,N
2948,[*]CCOCCOCCOc1cccc(NC(=O)c2cccc(C(=O)Nc3cccc(O[*])c3)c2)c1,*CCOCCOCCOc1cccc(NC(=O)c2cccc(C(=O)Nc3ccnc(O*)c3)c2)c1,4.110966205596924,4.092562198638916,0.018404006958007812,True,1,3,0,1,True,0,C,N
2948,[*]CCOCCOCCOc1cccc(NC(=O)c2cccc(C(=O)Nc3cccc(O[*])c3)c2)c1,*CCOCCOCCOc1cccc(NC(=O)c2cccc(C(=O)NC3=CC=CS(O*)=C3)c2)c1,4.110966205596924,3.5352940559387207,0.5756721496582031,True,1,11,0,1,True,0,C,S
2948,[*]CCOCCOCCOc1cccc(NC(=O)c2cccc(C(=O)Nc3cccc(O[*])c3)c2)c1,*CCOCCOCCOc1cccc(NC(=O)c2cccc(C(=O)Nc3cccc(C*)c3)c2)c1,4.110966205596924,4.137031555175781,0.026065349578857422,True,1,3,0,1,False,1,O,C
2948,[*]CCOCCOCCOc1cccc(NC(=O)c2cccc(C(=O)Nc3cccc(O[*])c3)c2)c1,*CCOCCOCCOc1cccc(NC(=O)c2cccc(C(=O)Nc3cccc(N*)c3)c2)c1,4.110966205596924,3.8558969497680664,0.2550692558288574,True,1,3,0,1,False,1,O,N
2948,[*]CCOCCOCCOc1cccc(NC(=O)c2cccc(C(=O)Nc3cccc(O[*])c3)c2)c1,*CCOCCOCCOc1cccc(NC(=O)c2cccc(C(=O)Nc3cccc(S*)c3)c2)c1,4.110966205596924,3.9382245540618896,0.17274165153503418,True,1,3,0,1,False,1,O,S
2948,[*]CCOCCOCCOc1cccc(NC(=O)c2cccc(C(=O)Nc3cccc(O[*])c3)c2)c1,*CCOCCOCCOc1cccc(NC(=O)c2cccc(C(=O)Nc3cccc(O*)n3)c2)c1,4.110966205596924,4.169979572296143,0.05901336669921875,True,1,3,0,1,True,0,C,N
2948,[*]CCOCCOCCOc1cccc(NC(=O)c2cccc(C(=O)Nc3cccc(O[*])c3)c2)c1,*CCOCCOCCOc1cccc(NC(=O)c2cccc(C(=O)Nc3cccc(O*)c3)n2)c1,4.110966205596924,4.1704511642456055,0.05948495864868164,True,1,3,0,1,True,0,C,N
2948,[*]CCOCCOCCOc1cccc(NC(=O)c2cccc(C(=O)Nc3cccc(O[*])c3)c2)c1,*CCOCCOCCOc1cccc(NC(=O)c2cccc(C(=O)Nc3cccc(O*)c3)c2)n1,4.110966205596924,4.166961669921875,0.05599546432495117,True,1,3,0,1,True,0,C,N
2949,[*]CC1CCC(COC(=O)CCCC(=O)O[*])CC1,*NC1CCC(COC(=O)CCCC(=O)O*)CC1,6.593692779541016,6.346451759338379,0.24724102020263672,True,1,3,0,1,False,1,C,N
2949,[*]CC1CCC(COC(=O)CCCC(=O)O[*])CC1,*OC(=O)CCCC(=O)OCC1CCC(O*)CC1,6.593692779541016,6.592798233032227,0.0008945465087890625,True,1,15,0,1,False,1,C,O
2949,[*]CC1CCC(COC(=O)CCCC(=O)O[*])CC1,*OC(=O)CCCC(=O)OCC1CCC(S*)CC1,6.593692779541016,5.414336681365967,1.1793560981750488,True,1,16,0,1,False,1,C,S
2949,[*]CC1CCC(COC(=O)CCCC(=O)O[*])CC1,*CN1CCC(COC(=O)CCCC(=O)O*)CC1,6.593692779541016,6.147974014282227,0.44571876525878906,True,1,3,0,1,False,0,C,N
2949,[*]CC1CCC(COC(=O)CCCC(=O)O[*])CC1,*C[SH]1CCC(COC(=O)CCCC(=O)O*)CC1,6.593692779541016,5.747556686401367,0.8461360931396484,True,1,3,0,1,False,0,C,S
2949,[*]CC1CCC(COC(=O)CCCC(=O)O[*])CC1,*CC1CCC(COC(=O)CCCC(=O)O*)CN1,6.593692779541016,6.302862167358398,0.2908306121826172,True,1,3,0,1,False,0,C,N
2949,[*]CC1CCC(COC(=O)CCCC(=O)O[*])CC1,*CC1CCC(COC(=O)CCCC(=O)O*)CO1,6.593692779541016,6.488792896270752,0.10489988327026367,True,1,3,0,1,False,0,C,O
2949,[*]CC1CCC(COC(=O)CCCC(=O)O[*])CC1,*CC1CCC(COC(=O)CCCC(=O)O*)CS1,6.593692779541016,5.894492149353027,0.6992006301879883,True,1,3,0,1,False,0,C,S
2949,[*]CC1CCC(COC(=O)CCCC(=O)O[*])CC1,*CC1CCC(COC(=O)CCCC(=O)O*)NC1,6.593692779541016,6.302490234375,0.2912025451660156,True,1,3,0,1,False,0,C,N
2949,[*]CC1CCC(COC(=O)CCCC(=O)O[*])CC1,*CC1CCC(COC(=O)CCCC(=O)O*)OC1,6.593692779541016,6.488278388977051,0.10541439056396484,True,1,3,0,1,False,0,C,O
2949,[*]CC1CCC(COC(=O)CCCC(=O)O[*])CC1,*CC1CCC(COC(=O)CCCC(=O)O*)SC1,6.593692779541016,5.879434585571289,0.7142581939697266,True,1,3,0,1,False,0,C,S
2949,[*]CC1CCC(COC(=O)CCCC(=O)O[*])CC1,*CC1CCN(COC(=O)CCCC(=O)O*)CC1,6.593692779541016,6.141624927520752,0.45206785202026367,True,1,3,0,1,False,0,C,N
2949,[*]CC1CCC(COC(=O)CCCC(=O)O[*])CC1,*CC1CC[SH](COC(=O)CCCC(=O)O*)CC1,6.593692779541016,5.747759819030762,0.8459329605102539,True,1,3,0,1,False,0,C,S
2949,[*]CC1CCC(COC(=O)CCCC(=O)O[*])CC1,*CC1CCC(NOC(=O)CCCC(=O)O*)CC1,6.593692779541016,6.580293655395508,0.013399124145507812,True,1,3,0,1,False,0,C,N
2949,[*]CC1CCC(COC(=O)CCCC(=O)O[*])CC1,*CC1CCC(OOC(=O)CCCC(=O)O*)CC1,6.593692779541016,6.708958625793457,0.1152658462524414,True,1,3,0,1,False,0,C,O
2949,[*]CC1CCC(COC(=O)CCCC(=O)O[*])CC1,*CC1CCC(SOC(=O)CCCC(=O)O*)CC1,6.593692779541016,6.278920650482178,0.3147721290588379,True,1,3,0,1,False,0,C,S
2949,[*]CC1CCC(COC(=O)CCCC(=O)O[*])CC1,*CC1CCC(CCC(=O)CCCC(=O)O*)CC1,6.593692779541016,6.459271430969238,0.13442134857177734,True,1,3,0,1,False,0,O,C
2949,[*]CC1CCC(COC(=O)CCCC(=O)O[*])CC1,*CC1CCC(CNC(=O)CCCC(=O)O*)CC1,6.593692779541016,6.338541030883789,0.25515174865722656,True,1,3,0,1,False,0,O,N
2949,[*]CC1CCC(COC(=O)CCCC(=O)O[*])CC1,*CC1CCC(CSC(=O)CCCC(=O)O*)CC1,6.593692779541016,6.105929851531982,0.4877629280090332,True,1,3,0,1,False,0,O,S
2949,[*]CC1CCC(COC(=O)CCCC(=O)O[*])CC1,*CC1CCC(COS(=O)CCCC(=O)O*)CC1,6.593692779541016,6.48284912109375,0.11084365844726562,True,1,3,0,1,False,0,C,S
2949,[*]CC1CCC(COC(=O)CCCC(=O)O[*])CC1,*CC1CCC(COC(=C)CCCC(=O)O*)CC1,6.593692779541016,6.298033237457275,0.29565954208374023,True,1,3,0,1,False,0,O,C
2949,[*]CC1CCC(COC(=O)CCCC(=O)O[*])CC1,*CC1CCC(COC(=N)CCCC(=O)O*)CC1,6.593692779541016,6.458024978637695,0.1356678009033203,True,1,3,0,1,False,0,O,N
2949,[*]CC1CCC(COC(=O)CCCC(=O)O[*])CC1,*CC1CCC(COC(=S)CCCC(=O)O*)CC1,6.593692779541016,5.493512153625488,1.1001806259155273,True,1,3,0,1,False,0,O,S
2949,[*]CC1CCC(COC(=O)CCCC(=O)O[*])CC1,*CC1CCC(COC(=O)NCCC(=O)O*)CC1,6.593692779541016,6.441752910614014,0.15193986892700195,True,1,3,0,1,False,0,C,N
2949,[*]CC1CCC(COC(=O)CCCC(=O)O[*])CC1,*CC1CCC(COC(=O)OCCC(=O)O*)CC1,6.593692779541016,6.624076843261719,0.030384063720703125,True,1,3,0,1,False,0,C,O
2949,[*]CC1CCC(COC(=O)CCCC(=O)O[*])CC1,*CC1CCC(COC(=O)SCCC(=O)O*)CC1,6.593692779541016,5.9016523361206055,0.6920404434204102,True,1,3,0,1,False,0,C,S
2949,[*]CC1CCC(COC(=O)CCCC(=O)O[*])CC1,*CC1CCC(COC(=O)CNCC(=O)O*)CC1,6.593692779541016,6.310872554779053,0.2828202247619629,True,1,3,0,1,False,0,C,N
2949,[*]CC1CCC(COC(=O)CCCC(=O)O[*])CC1,*CC1CCC(COC(=O)COCC(=O)O*)CC1,6.593692779541016,6.407603740692139,0.18608903884887695,True,1,3,0,1,False,0,C,O
2949,[*]CC1CCC(COC(=O)CCCC(=O)O[*])CC1,*CC1CCC(COC(=O)CSCC(=O)O*)CC1,6.593692779541016,5.495615482330322,1.0980772972106934,True,1,3,0,1,False,0,C,S
2949,[*]CC1CCC(COC(=O)CCCC(=O)O[*])CC1,*CC1CCC(COC(=O)CCNC(=O)O*)CC1,6.593692779541016,6.435751914978027,0.15794086456298828,True,1,3,0,1,False,0,C,N
2949,[*]CC1CCC(COC(=O)CCCC(=O)O[*])CC1,*CC1CCC(COC(=O)CCOC(=O)O*)CC1,6.593692779541016,6.617578506469727,0.023885726928710938,True,1,3,0,1,False,0,C,O
2949,[*]CC1CCC(COC(=O)CCCC(=O)O[*])CC1,*CC1CCC(COC(=O)CCSC(=O)O*)CC1,6.593692779541016,5.858180046081543,0.7355127334594727,True,1,3,0,1,False,0,C,S
2949,[*]CC1CCC(COC(=O)CCCC(=O)O[*])CC1,*CC1CCC(COC(=O)CCCS(=O)O*)CC1,6.593692779541016,6.461089134216309,0.13260364532470703,True,1,3,0,1,False,0,C,S
2949,[*]CC1CCC(COC(=O)CCCC(=O)O[*])CC1,*CC1CCC(COC(=O)CCCC(=C)O*)CC1,6.593692779541016,6.30023193359375,0.2934608459472656,True,1,3,0,1,False,0,O,C
2949,[*]CC1CCC(COC(=O)CCCC(=O)O[*])CC1,*CC1CCC(COC(=O)CCCC(=N)O*)CC1,6.593692779541016,6.453246116638184,0.14044666290283203,True,1,3,0,1,False,0,O,N
2949,[*]CC1CCC(COC(=O)CCCC(=O)O[*])CC1,*CC1CCC(COC(=O)CCCC(=S)O*)CC1,6.593692779541016,5.428214073181152,1.1654787063598633,True,1,3,0,1,False,0,O,S
2949,[*]CC1CCC(COC(=O)CCCC(=O)O[*])CC1,*CC(=O)CCCC(=O)OCC1CCC(C*)CC1,6.593692779541016,6.302565097808838,0.29112768173217773,True,1,15,0,1,False,1,O,C
2949,[*]CC1CCC(COC(=O)CCCC(=O)O[*])CC1,*CC1CCC(COC(=O)CCCC(=O)N*)CC1,6.593692779541016,6.191109657287598,0.40258312225341797,True,1,3,0,1,False,1,O,N
2949,[*]CC1CCC(COC(=O)CCCC(=O)O[*])CC1,*CC1CCC(COC(=O)CCCC(=O)S*)CC1,6.593692779541016,5.485346794128418,1.1083459854125977,True,1,3,0,1,False,1,O,S
2950,[*]C(C=C1)=CC=C1C(=S)C(S2)=CC=C2O[*],*Oc1ccc(C(=S)C2=CC=S(*)C=C2)s1,3.391390323638916,2.97622013092041,0.41517019271850586,True,1,23,0,1,True,1,C,S
2950,[*]C(C=C1)=CC=C1C(=S)C(S2)=CC=C2O[*],*Oc1ccc(C(=S)c2ccc(*)nc2)s1,3.391390323638916,3.410224437713623,0.01883411407470703,True,1,26,0,1,True,0,C,N
2950,[*]C(C=C1)=CC=C1C(=S)C(S2)=CC=C2O[*],*Oc1ccc(C(=S)c2ccc(*)cn2)s1,3.391390323638916,3.4230027198791504,0.031612396240234375,True,1,26,0,1,True,0,C,N
2950,[*]C(C=C1)=CC=C1C(=S)C(S2)=CC=C2O[*],*Oc1ccc(C(=S)S2=CC=C(*)C=C2)s1,3.391390323638916,3.1373348236083984,0.2540555000305176,True,1,24,0,1,True,0,C,S
2950,[*]C(C=C1)=CC=C1C(=S)C(S2)=CC=C2O[*],*Oc1ccc(S(=S)c2ccc(*)cc2)s1,3.391390323638916,3.9080708026885986,0.5166804790496826,True,1,27,0,1,False,0,C,S
2950,[*]C(C=C1)=CC=C1C(=S)C(S2)=CC=C2O[*],*Oc1ccc(C(=C)c2ccc(*)cc2)s1,3.391390323638916,3.7378556728363037,0.3464653491973877,True,1,27,0,1,False,0,S,C
2950,[*]C(C=C1)=CC=C1C(=S)C(S2)=CC=C2O[*],*Oc1ccc(C(=N)c2ccc(*)cc2)s1,3.391390323638916,3.8170270919799805,0.42563676834106445,True,1,27,0,1,False,0,S,N
2950,[*]C(C=C1)=CC=C1C(=S)C(S2)=CC=C2O[*],*Oc1ccc(C(=O)c2ccc(*)cc2)s1,3.391390323638916,3.8432984352111816,0.4519081115722656,True,1,27,0,1,False,0,S,O
2950,[*]C(C=C1)=CC=C1C(=S)C(S2)=CC=C2O[*],*OC1=CC=S(C(=S)c2ccc(*)cc2)S1,3.391390323638916,3.4186344146728516,0.027244091033935547,True,1,21,0,1,True,0,C,S
2950,[*]C(C=C1)=CC=C1C(=S)C(S2)=CC=C2O[*],*Oc1ccc(C(=S)c2ccc(*)cc2)o1,3.391390323638916,3.452777147293091,0.061386823654174805,True,1,26,0,1,True,0,S,O
2950,[*]C(C=C1)=CC=C1C(=S)C(S2)=CC=C2O[*],*Oc1cnc(C(=S)c2ccc(*)cc2)s1,3.391390323638916,3.5508670806884766,0.15947675704956055,True,1,26,0,1,True,0,C,N
2950,[*]C(C=C1)=CC=C1C(=S)C(S2)=CC=C2O[*],*Oc1ncc(C(=S)c2ccc(*)cc2)s1,3.391390323638916,3.510838747024536,0.11944842338562012,True,1,26,0,1,True,0,C,N
2950,[*]C(C=C1)=CC=C1C(=S)C(S2)=CC=C2O[*],*OS1=CC=C(C(=S)c2ccc(*)cc2)S1,3.391390323638916,2.7375521659851074,0.6538381576538086,True,1,21,0,1,True,0,C,S
2950,[*]C(C=C1)=CC=C1C(=S)C(S2)=CC=C2O[*],*Cc1ccc(C(=S)c2ccc(*)cc2)s1,3.391390323638916,3.2414803504943848,0.14990997314453125,True,1,25,0,1,False,1,O,C
2950,[*]C(C=C1)=CC=C1C(=S)C(S2)=CC=C2O[*],*Nc1ccc(C(=S)c2ccc(*)cc2)s1,3.391390323638916,3.0097732543945312,0.38161706924438477,True,1,26,0,1,False,1,O,N
2950,[*]C(C=C1)=CC=C1C(=S)C(S2)=CC=C2O[*],*Sc1ccc(C(=S)c2ccc(*)cc2)s1,3.391390323638916,3.5079617500305176,0.11657142639160156,True,1,26,0,1,False,1,O,S
2951,[*]C(=O)Nc1cccc(NC(=O)c2ccc3[nH]c(-c4cccc(-c5nc6cc([*])ccc6[nH]5)c4)nc3c2)n1,*c1ccc2[nH]c(-c3cccc(-c4nc5cc(C(=O)Nc6cccc(NS(*)=O)n6)ccc5[nH]4)c3)nc2c1,3.287616014480591,3.3142409324645996,0.02662491798400879,True,1,44,0,1,False,1,C,S
2951,[*]C(=O)Nc1cccc(NC(=O)c2ccc3[nH]c(-c4cccc(-c5nc6cc([*])ccc6[nH]5)c4)nc3c2)n1,*C(=C)Nc1cccc(NC(=O)c2ccc3[nH]c(-c4cccc(-c5nc6cc(*)ccc6[nH]5)c4)nc3c2)n1,3.287616014480591,3.201653003692627,0.08596301078796387,True,1,3,0,1,False,0,O,C
2951,[*]C(=O)Nc1cccc(NC(=O)c2ccc3[nH]c(-c4cccc(-c5nc6cc([*])ccc6[nH]5)c4)nc3c2)n1,*C(=N)Nc1cccc(NC(=O)c2ccc3[nH]c(-c4cccc(-c5nc6cc(*)ccc6[nH]5)c4)nc3c2)n1,3.287616014480591,3.25199818611145,0.035617828369140625,True,1,3,0,1,False,0,O,N
2951,[*]C(=O)Nc1cccc(NC(=O)c2ccc3[nH]c(-c4cccc(-c5nc6cc([*])ccc6[nH]5)c4)nc3c2)n1,*C(=S)Nc1cccc(NC(=O)c2ccc3[nH]c(-c4cccc(-c5nc6cc(*)ccc6[nH]5)c4)nc3c2)n1,3.287616014480591,3.041656017303467,0.24595999717712402,True,1,3,0,1,False,0,O,S
2951,[*]C(=O)Nc1cccc(NC(=O)c2ccc3[nH]c(-c4cccc(-c5nc6cc([*])ccc6[nH]5)c4)nc3c2)n1,*C(=O)Cc1cccc(NC(=O)c2ccc3[nH]c(-c4cccc(-c5nc6cc(*)ccc6[nH]5)c4)nc3c2)n1,3.287616014480591,3.4060745239257812,0.11845850944519043,True,1,3,0,1,False,0,N,C
2951,[*]C(=O)Nc1cccc(NC(=O)c2ccc3[nH]c(-c4cccc(-c5nc6cc([*])ccc6[nH]5)c4)nc3c2)n1,*C(=O)Oc1cccc(NC(=O)c2ccc3[nH]c(-c4cccc(-c5nc6cc(*)ccc6[nH]5)c4)nc3c2)n1,3.287616014480591,3.382948875427246,0.09533286094665527,True,1,3,0,1,False,0,N,O
2951,[*]C(=O)Nc1cccc(NC(=O)c2ccc3[nH]c(-c4cccc(-c5nc6cc([*])ccc6[nH]5)c4)nc3c2)n1,*C(=O)Sc1cccc(NC(=O)c2ccc3[nH]c(-c4cccc(-c5nc6cc(*)ccc6[nH]5)c4)nc3c2)n1,3.287616014480591,3.4369640350341797,0.14934802055358887,True,1,3,0,1,False,0,N,S
2951,[*]C(=O)Nc1cccc(NC(=O)c2ccc3[nH]c(-c4cccc(-c5nc6cc([*])ccc6[nH]5)c4)nc3c2)n1,*C(=O)NS1=CC=CC(NC(=O)c2ccc3[nH]c(-c4cccc(-c5nc6cc(*)ccc6[nH]5)c4)nc3c2)=N1,3.287616014480591,2.8873238563537598,0.40029215812683105,True,1,11,0,1,True,0,C,S
2951,[*]C(=O)Nc1cccc(NC(=O)c2ccc3[nH]c(-c4cccc(-c5nc6cc([*])ccc6[nH]5)c4)nc3c2)n1,*C(=O)Nc1nccc(NC(=O)c2ccc3[nH]c(-c4cccc(-c5nc6cc(*)ccc6[nH]5)c4)nc3c2)n1,3.287616014480591,3.270648956298828,0.016967058181762695,True,1,3,0,1,True,0,C,N
2951,[*]C(=O)Nc1cccc(NC(=O)c2ccc3[nH]c(-c4cccc(-c5nc6cc([*])ccc6[nH]5)c4)nc3c2)n1,*C(=O)Nc1cncc(NC(=O)c2ccc3[nH]c(-c4cccc(-c5nc6cc(*)ccc6[nH]5)c4)nc3c2)n1,3.287616014480591,3.254554510116577,0.03306150436401367,True,1,3,0,1,True,0,C,N
2951,[*]C(=O)Nc1cccc(NC(=O)c2ccc3[nH]c(-c4cccc(-c5nc6cc([*])ccc6[nH]5)c4)nc3c2)n1,*C(=O)Nc1ccnc(NC(=O)c2ccc3[nH]c(-c4cccc(-c5nc6cc(*)ccc6[nH]5)c4)nc3c2)n1,3.287616014480591,3.270493507385254,0.017122507095336914,True,1,3,0,1,True,0,C,N
2951,[*]C(=O)Nc1cccc(NC(=O)c2ccc3[nH]c(-c4cccc(-c5nc6cc([*])ccc6[nH]5)c4)nc3c2)n1,*C(=O)NC1=CC=CS(NC(=O)c2ccc3[nH]c(-c4cccc(-c5nc6cc(*)ccc6[nH]5)c4)nc3c2)=N1,3.287616014480591,2.900777578353882,0.386838436126709,True,1,11,0,1,True,0,C,S
2951,[*]C(=O)Nc1cccc(NC(=O)c2ccc3[nH]c(-c4cccc(-c5nc6cc([*])ccc6[nH]5)c4)nc3c2)n1,*C(=O)Nc1cccc(CC(=O)c2ccc3[nH]c(-c4cccc(-c5nc6cc(*)ccc6[nH]5)c4)nc3c2)n1,3.287616014480591,3.3989224433898926,0.11130642890930176,True,1,3,0,1,False,0,N,C
2951,[*]C(=O)Nc1cccc(NC(=O)c2ccc3[nH]c(-c4cccc(-c5nc6cc([*])ccc6[nH]5)c4)nc3c2)n1,*C(=O)Nc1cccc(OC(=O)c2ccc3[nH]c(-c4cccc(-c5nc6cc(*)ccc6[nH]5)c4)nc3c2)n1,3.287616014480591,3.328613758087158,0.04099774360656738,True,1,3,0,1,False,0,N,O
2951,[*]C(=O)Nc1cccc(NC(=O)c2ccc3[nH]c(-c4cccc(-c5nc6cc([*])ccc6[nH]5)c4)nc3c2)n1,*C(=O)Nc1cccc(SC(=O)c2ccc3[nH]c(-c4cccc(-c5nc6cc(*)ccc6[nH]5)c4)nc3c2)n1,3.287616014480591,3.4134879112243652,0.12587189674377441,True,1,3,0,1,False,0,N,S
2951,[*]C(=O)Nc1cccc(NC(=O)c2ccc3[nH]c(-c4cccc(-c5nc6cc([*])ccc6[nH]5)c4)nc3c2)n1,*C(=O)Nc1cccc(NS(=O)c2ccc3[nH]c(-c4cccc(-c5nc6cc(*)ccc6[nH]5)c4)nc3c2)n1,3.287616014480591,3.2652740478515625,0.02234196662902832,True,1,3,0,1,False,0,C,S
2951,[*]C(=O)Nc1cccc(NC(=O)c2ccc3[nH]c(-c4cccc(-c5nc6cc([*])ccc6[nH]5)c4)nc3c2)n1,*C(=O)Nc1cccc(NC(=C)c2ccc3[nH]c(-c4cccc(-c5nc6cc(*)ccc6[nH]5)c4)nc3c2)n1,3.287616014480591,3.248623847961426,0.03899216651916504,True,1,3,0,1,False,0,O,C
2951,[*]C(=O)Nc1cccc(NC(=O)c2ccc3[nH]c(-c4cccc(-c5nc6cc([*])ccc6[nH]5)c4)nc3c2)n1,*C(=O)Nc1cccc(NC(=N)c2ccc3[nH]c(-c4cccc(-c5nc6cc(*)ccc6[nH]5)c4)nc3c2)n1,3.287616014480591,3.2851929664611816,0.0024230480194091797,True,1,3,0,1,False,0,O,N
2951,[*]C(=O)Nc1cccc(NC(=O)c2ccc3[nH]c(-c4cccc(-c5nc6cc([*])ccc6[nH]5)c4)nc3c2)n1,*C(=O)Nc1cccc(NC(=S)c2ccc3[nH]c(-c4cccc(-c5nc6cc(*)ccc6[nH]5)c4)nc3c2)n1,3.287616014480591,3.182302951812744,0.10531306266784668,True,1,3,0,1,False,0,O,S
2951,[*]C(=O)Nc1cccc(NC(=O)c2ccc3[nH]c(-c4cccc(-c5nc6cc([*])ccc6[nH]5)c4)nc3c2)n1,*C(=O)Nc1cccc(NC(=O)S2=CC=c3[nH]c(-c4cccc(-c5nc6cc(*)ccc6[nH]5)c4)nc3=C2)n1,3.287616014480591,3.1022586822509766,0.18535733222961426,True,1,9,0,1,True,0,C,S
2951,[*]C(=O)Nc1cccc(NC(=O)c2ccc3[nH]c(-c4cccc(-c5nc6cc([*])ccc6[nH]5)c4)nc3c2)n1,*C(=O)Nc1cccc(NC(=O)c2cc3nc(-c4cccc(-c5nc6cc(*)ccc6[nH]5)c4)[nH]c3cn2)n1,3.287616014480591,3.3106493949890137,0.02303338050842285,True,1,6,0,1,True,0,C,N
2951,[*]C(=O)Nc1cccc(NC(=O)c2ccc3[nH]c(-c4cccc(-c5nc6cc([*])ccc6[nH]5)c4)nc3c2)n1,*C(=O)Nc1cccc(NC(=O)c2cnc3[nH]c(-c4cccc(-c5nc6cc(*)ccc6[nH]5)c4)nc3c2)n1,3.287616014480591,3.309410572052002,0.021794557571411133,True,1,3,0,1,True,0,C,N
2951,[*]C(=O)Nc1cccc(NC(=O)c2ccc3[nH]c(-c4cccc(-c5nc6cc([*])ccc6[nH]5)c4)nc3c2)n1,*C(=O)Nc1cccc(NC(=O)C2=CC=S3NC(c4cccc(-c5nc6cc(*)ccc6[nH]5)c4)=NC3=C2)n1,3.287616014480591,2.7684028148651123,0.5192131996154785,True,1,16,0,1,True,0,C,S
2951,[*]C(=O)Nc1cccc(NC(=O)c2ccc3[nH]c(-c4cccc(-c5nc6cc([*])ccc6[nH]5)c4)nc3c2)n1,*C(=O)Nc1cccc(NC(=O)c2ccc3oc(-c4cccc(-c5nc6cc(*)ccc6[nH]5)c4)nc3c2)n1,3.287616014480591,3.3025732040405273,0.014957189559936523,True,1,3,0,1,True,0,N,O
2951,[*]C(=O)Nc1cccc(NC(=O)c2ccc3[nH]c(-c4cccc(-c5nc6cc([*])ccc6[nH]5)c4)nc3c2)n1,*C(=O)Nc1cccc(NC(=O)c2ccc3sc(-c4cccc(-c5nc6cc(*)ccc6[nH]5)c4)nc3c2)n1,3.287616014480591,3.2796061038970947,0.008009910583496094,True,1,3,0,1,True,0,N,S
2951,[*]C(=O)Nc1cccc(NC(=O)c2ccc3[nH]c(-c4cccc(-c5nc6cc([*])ccc6[nH]5)c4)nc3c2)n1,*C(=O)Nc1cccc(NC(=O)c2ccc3c(c2)N=S(c2cccc(-c4nc5cc(*)ccc5[nH]4)c2)N3)n1,3.287616014480591,3.149484872817993,0.13813114166259766,True,1,20,0,1,True,0,C,S
2951,[*]C(=O)Nc1cccc(NC(=O)c2ccc3[nH]c(-c4cccc(-c5nc6cc([*])ccc6[nH]5)c4)nc3c2)n1,*C(=O)Nc1cccc(NC(=O)c2ccc3[nH]c(S4=CC=CC(c5nc6cc(*)ccc6[nH]5)=C4)nc3c2)n1,3.287616014480591,2.977017641067505,0.31059837341308594,True,1,13,0,1,True,0,C,S
2951,[*]C(=O)Nc1cccc(NC(=O)c2ccc3[nH]c(-c4cccc(-c5nc6cc([*])ccc6[nH]5)c4)nc3c2)n1,*C(=O)Nc1cccc(NC(=O)c2ccc3[nH]c(-c4cc(-c5nc6cc(*)ccc6[nH]5)ccn4)nc3c2)n1,3.287616014480591,3.2599258422851562,0.02769017219543457,True,1,6,0,1,True,0,C,N
2951,[*]C(=O)Nc1cccc(NC(=O)c2ccc3[nH]c(-c4cccc(-c5nc6cc([*])ccc6[nH]5)c4)nc3c2)n1,*C(=O)Nc1cccc(NC(=O)c2ccc3[nH]c(-c4cncc(-c5nc6cc(*)ccc6[nH]5)c4)nc3c2)n1,3.287616014480591,3.2547953128814697,0.032820701599121094,True,1,3,0,1,True,0,C,N
2951,[*]C(=O)Nc1cccc(NC(=O)c2ccc3[nH]c(-c4cccc(-c5nc6cc([*])ccc6[nH]5)c4)nc3c2)n1,*C(=O)Nc1cccc(NC(=O)c2ccc3[nH]c(-c4ccnc(-c5nc6cc(*)ccc6[nH]5)c4)nc3c2)n1,3.287616014480591,3.259925603866577,0.027690410614013672,True,1,3,0,1,True,0,C,N
2951,[*]C(=O)Nc1cccc(NC(=O)c2ccc3[nH]c(-c4cccc(-c5nc6cc([*])ccc6[nH]5)c4)nc3c2)n1,*C(=O)Nc1cccc(NC(=O)c2ccc3[nH]c(C4=CC=CS(c5nc6cc(*)ccc6[nH]5)=C4)nc3c2)n1,3.287616014480591,2.977017641067505,0.31059837341308594,True,1,13,0,1,True,0,C,S
2951,[*]C(=O)Nc1cccc(NC(=O)c2ccc3[nH]c(-c4cccc(-c5nc6cc([*])ccc6[nH]5)c4)nc3c2)n1,*C(=O)Nc1cccc(NC(=O)c2ccc3[nH]c(-c4cccc(S5=Nc6cc(*)ccc6N5)c4)nc3c2)n1,3.287616014480591,3.150118350982666,0.1374976634979248,True,1,7,0,1,True,0,C,S
2951,[*]C(=O)Nc1cccc(NC(=O)c2ccc3[nH]c(-c4cccc(-c5nc6cc([*])ccc6[nH]5)c4)nc3c2)n1,*C(=O)Nc1cccc(NC(=O)c2ccc3[nH]c(-c4cccc(-c5cc6cc(*)ccc6[nH]5)c4)nc3c2)n1,3.287616014480591,3.285151958465576,0.0024640560150146484,True,1,3,0,1,True,0,N,C
2951,[*]C(=O)Nc1cccc(NC(=O)c2ccc3[nH]c(-c4cccc(-c5nc6cc([*])ccc6[nH]5)c4)nc3c2)n1,*C(=O)Nc1cccc(NC(=O)c2ccc3[nH]c(-c4cccc(C5=NS6=CC(*)=CC=C6N5)c4)nc3c2)n1,3.287616014480591,2.82151460647583,0.46610140800476074,True,1,16,0,1,True,0,C,S
2951,[*]C(=O)Nc1cccc(NC(=O)c2ccc3[nH]c(-c4cccc(-c5nc6cc([*])ccc6[nH]5)c4)nc3c2)n1,*C(=O)Nc1cccc(NC(=O)c2ccc3[nH]c(-c4cccc(-c5nc6nc(*)ccc6[nH]5)c4)nc3c2)n1,3.287616014480591,3.3091440200805664,0.021528005599975586,True,1,3,0,1,True,0,C,N
2951,[*]C(=O)Nc1cccc(NC(=O)c2ccc3[nH]c(-c4cccc(-c5nc6cc([*])ccc6[nH]5)c4)nc3c2)n1,*C(=O)Nc1cccc(NC(=O)c2ccc3[nH]c(-c4cccc(-c5nc6c([nH]5)=CC=S(*)C=6)c4)nc3c2)n1,3.287616014480591,3.2850558757781982,0.002560138702392578,True,1,15,0,1,True,1,C,S
2951,[*]C(=O)Nc1cccc(NC(=O)c2ccc3[nH]c(-c4cccc(-c5nc6cc([*])ccc6[nH]5)c4)nc3c2)n1,*C(=O)Nc1cccc(NC(=O)c2ccc3[nH]c(-c4cccc(-c5nc6cc(*)ncc6[nH]5)c4)nc3c2)n1,3.287616014480591,3.3012681007385254,0.01365208625793457,True,1,3,0,1,True,0,C,N
2951,[*]C(=O)Nc1cccc(NC(=O)c2ccc3[nH]c(-c4cccc(-c5nc6cc([*])ccc6[nH]5)c4)nc3c2)n1,*C(=O)Nc1cccc(NC(=O)c2ccc3[nH]c(-c4cccc(-c5nc6cc(*)cnc6[nH]5)c4)nc3c2)n1,3.287616014480591,3.2958343029022217,0.00821828842163086,True,1,3,0,1,True,0,C,N
2951,[*]C(=O)Nc1cccc(NC(=O)c2ccc3[nH]c(-c4cccc(-c5nc6cc([*])ccc6[nH]5)c4)nc3c2)n1,*C(=O)Nc1cccc(NC(=O)c2ccc3[nH]c(-c4cccc(C5=NC6=CC(*)=CC=S6N5)c4)nc3c2)n1,3.287616014480591,2.8033952713012695,0.4842207431793213,True,1,16,0,1,True,0,C,S
2951,[*]C(=O)Nc1cccc(NC(=O)c2ccc3[nH]c(-c4cccc(-c5nc6cc([*])ccc6[nH]5)c4)nc3c2)n1,*C(=O)Nc1cccc(NC(=O)c2ccc3[nH]c(-c4cccc(-c5nc6cc(*)ccc6o5)c4)nc3c2)n1,3.287616014480591,3.3026201725006104,0.015004158020019531,True,1,3,0,1,True,0,N,O
2951,[*]C(=O)Nc1cccc(NC(=O)c2ccc3[nH]c(-c4cccc(-c5nc6cc([*])ccc6[nH]5)c4)nc3c2)n1,*C(=O)Nc1cccc(NC(=O)c2ccc3[nH]c(-c4cccc(-c5nc6cc(*)ccc6s5)c4)nc3c2)n1,3.287616014480591,3.2792587280273438,0.00835728645324707,True,1,3,0,1,True,0,N,S
2951,[*]C(=O)Nc1cccc(NC(=O)c2ccc3[nH]c(-c4cccc(-c5nc6cc([*])ccc6[nH]5)c4)nc3c2)n1,*C(=O)Nc1cccc(NC(=O)c2ccc3[nH]c(-c4cccc(-c5nc6cc(*)ccc6[nH]5)n4)nc3c2)n1,3.287616014480591,3.294156312942505,0.0065402984619140625,True,1,3,0,1,True,0,C,N
2951,[*]C(=O)Nc1cccc(NC(=O)c2ccc3[nH]c(-c4cccc(-c5nc6cc([*])ccc6[nH]5)c4)nc3c2)n1,*C(=O)Nc1cccc(NC(=O)c2ccc3[nH]c(-c4cccc(-c5nc6cc(*)ccc6[nH]5)c4)cc3c2)n1,3.287616014480591,3.286105155944824,0.0015108585357666016,True,1,3,0,1,True,0,N,C
2951,[*]C(=O)Nc1cccc(NC(=O)c2ccc3[nH]c(-c4cccc(-c5nc6cc([*])ccc6[nH]5)c4)nc3c2)n1,*C(=O)Nc1cccc(NC(=O)C2=CC=C3NC(c4cccc(-c5nc6cc(*)ccc6[nH]5)c4)=NS3=C2)n1,3.287616014480591,2.7797176837921143,0.5078983306884766,True,1,16,0,1,True,0,C,S
2951,[*]C(=O)Nc1cccc(NC(=O)c2ccc3[nH]c(-c4cccc(-c5nc6cc([*])ccc6[nH]5)c4)nc3c2)n1,*C(=O)Nc1cccc(NC(=O)c2ccc3[nH]c(-c4cccc(-c5nc6cc(*)ccc6[nH]5)c4)nc3n2)n1,3.287616014480591,3.313115358352661,0.025499343872070312,True,1,3,0,1,True,0,C,N
2951,[*]C(=O)Nc1cccc(NC(=O)c2ccc3[nH]c(-c4cccc(-c5nc6cc([*])ccc6[nH]5)c4)nc3c2)n1,*C(=O)Nc1cccc(NC(=O)c2ccc3[nH]c(-c4cccc(-c5nc6cc(*)ccc6[nH]5)c4)nc3c2)c1,3.287616014480591,3.288295269012451,0.0006792545318603516,True,1,3,0,1,True,0,N,C
2952,[*]Oc1c(Cl)cc(NC(=O)NCCCCCCNC([*])=O)cc1Cl,*Cc1c(Cl)cc(NC(=O)NCCCCCCNC(*)=O)cc1Cl,4.719987392425537,4.748313903808594,0.02832651138305664,True,1,3,0,1,False,1,O,C
2952,[*]Oc1c(Cl)cc(NC(=O)NCCCCCCNC([*])=O)cc1Cl,*Nc1c(Cl)cc(NC(=O)NCCCCCCNC(*)=O)cc1Cl,4.719987392425537,4.432380199432373,0.28760719299316406,True,1,3,0,1,False,1,O,N
2952,[*]Oc1c(Cl)cc(NC(=O)NCCCCCCNC([*])=O)cc1Cl,*Sc1c(Cl)cc(NC(=O)NCCCCCCNC(*)=O)cc1Cl,4.719987392425537,4.317981719970703,0.402005672454834,True,1,3,0,1,False,1,O,S
2952,[*]Oc1c(Cl)cc(NC(=O)NCCCCCCNC([*])=O)cc1Cl,*OS1=C(Cl)C=C(NC(=O)NCCCCCCNC(*)=O)C=C1Cl,4.719987392425537,4.511436939239502,0.20855045318603516,True,1,11,0,1,True,0,C,S
2952,[*]Oc1c(Cl)cc(NC(=O)NCCCCCCNC([*])=O)cc1Cl,*OC1=S(Cl)C=C(NC(=O)NCCCCCCNC(*)=O)C=C1Cl,4.719987392425537,3.225506067276001,1.4944813251495361,True,1,11,0,1,True,0,C,S
2952,[*]Oc1c(Cl)cc(NC(=O)NCCCCCCNC([*])=O)cc1Cl,*Oc1c(C)cc(NC(=O)NCCCCCCNC(*)=O)cc1Cl,4.719987392425537,4.77977180480957,0.0597844123840332,True,1,3,0,1,False,0,Cl,C
2952,[*]Oc1c(Cl)cc(NC(=O)NCCCCCCNC([*])=O)cc1Cl,*Oc1c(N)cc(NC(=O)NCCCCCCNC(*)=O)cc1Cl,4.719987392425537,4.5842461585998535,0.1357412338256836,True,1,3,0,1,False,0,Cl,N
2952,[*]Oc1c(Cl)cc(NC(=O)NCCCCCCNC([*])=O)cc1Cl,*Oc1c(O)cc(NC(=O)NCCCCCCNC(*)=O)cc1Cl,4.719987392425537,4.5627288818359375,0.1572585105895996,True,1,3,0,1,False,0,Cl,O
2952,[*]Oc1c(Cl)cc(NC(=O)NCCCCCCNC([*])=O)cc1Cl,*Oc1c(S)cc(NC(=O)NCCCCCCNC(*)=O)cc1Cl,4.719987392425537,4.6033782958984375,0.11660909652709961,True,1,3,0,1,False,0,Cl,S
2952,[*]Oc1c(Cl)cc(NC(=O)NCCCCCCNC([*])=O)cc1Cl,*Oc1c(F)cc(NC(=O)NCCCCCCNC(*)=O)cc1Cl,4.719987392425537,4.687598705291748,0.03238868713378906,True,1,3,0,1,False,0,Cl,F
2952,[*]Oc1c(Cl)cc(NC(=O)NCCCCCCNC([*])=O)cc1Cl,*Oc1c(Cl)cc(NC(=O)NCCCCCCNC(*)=O)nc1Cl,4.719987392425537,4.842025279998779,0.12203788757324219,True,1,3,0,1,True,0,C,N
2952,[*]Oc1c(Cl)cc(NC(=O)NCCCCCCNC([*])=O)cc1Cl,*OC1=C(Cl)C=S(NC(=O)NCCCCCCNC(*)=O)C=C1Cl,4.719987392425537,3.458298683166504,1.2616887092590332,True,1,11,0,1,True,0,C,S
2952,[*]Oc1c(Cl)cc(NC(=O)NCCCCCCNC([*])=O)cc1Cl,*Oc1c(Cl)cc(CC(=O)NCCCCCCNC(*)=O)cc1Cl,4.719987392425537,4.8589653968811035,0.1389780044555664,True,1,3,0,1,False,0,N,C
2952,[*]Oc1c(Cl)cc(NC(=O)NCCCCCCNC([*])=O)cc1Cl,*Oc1c(Cl)cc(OC(=O)NCCCCCCNC(*)=O)cc1Cl,4.719987392425537,4.828929901123047,0.10894250869750977,True,1,3,0,1,False,0,N,O
2952,[*]Oc1c(Cl)cc(NC(=O)NCCCCCCNC([*])=O)cc1Cl,*Oc1c(Cl)cc(SC(=O)NCCCCCCNC(*)=O)cc1Cl,4.719987392425537,4.7124505043029785,0.007536888122558594,True,1,3,0,1,False,0,N,S
2952,[*]Oc1c(Cl)cc(NC(=O)NCCCCCCNC([*])=O)cc1Cl,*Oc1c(Cl)cc(NS(=O)NCCCCCCNC(*)=O)cc1Cl,4.719987392425537,4.557700157165527,0.16228723526000977,True,1,3,0,1,False,0,C,S
2952,[*]Oc1c(Cl)cc(NC(=O)NCCCCCCNC([*])=O)cc1Cl,*Oc1c(Cl)cc(NC(=C)NCCCCCCNC(*)=O)cc1Cl,4.719987392425537,4.56458854675293,0.15539884567260742,True,1,3,0,1,False,0,O,C
2952,[*]Oc1c(Cl)cc(NC(=O)NCCCCCCNC([*])=O)cc1Cl,*Oc1c(Cl)cc(NC(=N)NCCCCCCNC(*)=O)cc1Cl,4.719987392425537,4.665533542633057,0.05445384979248047,True,1,3,0,1,False,0,O,N
2952,[*]Oc1c(Cl)cc(NC(=O)NCCCCCCNC([*])=O)cc1Cl,*Oc1c(Cl)cc(NC(=S)NCCCCCCNC(*)=O)cc1Cl,4.719987392425537,4.215017318725586,0.5049700736999512,True,1,3,0,1,False,0,O,S
2952,[*]Oc1c(Cl)cc(NC(=O)NCCCCCCNC([*])=O)cc1Cl,*Oc1c(Cl)cc(NC(=O)CCCCCCCNC(*)=O)cc1Cl,4.719987392425537,4.7808051109313965,0.060817718505859375,True,1,3,0,1,False,0,N,C
2952,[*]Oc1c(Cl)cc(NC(=O)NCCCCCCNC([*])=O)cc1Cl,*Oc1c(Cl)cc(NC(=O)OCCCCCCNC(*)=O)cc1Cl,4.719987392425537,4.777284145355225,0.0572967529296875,True,1,3,0,1,False,0,N,O
2952,[*]Oc1c(Cl)cc(NC(=O)NCCCCCCNC([*])=O)cc1Cl,*Oc1c(Cl)cc(NC(=O)SCCCCCCNC(*)=O)cc1Cl,4.719987392425537,4.532806396484375,0.1871809959411621,True,1,3,0,1,False,0,N,S
2952,[*]Oc1c(Cl)cc(NC(=O)NCCCCCCNC([*])=O)cc1Cl,*Oc1c(Cl)cc(NC(=O)NNCCCCCNC(*)=O)cc1Cl,4.719987392425537,4.6706342697143555,0.04935312271118164,True,1,3,0,1,False,0,C,N
2952,[*]Oc1c(Cl)cc(NC(=O)NCCCCCCNC([*])=O)cc1Cl,*Oc1c(Cl)cc(NC(=O)NOCCCCCNC(*)=O)cc1Cl,4.719987392425537,4.736928462982178,0.016941070556640625,True,1,3,0,1,False,0,C,O
2952,[*]Oc1c(Cl)cc(NC(=O)NCCCCCCNC([*])=O)cc1Cl,*Oc1c(Cl)cc(NC(=O)NSCCCCCNC(*)=O)cc1Cl,4.719987392425537,4.390036582946777,0.32995080947875977,True,1,3,0,1,False,0,C,S
2952,[*]Oc1c(Cl)cc(NC(=O)NCCCCCCNC([*])=O)cc1Cl,*Oc1c(Cl)cc(NC(=O)NCNCCCCNC(*)=O)cc1Cl,4.719987392425537,4.633162975311279,0.08682441711425781,True,1,3,0,1,False,0,C,N
2952,[*]Oc1c(Cl)cc(NC(=O)NCCCCCCNC([*])=O)cc1Cl,*Oc1c(Cl)cc(NC(=O)NCOCCCCNC(*)=O)cc1Cl,4.719987392425537,4.667623043060303,0.052364349365234375,True,1,3,0,1,False,0,C,O
2952,[*]Oc1c(Cl)cc(NC(=O)NCCCCCCNC([*])=O)cc1Cl,*Oc1c(Cl)cc(NC(=O)NCSCCCCNC(*)=O)cc1Cl,4.719987392425537,4.4770283699035645,0.24295902252197266,True,1,3,0,1,False,0,C,S
2952,[*]Oc1c(Cl)cc(NC(=O)NCCCCCCNC([*])=O)cc1Cl,*Oc1c(Cl)cc(NC(=O)NCCNCCCNC(*)=O)cc1Cl,4.719987392425537,4.619444370269775,0.10054302215576172,True,1,3,0,1,False,0,C,N
2952,[*]Oc1c(Cl)cc(NC(=O)NCCCCCCNC([*])=O)cc1Cl,*Oc1c(Cl)cc(NC(=O)NCCOCCCNC(*)=O)cc1Cl,4.719987392425537,4.648165702819824,0.07182168960571289,True,1,3,0,1,False,0,C,O
2952,[*]Oc1c(Cl)cc(NC(=O)NCCCCCCNC([*])=O)cc1Cl,*Oc1c(Cl)cc(NC(=O)NCCSCCCNC(*)=O)cc1Cl,4.719987392425537,4.418615818023682,0.30137157440185547,True,1,3,0,1,False,0,C,S
2952,[*]Oc1c(Cl)cc(NC(=O)NCCCCCCNC([*])=O)cc1Cl,*Oc1c(Cl)cc(NC(=O)NCCCNCCNC(*)=O)cc1Cl,4.719987392425537,4.619441032409668,0.10054636001586914,True,1,3,0,1,False,0,C,N
2952,[*]Oc1c(Cl)cc(NC(=O)NCCCCCCNC([*])=O)cc1Cl,*Oc1c(Cl)cc(NC(=O)NCCCOCCNC(*)=O)cc1Cl,4.719987392425537,4.648167133331299,0.07182025909423828,True,1,3,0,1,False,0,C,O
2952,[*]Oc1c(Cl)cc(NC(=O)NCCCCCCNC([*])=O)cc1Cl,*Oc1c(Cl)cc(NC(=O)NCCCSCCNC(*)=O)cc1Cl,4.719987392425537,4.418887615203857,0.3010997772216797,True,1,3,0,1,False,0,C,S
2952,[*]Oc1c(Cl)cc(NC(=O)NCCCCCCNC([*])=O)cc1Cl,*Oc1c(Cl)cc(NC(=O)NCCCCNCNC(*)=O)cc1Cl,4.719987392425537,4.633762836456299,0.08622455596923828,True,1,3,0,1,False,0,C,N
2952,[*]Oc1c(Cl)cc(NC(=O)NCCCCCCNC([*])=O)cc1Cl,*Oc1c(Cl)cc(NC(=O)NCCCCOCNC(*)=O)cc1Cl,4.719987392425537,4.667480945587158,0.052506446838378906,True,1,3,0,1,False,0,C,O
2952,[*]Oc1c(Cl)cc(NC(=O)NCCCCCCNC([*])=O)cc1Cl,*Oc1c(Cl)cc(NC(=O)NCCCCSCNC(*)=O)cc1Cl,4.719987392425537,4.4773736000061035,0.2426137924194336,True,1,3,0,1,False,0,C,S
2952,[*]Oc1c(Cl)cc(NC(=O)NCCCCCCNC([*])=O)cc1Cl,*Oc1c(Cl)cc(NC(=O)NCCCCCNNC(*)=O)cc1Cl,4.719987392425537,4.6714186668396,0.0485687255859375,True,1,3,0,1,False,0,C,N
2952,[*]Oc1c(Cl)cc(NC(=O)NCCCCCCNC([*])=O)cc1Cl,*Oc1c(Cl)cc(NC(=O)NCCCCCONC(*)=O)cc1Cl,4.719987392425537,4.746581554412842,0.026594161987304688,True,1,3,0,1,False,0,C,O
2952,[*]Oc1c(Cl)cc(NC(=O)NCCCCCCNC([*])=O)cc1Cl,*Oc1c(Cl)cc(NC(=O)NCCCCCSNC(*)=O)cc1Cl,4.719987392425537,4.400045394897461,0.31994199752807617,True,1,3,0,1,False,0,C,S
2952,[*]Oc1c(Cl)cc(NC(=O)NCCCCCCNC([*])=O)cc1Cl,*Oc1c(Cl)cc(NC(=O)NCCCCCCCC(*)=O)cc1Cl,4.719987392425537,4.766865253448486,0.04687786102294922,True,1,3,0,1,False,0,N,C
2952,[*]Oc1c(Cl)cc(NC(=O)NCCCCCCNC([*])=O)cc1Cl,*Oc1c(Cl)cc(NC(=O)NCCCCCCOC(*)=O)cc1Cl,4.719987392425537,4.817658424377441,0.0976710319519043,True,1,3,0,1,False,0,N,O
2952,[*]Oc1c(Cl)cc(NC(=O)NCCCCCCNC([*])=O)cc1Cl,*Oc1c(Cl)cc(NC(=O)NCCCCCCSC(*)=O)cc1Cl,4.719987392425537,4.558412075042725,0.1615753173828125,True,1,3,0,1,False,0,N,S
2952,[*]Oc1c(Cl)cc(NC(=O)NCCCCCCNC([*])=O)cc1Cl,*Oc1c(Cl)cc(NC(=O)NCCCCCCNS(*)=O)cc1Cl,4.719987392425537,4.6046648025512695,0.11532258987426758,True,1,3,0,1,False,1,C,S
2952,[*]Oc1c(Cl)cc(NC(=O)NCCCCCCNC([*])=O)cc1Cl,*Oc1c(Cl)cc(NC(=O)NCCCCCCNC(*)=C)cc1Cl,4.719987392425537,4.524710655212402,0.19527673721313477,True,1,3,0,1,False,0,O,C
2952,[*]Oc1c(Cl)cc(NC(=O)NCCCCCCNC([*])=O)cc1Cl,*Oc1c(Cl)cc(NC(=O)NCCCCCCNC(*)=N)cc1Cl,4.719987392425537,4.63767147064209,0.08231592178344727,True,1,3,0,1,False,0,O,N
2952,[*]Oc1c(Cl)cc(NC(=O)NCCCCCCNC([*])=O)cc1Cl,*Oc1c(Cl)cc(NC(=O)NCCCCCCNC(*)=S)cc1Cl,4.719987392425537,4.04669713973999,0.6732902526855469,True,1,3,0,1,False,0,O,S
2952,[*]Oc1c(Cl)cc(NC(=O)NCCCCCCNC([*])=O)cc1Cl,*OC1=C(Cl)C=C(NC(=O)NCCCCCCNC(*)=O)C=S1Cl,4.719987392425537,3.173287868499756,1.5466995239257812,True,1,11,0,1,True,0,C,S
2953,[*]CCCOC(=O)c1cccc(-c2cccc(C(=O)O[*])c2)c1,*NCCOC(=O)c1cccc(-c2cccc(C(=O)O*)c2)c1,4.281692981719971,4.158700942993164,0.12299203872680664,True,1,3,0,1,False,1,C,N
2953,[*]CCCOC(=O)c1cccc(-c2cccc(C(=O)O[*])c2)c1,*OCCOC(=O)c1cccc(-c2cccc(C(=O)O*)c2)c1,4.281692981719971,4.241905689239502,0.03978729248046875,True,1,3,0,1,False,1,C,O
2953,[*]CCCOC(=O)c1cccc(-c2cccc(C(=O)O[*])c2)c1,*OC(=O)c1cccc(-c2cccc(C(=O)OCCS*)c2)c1,4.281692981719971,4.002536296844482,0.2791566848754883,True,1,8,0,1,False,1,C,S
2953,[*]CCCOC(=O)c1cccc(-c2cccc(C(=O)O[*])c2)c1,*CNCOC(=O)c1cccc(-c2cccc(C(=O)O*)c2)c1,4.281692981719971,4.199642658233643,0.08205032348632812,True,1,3,0,1,False,0,C,N
2953,[*]CCCOC(=O)c1cccc(-c2cccc(C(=O)O[*])c2)c1,*COCOC(=O)c1cccc(-c2cccc(C(=O)O*)c2)c1,4.281692981719971,4.221726417541504,0.0599665641784668,True,1,3,0,1,False,0,C,O
2953,[*]CCCOC(=O)c1cccc(-c2cccc(C(=O)O[*])c2)c1,*CSCOC(=O)c1cccc(-c2cccc(C(=O)O*)c2)c1,4.281692981719971,4.111667156219482,0.17002582550048828,True,1,3,0,1,False,0,C,S
2953,[*]CCCOC(=O)c1cccc(-c2cccc(C(=O)O[*])c2)c1,*CCNOC(=O)c1cccc(-c2cccc(C(=O)O*)c2)c1,4.281692981719971,4.233733654022217,0.047959327697753906,True,1,3,0,1,False,0,C,N
2953,[*]CCCOC(=O)c1cccc(-c2cccc(C(=O)O[*])c2)c1,*CCOOC(=O)c1cccc(-c2cccc(C(=O)O*)c2)c1,4.281692981719971,4.289792060852051,0.008099079132080078,True,1,3,0,1,False,0,C,O
2953,[*]CCCOC(=O)c1cccc(-c2cccc(C(=O)O[*])c2)c1,*CCSOC(=O)c1cccc(-c2cccc(C(=O)O*)c2)c1,4.281692981719971,4.089298248291016,0.19239473342895508,True,1,3,0,1,False,0,C,S
2953,[*]CCCOC(=O)c1cccc(-c2cccc(C(=O)O[*])c2)c1,*CCCCC(=O)c1cccc(-c2cccc(C(=O)O*)c2)c1,4.281692981719971,4.310402870178223,0.028709888458251953,True,1,3,0,1,False,0,O,C
2953,[*]CCCOC(=O)c1cccc(-c2cccc(C(=O)O[*])c2)c1,*CCCNC(=O)c1cccc(-c2cccc(C(=O)O*)c2)c1,4.281692981719971,4.232015132904053,0.04967784881591797,True,1,3,0,1,False,0,O,N
2953,[*]CCCOC(=O)c1cccc(-c2cccc(C(=O)O[*])c2)c1,*CCCSC(=O)c1cccc(-c2cccc(C(=O)O*)c2)c1,4.281692981719971,4.091974258422852,0.18971872329711914,True,1,3,0,1,False,0,O,S
2953,[*]CCCOC(=O)c1cccc(-c2cccc(C(=O)O[*])c2)c1,*CCCOS(=O)c1cccc(-c2cccc(C(=O)O*)c2)c1,4.281692981719971,4.357914924621582,0.07622194290161133,True,1,3,0,1,False,0,C,S
2953,[*]CCCOC(=O)c1cccc(-c2cccc(C(=O)O[*])c2)c1,*CCCOC(=C)c1cccc(-c2cccc(C(=O)O*)c2)c1,4.281692981719971,4.178857326507568,0.10283565521240234,True,1,3,0,1,False,0,O,C
2953,[*]CCCOC(=O)c1cccc(-c2cccc(C(=O)O[*])c2)c1,*CCCOC(=N)c1cccc(-c2cccc(C(=O)O*)c2)c1,4.281692981719971,4.255823135375977,0.02586984634399414,True,1,3,0,1,False,0,O,N
2953,[*]CCCOC(=O)c1cccc(-c2cccc(C(=O)O[*])c2)c1,*CCCOC(=S)c1cccc(-c2cccc(C(=O)O*)c2)c1,4.281692981719971,3.923685312271118,0.35800766944885254,True,1,3,0,1,False,0,O,S
2953,[*]CCCOC(=O)c1cccc(-c2cccc(C(=O)O[*])c2)c1,*CCCOC(=O)S1=CC=CC(c2cccc(C(=O)O*)c2)=C1,4.281692981719971,3.61283802986145,0.6688549518585205,True,1,12,0,1,True,0,C,S
2953,[*]CCCOC(=O)c1cccc(-c2cccc(C(=O)O[*])c2)c1,*CCCOC(=O)c1cc(-c2cccc(C(=O)O*)c2)ccn1,4.281692981719971,4.2696309089660645,0.01206207275390625,True,1,6,0,1,True,0,C,N
2953,[*]CCCOC(=O)c1cccc(-c2cccc(C(=O)O[*])c2)c1,*CCCOC(=O)c1cncc(-c2cccc(C(=O)O*)c2)c1,4.281692981719971,4.247483253479004,0.0342097282409668,True,1,3,0,1,True,0,C,N
2953,[*]CCCOC(=O)c1cccc(-c2cccc(C(=O)O[*])c2)c1,*CCCOC(=O)c1ccnc(-c2cccc(C(=O)O*)c2)c1,4.281692981719971,4.2698235511779785,0.011869430541992188,True,1,3,0,1,True,0,C,N
2953,[*]CCCOC(=O)c1cccc(-c2cccc(C(=O)O[*])c2)c1,*CCCOC(=O)C1=CC=CS(c2cccc(C(=O)O*)c2)=C1,4.281692981719971,3.6554758548736572,0.6262171268463135,True,1,12,0,1,True,0,C,S
2953,[*]CCCOC(=O)c1cccc(-c2cccc(C(=O)O[*])c2)c1,*CCCOC(=O)c1cccc(S2=CC=CC(C(=O)O*)=C2)c1,4.281692981719971,3.6560864448547363,0.6256065368652344,True,1,12,0,1,True,0,C,S
2953,[*]CCCOC(=O)c1cccc(-c2cccc(C(=O)O[*])c2)c1,*CCCOC(=O)c1cccc(-c2cc(C(=O)O*)ccn2)c1,4.281692981719971,4.2698235511779785,0.011869430541992188,True,1,6,0,1,True,0,C,N
2953,[*]CCCOC(=O)c1cccc(-c2cccc(C(=O)O[*])c2)c1,*CCCOC(=O)c1cccc(-c2cncc(C(=O)O*)c2)c1,4.281692981719971,4.247432231903076,0.03426074981689453,True,1,3,0,1,True,0,C,N
2953,[*]CCCOC(=O)c1cccc(-c2cccc(C(=O)O[*])c2)c1,*CCCOC(=O)c1cccc(-c2ccnc(C(=O)O*)c2)c1,4.281692981719971,4.269643783569336,0.012049198150634766,True,1,3,0,1,True,0,C,N
2953,[*]CCCOC(=O)c1cccc(-c2cccc(C(=O)O[*])c2)c1,*CCCOC(=O)c1cccc(C2=CC=CS(C(=O)O*)=C2)c1,4.281692981719971,3.6149508953094482,0.6667420864105225,True,1,12,0,1,True,0,C,S
2953,[*]CCCOC(=O)c1cccc(-c2cccc(C(=O)O[*])c2)c1,*CCCOC(=O)c1cccc(-c2cccc(S(=O)O*)c2)c1,4.281692981719971,4.352787971496582,0.07109498977661133,True,1,3,0,1,False,0,C,S
2953,[*]CCCOC(=O)c1cccc(-c2cccc(C(=O)O[*])c2)c1,*CCCOC(=O)c1cccc(-c2cccc(C(=C)O*)c2)c1,4.281692981719971,4.176814079284668,0.10487890243530273,True,1,3,0,1,False,0,O,C
2953,[*]CCCOC(=O)c1cccc(-c2cccc(C(=O)O[*])c2)c1,*CCCOC(=O)c1cccc(-c2cccc(C(=N)O*)c2)c1,4.281692981719971,4.257004261016846,0.024688720703125,True,1,3,0,1,False,0,O,N
2953,[*]CCCOC(=O)c1cccc(-c2cccc(C(=O)O[*])c2)c1,*CCCOC(=O)c1cccc(-c2cccc(C(=S)O*)c2)c1,4.281692981719971,3.90073299407959,0.38095998764038086,True,1,3,0,1,False,0,O,S
2953,[*]CCCOC(=O)c1cccc(-c2cccc(C(=O)O[*])c2)c1,*CCCOC(=O)c1cccc(-c2cccc(C(=O)C*)c2)c1,4.281692981719971,4.196849822998047,0.08484315872192383,True,1,3,0,1,False,1,O,C
2953,[*]CCCOC(=O)c1cccc(-c2cccc(C(=O)O[*])c2)c1,*CCCOC(=O)c1cccc(-c2cccc(C(=O)N*)c2)c1,4.281692981719971,4.077342987060547,0.20434999465942383,True,1,3,0,1,False,1,O,N
2953,[*]CCCOC(=O)c1cccc(-c2cccc(C(=O)O[*])c2)c1,*CCCOC(=O)c1cccc(-c2cccc(C(=O)S*)c2)c1,4.281692981719971,3.993276596069336,0.28841638565063477,True,1,3,0,1,False,1,O,S
2953,[*]CCCOC(=O)c1cccc(-c2cccc(C(=O)O[*])c2)c1,*CCCOC(=O)c1cccc(-c2cccc(C(=O)O*)n2)c1,4.281692981719971,4.378265857696533,0.0965728759765625,True,1,3,0,1,True,0,C,N
2953,[*]CCCOC(=O)c1cccc(-c2cccc(C(=O)O[*])c2)c1,*CCCOC(=O)c1cccc(-c2cccc(C(=O)O*)c2)n1,4.281692981719971,4.378314971923828,0.09662199020385742,True,1,3,0,1,True,0,C,N
2954,[*]C=C([*])c1cccc(C#C)c1,*N=C(*)c1cccc(C#C)c1,2.741673469543457,3.659879684448242,0.9182062149047852,True,1,3,0,1,False,1,C,N
2954,[*]C=C([*])c1cccc(C#C)c1,*[SH]=C(*)c1cccc(C#C)c1,2.741673469543457,3.470073699951172,0.7284002304077148,True,1,3,0,1,False,1,C,S
2954,[*]C=C([*])c1cccc(C#C)c1,*C=S(*)c1cccc(C#C)c1,2.741673469543457,3.814107894897461,1.072434425354004,True,1,3,0,1,False,1,C,S
2954,[*]C=C([*])c1cccc(C#C)c1,*C=C(*)S1=CC=CC(C#C)=C1,2.741673469543457,1.9691898822784424,0.7724835872650146,True,1,11,0,1,True,0,C,S
2954,[*]C=C([*])c1cccc(C#C)c1,*C=C(*)c1cc(C#C)ccn1,2.741673469543457,2.6923863887786865,0.04928708076477051,True,1,6,0,1,True,0,C,N
2954,[*]C=C([*])c1cccc(C#C)c1,*C=C(*)c1cncc(C#C)c1,2.741673469543457,2.6550393104553223,0.08663415908813477,True,1,3,0,1,True,0,C,N
2954,[*]C=C([*])c1cccc(C#C)c1,*C=C(*)c1ccnc(C#C)c1,2.741673469543457,2.6598126888275146,0.08186078071594238,True,1,3,0,1,True,0,C,N
2954,[*]C=C([*])c1cccc(C#C)c1,*C=C(*)C1=CC=CS(C#C)=C1,2.741673469543457,1.5836467742919922,1.1580266952514648,True,1,11,0,1,True,0,C,S
2954,[*]C=C([*])c1cccc(C#C)c1,*C=C(*)c1cccc(S#C)c1,2.741673469543457,3.1663942337036133,0.42472076416015625,True,1,3,0,1,False,0,C,S
2954,[*]C=C([*])c1cccc(C#C)c1,*C=C(*)c1cccc(C#N)c1,2.741673469543457,2.746659755706787,0.004986286163330078,True,1,3,0,1,False,0,C,N
2954,[*]C=C([*])c1cccc(C#C)c1,*C=C(*)c1cccc(C#[SH])c1,2.741673469543457,2.327261209487915,0.414412260055542,True,1,3,0,1,False,0,C,S
2954,[*]C=C([*])c1cccc(C#C)c1,*C=C(*)c1cccc(C#C)n1,2.741673469543457,2.771085023880005,0.02941155433654785,True,1,3,0,1,True,0,C,N
2955,[*]CCCCCCCCCCOC(=O)c1ccc(C=Cc2ccc(C(=O)O[*])cc2)cc1,*NCCCCCCCCCOC(=O)c1ccc(C=Cc2ccc(C(=O)O*)cc2)cc1,3.9084136486053467,3.743896484375,0.16451716423034668,True,1,3,0,1,False,1,C,N
2955,[*]CCCCCCCCCCOC(=O)c1ccc(C=Cc2ccc(C(=O)O[*])cc2)cc1,*OCCCCCCCCCOC(=O)c1ccc(C=Cc2ccc(C(=O)O*)cc2)cc1,3.9084136486053467,3.8436319828033447,0.06478166580200195,True,1,3,0,1,False,1,C,O
2955,[*]CCCCCCCCCCOC(=O)c1ccc(C=Cc2ccc(C(=O)O[*])cc2)cc1,*OC(=O)c1ccc(C=Cc2ccc(C(=O)OCCCCCCCCCS*)cc2)cc1,3.9084136486053467,3.668297290802002,0.24011635780334473,True,1,22,0,1,False,1,C,S
2955,[*]CCCCCCCCCCOC(=O)c1ccc(C=Cc2ccc(C(=O)O[*])cc2)cc1,*CNCCCCCCCCOC(=O)c1ccc(C=Cc2ccc(C(=O)O*)cc2)cc1,3.9084136486053467,3.8487465381622314,0.059667110443115234,True,1,3,0,1,False,0,C,N
2955,[*]CCCCCCCCCCOC(=O)c1ccc(C=Cc2ccc(C(=O)O[*])cc2)cc1,*COCCCCCCCCOC(=O)c1ccc(C=Cc2ccc(C(=O)O*)cc2)cc1,3.9084136486053467,3.839512348175049,0.06890130043029785,True,1,3,0,1,False,0,C,O
2955,[*]CCCCCCCCCCOC(=O)c1ccc(C=Cc2ccc(C(=O)O[*])cc2)cc1,*CSCCCCCCCCOC(=O)c1ccc(C=Cc2ccc(C(=O)O*)cc2)cc1,3.9084136486053467,3.668895721435547,0.2395179271697998,True,1,3,0,1,False,0,C,S
2955,[*]CCCCCCCCCCOC(=O)c1ccc(C=Cc2ccc(C(=O)O[*])cc2)cc1,*CCNCCCCCCCOC(=O)c1ccc(C=Cc2ccc(C(=O)O*)cc2)cc1,3.9084136486053467,3.8721675872802734,0.03624606132507324,True,1,3,0,1,False,0,C,N
2955,[*]CCCCCCCCCCOC(=O)c1ccc(C=Cc2ccc(C(=O)O[*])cc2)cc1,*CCOCCCCCCCOC(=O)c1ccc(C=Cc2ccc(C(=O)O*)cc2)cc1,3.9084136486053467,3.878005266189575,0.030408382415771484,True,1,3,0,1,False,0,C,O
2955,[*]CCCCCCCCCCOC(=O)c1ccc(C=Cc2ccc(C(=O)O[*])cc2)cc1,*CCSCCCCCCCOC(=O)c1ccc(C=Cc2ccc(C(=O)O*)cc2)cc1,3.9084136486053467,3.7996604442596436,0.10875320434570312,True,1,3,0,1,False,0,C,S
2955,[*]CCCCCCCCCCOC(=O)c1ccc(C=Cc2ccc(C(=O)O[*])cc2)cc1,*CCCNCCCCCCOC(=O)c1ccc(C=Cc2ccc(C(=O)O*)cc2)cc1,3.9084136486053467,3.8732075691223145,0.03520607948303223,True,1,3,0,1,False,0,C,N
2955,[*]CCCCCCCCCCOC(=O)c1ccc(C=Cc2ccc(C(=O)O[*])cc2)cc1,*CCCOCCCCCCOC(=O)c1ccc(C=Cc2ccc(C(=O)O*)cc2)cc1,3.9084136486053467,3.880815029144287,0.02759861946105957,True,1,3,0,1,False,0,C,O
2955,[*]CCCCCCCCCCOC(=O)c1ccc(C=Cc2ccc(C(=O)O[*])cc2)cc1,*CCCSCCCCCCOC(=O)c1ccc(C=Cc2ccc(C(=O)O*)cc2)cc1,3.9084136486053467,3.8160502910614014,0.09236335754394531,True,1,3,0,1,False,0,C,S
2955,[*]CCCCCCCCCCOC(=O)c1ccc(C=Cc2ccc(C(=O)O[*])cc2)cc1,*CCCCNCCCCCOC(=O)c1ccc(C=Cc2ccc(C(=O)O*)cc2)cc1,3.9084136486053467,3.873357057571411,0.03505659103393555,True,1,3,0,1,False,0,C,N
2955,[*]CCCCCCCCCCOC(=O)c1ccc(C=Cc2ccc(C(=O)O[*])cc2)cc1,*CCCCOCCCCCOC(=O)c1ccc(C=Cc2ccc(C(=O)O*)cc2)cc1,3.9084136486053467,3.8810062408447266,0.027407407760620117,True,1,3,0,1,False,0,C,O
2955,[*]CCCCCCCCCCOC(=O)c1ccc(C=Cc2ccc(C(=O)O[*])cc2)cc1,*CCCCSCCCCCOC(=O)c1ccc(C=Cc2ccc(C(=O)O*)cc2)cc1,3.9084136486053467,3.8162529468536377,0.09216070175170898,True,1,3,0,1,False,0,C,S
2955,[*]CCCCCCCCCCOC(=O)c1ccc(C=Cc2ccc(C(=O)O[*])cc2)cc1,*CCCCCNCCCCOC(=O)c1ccc(C=Cc2ccc(C(=O)O*)cc2)cc1,3.9084136486053467,3.873361349105835,0.03505229949951172,True,1,3,0,1,False,0,C,N
2955,[*]CCCCCCCCCCOC(=O)c1ccc(C=Cc2ccc(C(=O)O[*])cc2)cc1,*CCCCCOCCCCOC(=O)c1ccc(C=Cc2ccc(C(=O)O*)cc2)cc1,3.9084136486053467,3.880988836288452,0.02742481231689453,True,1,3,0,1,False,0,C,O
2955,[*]CCCCCCCCCCOC(=O)c1ccc(C=Cc2ccc(C(=O)O[*])cc2)cc1,*CCCCCSCCCCOC(=O)c1ccc(C=Cc2ccc(C(=O)O*)cc2)cc1,3.9084136486053467,3.8162457942962646,0.09216785430908203,True,1,3,0,1,False,0,C,S
2955,[*]CCCCCCCCCCOC(=O)c1ccc(C=Cc2ccc(C(=O)O[*])cc2)cc1,*CCCCCCNCCCOC(=O)c1ccc(C=Cc2ccc(C(=O)O*)cc2)cc1,3.9084136486053467,3.8733582496643066,0.03505539894104004,True,1,3,0,1,False,0,C,N
2955,[*]CCCCCCCCCCOC(=O)c1ccc(C=Cc2ccc(C(=O)O[*])cc2)cc1,*CCCCCCOCCCOC(=O)c1ccc(C=Cc2ccc(C(=O)O*)cc2)cc1,3.9084136486053467,3.8810319900512695,0.02738165855407715,True,1,3,0,1,False,0,C,O
2955,[*]CCCCCCCCCCOC(=O)c1ccc(C=Cc2ccc(C(=O)O[*])cc2)cc1,*CCCCCCSCCCOC(=O)c1ccc(C=Cc2ccc(C(=O)O*)cc2)cc1,3.9084136486053467,3.8165926933288574,0.09182095527648926,True,1,3,0,1,False,0,C,S
2955,[*]CCCCCCCCCCOC(=O)c1ccc(C=Cc2ccc(C(=O)O[*])cc2)cc1,*CCCCCCCNCCOC(=O)c1ccc(C=Cc2ccc(C(=O)O*)cc2)cc1,3.9084136486053467,3.8739140033721924,0.0344996452331543,True,1,3,0,1,False,0,C,N
2955,[*]CCCCCCCCCCOC(=O)c1ccc(C=Cc2ccc(C(=O)O[*])cc2)cc1,*CCCCCCCOCCOC(=O)c1ccc(C=Cc2ccc(C(=O)O*)cc2)cc1,3.9084136486053467,3.8819093704223633,0.0265042781829834,True,1,3,0,1,False,0,C,O
2955,[*]CCCCCCCCCCOC(=O)c1ccc(C=Cc2ccc(C(=O)O[*])cc2)cc1,*CCCCCCCSCCOC(=O)c1ccc(C=Cc2ccc(C(=O)O*)cc2)cc1,3.9084136486053467,3.8241233825683594,0.0842902660369873,True,1,3,0,1,False,0,C,S
2955,[*]CCCCCCCCCCOC(=O)c1ccc(C=Cc2ccc(C(=O)O[*])cc2)cc1,*CCCCCCCCNCOC(=O)c1ccc(C=Cc2ccc(C(=O)O*)cc2)cc1,3.9084136486053467,3.8800745010375977,0.028339147567749023,True,1,3,0,1,False,0,C,N
2955,[*]CCCCCCCCCCOC(=O)c1ccc(C=Cc2ccc(C(=O)O[*])cc2)cc1,*CCCCCCCCOCOC(=O)c1ccc(C=Cc2ccc(C(=O)O*)cc2)cc1,3.9084136486053467,3.8910813331604004,0.01733231544494629,True,1,3,0,1,False,0,C,O
2955,[*]CCCCCCCCCCOC(=O)c1ccc(C=Cc2ccc(C(=O)O[*])cc2)cc1,*CCCCCCCCSCOC(=O)c1ccc(C=Cc2ccc(C(=O)O*)cc2)cc1,3.9084136486053467,3.837632656097412,0.07078099250793457,True,1,3,0,1,False,0,C,S
2955,[*]CCCCCCCCCCOC(=O)c1ccc(C=Cc2ccc(C(=O)O[*])cc2)cc1,*CCCCCCCCCNOC(=O)c1ccc(C=Cc2ccc(C(=O)O*)cc2)cc1,3.9084136486053467,3.8864598274230957,0.021953821182250977,True,1,3,0,1,False,0,C,N
2955,[*]CCCCCCCCCCOC(=O)c1ccc(C=Cc2ccc(C(=O)O[*])cc2)cc1,*CCCCCCCCCOOC(=O)c1ccc(C=Cc2ccc(C(=O)O*)cc2)cc1,3.9084136486053467,3.9183778762817383,0.009964227676391602,True,1,3,0,1,False,0,C,O
2955,[*]CCCCCCCCCCOC(=O)c1ccc(C=Cc2ccc(C(=O)O[*])cc2)cc1,*CCCCCCCCCSOC(=O)c1ccc(C=Cc2ccc(C(=O)O*)cc2)cc1,3.9084136486053467,3.7870545387268066,0.12135910987854004,True,1,3,0,1,False,0,C,S
2955,[*]CCCCCCCCCCOC(=O)c1ccc(C=Cc2ccc(C(=O)O[*])cc2)cc1,*CCCCCCCCCCCC(=O)c1ccc(C=Cc2ccc(C(=O)O*)cc2)cc1,3.9084136486053467,3.9446935653686523,0.036279916763305664,True,1,3,0,1,False,0,O,C
2955,[*]CCCCCCCCCCOC(=O)c1ccc(C=Cc2ccc(C(=O)O[*])cc2)cc1,*CCCCCCCCCCNC(=O)c1ccc(C=Cc2ccc(C(=O)O*)cc2)cc1,3.9084136486053467,3.8822121620178223,0.026201486587524414,True,1,3,0,1,False,0,O,N
2955,[*]CCCCCCCCCCOC(=O)c1ccc(C=Cc2ccc(C(=O)O[*])cc2)cc1,*CCCCCCCCCCSC(=O)c1ccc(C=Cc2ccc(C(=O)O*)cc2)cc1,3.9084136486053467,3.818852186203003,0.08956146240234375,True,1,3,0,1,False,0,O,S
2955,[*]CCCCCCCCCCOC(=O)c1ccc(C=Cc2ccc(C(=O)O[*])cc2)cc1,*CCCCCCCCCCOS(=O)c1ccc(C=Cc2ccc(C(=O)O*)cc2)cc1,3.9084136486053467,4.002445220947266,0.09403157234191895,True,1,3,0,1,False,0,C,S
2955,[*]CCCCCCCCCCOC(=O)c1ccc(C=Cc2ccc(C(=O)O[*])cc2)cc1,*CCCCCCCCCCOC(=C)c1ccc(C=Cc2ccc(C(=O)O*)cc2)cc1,3.9084136486053467,3.8316667079925537,0.07674694061279297,True,1,3,0,1,False,0,O,C
2955,[*]CCCCCCCCCCOC(=O)c1ccc(C=Cc2ccc(C(=O)O[*])cc2)cc1,*CCCCCCCCCCOC(=N)c1ccc(C=Cc2ccc(C(=O)O*)cc2)cc1,3.9084136486053467,3.8904964923858643,0.017917156219482422,True,1,3,0,1,False,0,O,N
2955,[*]CCCCCCCCCCOC(=O)c1ccc(C=Cc2ccc(C(=O)O[*])cc2)cc1,*CCCCCCCCCCOC(=S)c1ccc(C=Cc2ccc(C(=O)O*)cc2)cc1,3.9084136486053467,3.5731940269470215,0.3352196216583252,True,1,3,0,1,False,0,O,S
2955,[*]CCCCCCCCCCOC(=O)c1ccc(C=Cc2ccc(C(=O)O[*])cc2)cc1,*CCCCCCCCCCOC(=O)S1=CC=C(C=Cc2ccc(C(=O)O*)cc2)C=C1,3.9084136486053467,3.32053279876709,0.5878808498382568,True,1,11,0,1,True,0,C,S
2955,[*]CCCCCCCCCCOC(=O)c1ccc(C=Cc2ccc(C(=O)O[*])cc2)cc1,*CCCCCCCCCCOC(=O)c1ccc(C=Cc2ccc(C(=O)O*)cc2)cn1,3.9084136486053467,3.9854092597961426,0.0769956111907959,True,1,3,0,1,True,0,C,N
2955,[*]CCCCCCCCCCOC(=O)c1ccc(C=Cc2ccc(C(=O)O[*])cc2)cc1,*CCCCCCCCCCOC(=O)c1ccc(C=Cc2ccc(C(=O)O*)cc2)nc1,3.9084136486053467,4.000805377960205,0.0923917293548584,True,1,3,0,1,True,0,C,N
2955,[*]CCCCCCCCCCOC(=O)c1ccc(C=Cc2ccc(C(=O)O[*])cc2)cc1,*CCCCCCCCCCOC(=O)C1=CC=S(C=Cc2ccc(C(=O)O*)cc2)C=C1,3.9084136486053467,3.329867362976074,0.5785462856292725,True,1,11,0,1,True,0,C,S
2955,[*]CCCCCCCCCCOC(=O)c1ccc(C=Cc2ccc(C(=O)O[*])cc2)cc1,*CCCCCCCCCCOC(=O)c1ccc(N=Cc2ccc(C(=O)O*)cc2)cc1,3.9084136486053467,4.171561241149902,0.26314759254455566,True,1,3,0,1,False,0,C,N
2955,[*]CCCCCCCCCCOC(=O)c1ccc(C=Cc2ccc(C(=O)O[*])cc2)cc1,*CCCCCCCCCCOC(=O)c1ccc([SH]=Cc2ccc(C(=O)O*)cc2)cc1,3.9084136486053467,4.125718116760254,0.21730446815490723,True,1,3,0,1,False,0,C,S
2955,[*]CCCCCCCCCCOC(=O)c1ccc(C=Cc2ccc(C(=O)O[*])cc2)cc1,*CCCCCCCCCCOC(=O)c1ccc(C=Nc2ccc(C(=O)O*)cc2)cc1,3.9084136486053467,4.171561241149902,0.26314759254455566,True,1,3,0,1,False,0,C,N
2955,[*]CCCCCCCCCCOC(=O)c1ccc(C=Cc2ccc(C(=O)O[*])cc2)cc1,*CCCCCCCCCCOC(=O)c1ccc(C=[SH]c2ccc(C(=O)O*)cc2)cc1,3.9084136486053467,4.125718116760254,0.21730446815490723,True,1,3,0,1,False,0,C,S
2955,[*]CCCCCCCCCCOC(=O)c1ccc(C=Cc2ccc(C(=O)O[*])cc2)cc1,*CCCCCCCCCCOC(=O)c1ccc(C=CS2=CC=C(C(=O)O*)C=C2)cc1,3.9084136486053467,3.331141948699951,0.5772716999053955,True,1,11,0,1,True,0,C,S
2955,[*]CCCCCCCCCCOC(=O)c1ccc(C=Cc2ccc(C(=O)O[*])cc2)cc1,*CCCCCCCCCCOC(=O)c1ccc(C=Cc2ccc(C(=O)O*)cn2)cc1,3.9084136486053467,4.000758647918701,0.09234499931335449,True,1,3,0,1,True,0,C,N
2955,[*]CCCCCCCCCCOC(=O)c1ccc(C=Cc2ccc(C(=O)O[*])cc2)cc1,*CCCCCCCCCCOC(=O)c1ccc(C=Cc2ccc(C(=O)O*)nc2)cc1,3.9084136486053467,3.985170364379883,0.07675671577453613,True,1,3,0,1,True,0,C,N
2955,[*]CCCCCCCCCCOC(=O)c1ccc(C=Cc2ccc(C(=O)O[*])cc2)cc1,*CCCCCCCCCCOC(=O)c1ccc(C=CC2=CC=S(C(=O)O*)C=C2)cc1,3.9084136486053467,3.324103355407715,0.5843102931976318,True,1,11,0,1,True,0,C,S
2955,[*]CCCCCCCCCCOC(=O)c1ccc(C=Cc2ccc(C(=O)O[*])cc2)cc1,*CCCCCCCCCCOC(=O)c1ccc(C=Cc2ccc(S(=O)O*)cc2)cc1,3.9084136486053467,3.9739949703216553,0.0655813217163086,True,1,3,0,1,False,0,C,S
2955,[*]CCCCCCCCCCOC(=O)c1ccc(C=Cc2ccc(C(=O)O[*])cc2)cc1,*CCCCCCCCCCOC(=O)c1ccc(C=Cc2ccc(C(=C)O*)cc2)cc1,3.9084136486053467,3.815692186355591,0.09272146224975586,True,1,3,0,1,False,0,O,C
2955,[*]CCCCCCCCCCOC(=O)c1ccc(C=Cc2ccc(C(=O)O[*])cc2)cc1,*CCCCCCCCCCOC(=O)c1ccc(C=Cc2ccc(C(=N)O*)cc2)cc1,3.9084136486053467,3.884331703186035,0.024081945419311523,True,1,3,0,1,False,0,O,N
2955,[*]CCCCCCCCCCOC(=O)c1ccc(C=Cc2ccc(C(=O)O[*])cc2)cc1,*CCCCCCCCCCOC(=O)c1ccc(C=Cc2ccc(C(=S)O*)cc2)cc1,3.9084136486053467,3.509843349456787,0.39857029914855957,True,1,3,0,1,False,0,O,S
2955,[*]CCCCCCCCCCOC(=O)c1ccc(C=Cc2ccc(C(=O)O[*])cc2)cc1,*CCCCCCCCCCOC(=O)c1ccc(C=Cc2ccc(C(=O)C*)cc2)cc1,3.9084136486053467,3.819645404815674,0.08876824378967285,True,1,3,0,1,False,1,O,C
2955,[*]CCCCCCCCCCOC(=O)c1ccc(C=Cc2ccc(C(=O)O[*])cc2)cc1,*CCCCCCCCCCOC(=O)c1ccc(C=Cc2ccc(C(=O)N*)cc2)cc1,3.9084136486053467,3.591780185699463,0.3166334629058838,True,1,3,0,1,False,1,O,N
2955,[*]CCCCCCCCCCOC(=O)c1ccc(C=Cc2ccc(C(=O)O[*])cc2)cc1,*CCCCCCCCCCOC(=O)c1ccc(C=Cc2ccc(C(=O)S*)cc2)cc1,3.9084136486053467,3.6376054286956787,0.27080821990966797,True,1,3,0,1,False,1,O,S
