Q,strategy,operator,source_id,declared_budget,queries_counted_by_budget,predictor_predict_calls,molecules_sent_to_model,raw_proposals,valid_proposals,duplicate_valid_proposals,unique_valid_proposals
10,Random,SimpleSubst,3167,10,10,24,8,27,27,8,19
10,Random,SimpleSubst,3128,10,10,24,11,38,38,0,38
10,Random,SimpleSubst,3364,10,10,24,10,39,39,4,35
10,Random,SimpleSubst,3414,10,10,24,9,48,48,6,42
10,Random,SimpleSubst,3539,10,10,24,9,21,21,8,13
10,Random,SimpleSubst,2958,10,10,24,11,89,89,0,89
10,Random,SimpleSubst,3459,10,10,24,10,50,50,4,46
10,Random,SimpleSubst,3385,10,10,24,8,14,14,0,14
10,Random,SimpleSubst,3281,10,10,24,10,55,55,4,51
10,Random,SimpleSubst,3449,10,10,24,11,35,35,0,35
10,Random,SimpleSubst,3350,10,10,24,8,29,29,6,23
10,Random,SimpleSubst,3572,10,10,24,10,53,53,0,53
10,Random,SimpleSubst,3201,10,10,24,8,30,30,0,30
10,Random,SimpleSubst,3453,10,10,24,11,36,36,2,34
10,Random,SimpleSubst,3482,10,10,24,8,26,26,2,24
10,Random,SimpleSubst,3381,10,10,24,6,27,27,8,19
10,Random,SimpleSubst,3422,10,10,24,11,34,34,0,34
10,Random,SimpleSubst,3176,10,10,24,10,50,50,0,50
10,Random,SimpleSubst,3200,10,10,24,9,17,17,2,15
10,Random,SimpleSubst,3427,10,10,24,10,56,56,0,56
10,Random,SimpleSubst,3258,10,10,24,11,40,40,0,40
10,Random,SimpleSubst,3295,10,10,24,10,57,57,4,53
10,Random,SimpleSubst,3471,10,10,24,8,15,15,2,13
10,Random,SimpleSubst,3537,10,10,24,11,47,47,6,41
10,Random,SimpleSubst,3008,10,10,24,11,67,67,10,57
10,Random,SimpleSubst,3411,10,10,24,11,38,38,0,38
10,Random,SimpleSubst,3361,10,10,24,11,74,74,0,74
10,Random,SimpleSubst,3084,10,10,24,9,18,18,0,18
10,Random,SimpleSubst,3132,10,10,24,11,47,47,8,39
10,Random,SimpleSubst,3430,10,10,24,8,26,26,2,24
10,Random,Motif,3167,10,10,24,0,1,1,0,1
10,Random,Motif,3128,10,10,24,6,18,18,0,18
10,Random,Motif,3364,10,10,24,1,1,0,0,0
10,Random,Motif,3414,10,10,24,6,18,18,0,18
10,Random,Motif,3539,10,10,24,1,3,3,0,3
10,Random,Motif,2958,10,10,24,9,50,50,0,50
10,Random,Motif,3459,10,10,24,7,25,25,0,25
10,Random,Motif,3385,10,10,24,0,2,2,0,2
10,Random,Motif,3281,10,10,24,1,1,0,0,0
10,Random,Motif,3449,10,10,24,5,14,14,0,14
10,Random,Motif,3350,10,10,24,5,11,11,0,11
10,Random,Motif,3572,10,10,24,6,26,26,0,26
10,Random,Motif,3201,10,10,24,1,1,0,0,0
10,Random,Motif,3453,10,10,24,1,1,0,0,0
10,Random,Motif,3482,10,10,24,1,1,0,0,0
10,Random,Motif,3381,10,10,24,2,3,3,0,3
10,Random,Motif,3422,10,10,24,5,20,20,0,20
10,Random,Motif,3176,10,10,24,6,26,26,0,26
10,Random,Motif,3200,10,10,24,1,5,5,0,5
10,Random,Motif,3427,10,10,24,6,24,24,0,24
10,Random,Motif,3258,10,10,24,5,16,16,0,16
10,Random,Motif,3295,10,10,24,8,23,23,0,23
10,Random,Motif,3471,10,10,24,2,4,4,0,4
10,Random,Motif,3537,10,10,24,5,19,19,0,19
10,Random,Motif,3008,10,10,24,6,10,10,0,10
10,Random,Motif,3411,10,10,24,5,16,16,0,16
10,Random,Motif,3361,10,10,24,10,40,40,0,40
10,Random,Motif,3084,10,10,24,3,11,11,0,11
10,Random,Motif,3132,10,10,24,7,17,17,0,17
10,Random,Motif,3430,10,10,24,3,4,4,0,4
10,Greedy,SimpleSubst,3167,10,10,26,5,27,27,8,19
10,Greedy,SimpleSubst,3128,10,10,26,4,38,38,0,38
10,Greedy,SimpleSubst,3364,10,10,26,5,39,39,4,35
10,Greedy,SimpleSubst,3414,10,10,26,4,48,48,6,42
10,Greedy,SimpleSubst,3539,10,10,26,2,21,21,8,13
10,Greedy,SimpleSubst,2958,10,10,26,8,89,89,0,89
10,Greedy,SimpleSubst,3459,10,10,26,5,50,50,4,46
10,Greedy,SimpleSubst,3385,10,10,26,5,14,14,0,14
10,Greedy,SimpleSubst,3281,10,10,26,6,55,55,4,51
10,Greedy,SimpleSubst,3449,10,10,26,5,35,35,0,35
10,Greedy,SimpleSubst,3350,10,10,26,4,29,29,6,23
10,Greedy,SimpleSubst,3572,10,10,26,6,53,53,0,53
10,Greedy,SimpleSubst,3201,10,10,26,5,30,30,0,30
10,Greedy,SimpleSubst,3453,10,10,26,5,36,36,2,34
10,Greedy,SimpleSubst,3482,10,10,26,5,26,26,2,24
10,Greedy,SimpleSubst,3381,10,10,26,3,27,27,8,19
10,Greedy,SimpleSubst,3422,10,10,26,4,34,34,0,34
10,Greedy,SimpleSubst,3176,10,10,26,6,50,50,0,50
10,Greedy,SimpleSubst,3200,10,10,26,2,17,17,2,15
10,Greedy,SimpleSubst,3427,10,10,26,6,56,56,0,56
10,Greedy,SimpleSubst,3258,10,10,26,3,40,40,0,40
10,Greedy,SimpleSubst,3295,10,10,26,5,57,57,4,53
10,Greedy,SimpleSubst,3471,10,10,26,3,15,15,2,13
10,Greedy,SimpleSubst,3537,10,10,26,4,47,47,6,41
10,Greedy,SimpleSubst,3008,10,10,26,8,67,67,10,57
10,Greedy,SimpleSubst,3411,10,10,26,3,38,38,0,38
10,Greedy,SimpleSubst,3361,10,10,26,8,74,74,0,74
10,Greedy,SimpleSubst,3084,10,10,26,4,18,18,0,18
10,Greedy,SimpleSubst,3132,10,10,26,6,47,47,8,39
10,Greedy,SimpleSubst,3430,10,10,26,4,26,26,2,24
10,Greedy,Motif,3167,10,1,8,0,1,1,0,1
10,Greedy,Motif,3128,10,10,26,3,18,18,0,18
10,Greedy,Motif,3364,10,1,8,0,1,0,0,0
10,Greedy,Motif,3414,10,10,26,2,18,18,0,18
10,Greedy,Motif,3539,10,4,16,1,3,3,0,3
10,Greedy,Motif,2958,10,10,26,2,50,50,0,50
10,Greedy,Motif,3459,10,10,26,3,25,25,0,25
10,Greedy,Motif,3385,10,2,10,0,2,2,0,2
10,Greedy,Motif,3281,10,1,8,0,1,0,0,0
10,Greedy,Motif,3449,10,10,26,2,14,14,0,14
10,Greedy,Motif,3350,10,10,26,1,11,11,0,11
10,Greedy,Motif,3572,10,10,26,3,26,26,0,26
10,Greedy,Motif,3201,10,1,8,0,1,0,0,0
10,Greedy,Motif,3453,10,1,8,0,1,0,0,0
10,Greedy,Motif,3482,10,1,8,0,1,0,0,0
10,Greedy,Motif,3381,10,4,16,1,3,3,0,3
10,Greedy,Motif,3422,10,10,26,3,20,20,0,20
10,Greedy,Motif,3176,10,10,26,3,26,26,0,26
10,Greedy,Motif,3200,10,9,28,4,5,5,0,5
10,Greedy,Motif,3427,10,10,26,4,24,24,0,24
10,Greedy,Motif,3258,10,10,26,2,16,16,0,16
10,Greedy,Motif,3295,10,10,26,5,23,23,0,23
10,Greedy,Motif,3471,10,6,20,2,4,4,0,4
10,Greedy,Motif,3537,10,10,26,1,19,19,0,19
10,Greedy,Motif,3008,10,10,26,3,10,10,0,10
10,Greedy,Motif,3411,10,10,26,2,16,16,0,16
10,Greedy,Motif,3361,10,10,26,1,40,40,0,40
10,Greedy,Motif,3084,10,10,26,2,11,11,0,11
10,Greedy,Motif,3132,10,10,26,2,17,17,0,17
10,Greedy,Motif,3430,10,9,28,5,4,4,0,4
10,Evolutionary,SimpleSubst,3167,10,10,24,0,27,27,8,19
10,Evolutionary,SimpleSubst,3128,10,10,24,0,38,38,0,38
10,Evolutionary,SimpleSubst,3364,10,10,24,0,39,39,4,35
10,Evolutionary,SimpleSubst,3414,10,10,24,0,48,48,6,42
10,Evolutionary,SimpleSubst,3539,10,10,24,0,21,21,8,13
10,Evolutionary,SimpleSubst,2958,10,10,24,0,89,89,0,89
10,Evolutionary,SimpleSubst,3459,10,10,24,0,50,50,4,46
10,Evolutionary,SimpleSubst,3385,10,10,24,0,14,14,0,14
10,Evolutionary,SimpleSubst,3281,10,10,24,0,55,55,4,51
10,Evolutionary,SimpleSubst,3449,10,10,24,0,35,35,0,35
10,Evolutionary,SimpleSubst,3350,10,10,24,0,29,29,6,23
10,Evolutionary,SimpleSubst,3572,10,10,24,0,53,53,0,53
10,Evolutionary,SimpleSubst,3201,10,10,24,0,30,30,0,30
10,Evolutionary,SimpleSubst,3453,10,10,24,0,36,36,2,34
10,Evolutionary,SimpleSubst,3482,10,10,24,0,26,26,2,24
10,Evolutionary,SimpleSubst,3381,10,10,24,2,27,27,8,19
10,Evolutionary,SimpleSubst,3422,10,10,24,0,34,34,0,34
10,Evolutionary,SimpleSubst,3176,10,10,24,0,50,50,0,50
10,Evolutionary,SimpleSubst,3200,10,10,24,0,17,17,2,15
10,Evolutionary,SimpleSubst,3427,10,10,24,0,56,56,0,56
10,Evolutionary,SimpleSubst,3258,10,10,24,0,40,40,0,40
10,Evolutionary,SimpleSubst,3295,10,10,24,0,57,57,4,53
10,Evolutionary,SimpleSubst,3471,10,10,24,0,15,15,2,13
10,Evolutionary,SimpleSubst,3537,10,10,24,0,47,47,6,41
10,Evolutionary,SimpleSubst,3008,10,10,24,0,67,67,10,57
10,Evolutionary,SimpleSubst,3411,10,10,24,0,38,38,0,38
10,Evolutionary,SimpleSubst,3361,10,10,24,0,74,74,0,74
10,Evolutionary,SimpleSubst,3084,10,10,24,0,18,18,0,18
10,Evolutionary,SimpleSubst,3132,10,10,24,0,47,47,8,39
10,Evolutionary,SimpleSubst,3430,10,10,24,0,26,26,2,24
10,Evolutionary,Motif,3167,10,1,6,0,1,1,0,1
10,Evolutionary,Motif,3128,10,10,24,0,18,18,0,18
10,Evolutionary,Motif,3364,10,1,6,0,1,0,0,0
10,Evolutionary,Motif,3414,10,10,24,0,18,18,0,18
10,Evolutionary,Motif,3539,10,4,12,0,3,3,0,3
10,Evolutionary,Motif,2958,10,10,24,0,50,50,0,50
10,Evolutionary,Motif,3459,10,10,24,0,25,25,0,25
10,Evolutionary,Motif,3385,10,2,8,0,2,2,0,2
10,Evolutionary,Motif,3281,10,1,6,0,1,0,0,0
10,Evolutionary,Motif,3449,10,10,24,0,14,14,0,14
10,Evolutionary,Motif,3350,10,10,24,0,11,11,0,11
10,Evolutionary,Motif,3572,10,10,24,0,26,26,0,26
10,Evolutionary,Motif,3201,10,1,6,0,1,0,0,0
10,Evolutionary,Motif,3453,10,1,6,0,1,0,0,0
10,Evolutionary,Motif,3482,10,1,6,0,1,0,0,0
10,Evolutionary,Motif,3381,10,4,12,0,3,3,0,3
10,Evolutionary,Motif,3422,10,10,24,0,20,20,0,20
10,Evolutionary,Motif,3176,10,10,24,0,26,26,0,26
10,Evolutionary,Motif,3200,10,10,24,1,5,5,0,5
10,Evolutionary,Motif,3427,10,10,24,0,24,24,0,24
10,Evolutionary,Motif,3258,10,10,24,0,16,16,0,16
10,Evolutionary,Motif,3295,10,10,24,0,23,23,0,23
10,Evolutionary,Motif,3471,10,6,16,0,4,4,0,4
10,Evolutionary,Motif,3537,10,10,24,0,19,19,0,19
10,Evolutionary,Motif,3008,10,10,24,0,10,10,0,10
10,Evolutionary,Motif,3411,10,10,24,0,16,16,0,16
10,Evolutionary,Motif,3361,10,10,24,0,40,40,0,40
10,Evolutionary,Motif,3084,10,10,24,0,11,11,0,11
10,Evolutionary,Motif,3132,10,10,24,0,17,17,0,17
10,Evolutionary,Motif,3430,10,9,22,0,4,4,0,4
20,Random,SimpleSubst,3167,20,20,44,3,27,27,8,19
20,Random,SimpleSubst,3128,20,20,44,3,38,38,0,38
20,Random,SimpleSubst,3364,20,20,44,4,39,39,4,35
20,Random,SimpleSubst,3414,20,20,44,2,48,48,6,42
20,Random,SimpleSubst,3539,20,20,44,2,21,21,8,13
20,Random,SimpleSubst,2958,20,20,44,6,89,89,0,89
20,Random,SimpleSubst,3459,20,20,44,4,50,50,4,46
20,Random,SimpleSubst,3385,20,20,44,0,14,14,0,14
20,Random,SimpleSubst,3281,20,20,44,5,55,55,4,51
20,Random,SimpleSubst,3449,20,20,44,2,35,35,0,35
20,Random,SimpleSubst,3350,20,20,44,2,29,29,6,23
20,Random,SimpleSubst,3572,20,20,44,3,53,53,0,53
20,Random,SimpleSubst,3201,20,20,44,5,30,30,0,30
20,Random,SimpleSubst,3453,20,20,44,4,36,36,2,34
20,Random,SimpleSubst,3482,20,20,44,4,26,26,2,24
20,Random,SimpleSubst,3381,20,20,44,2,27,27,8,19
20,Random,SimpleSubst,3422,20,20,44,2,34,34,0,34
20,Random,SimpleSubst,3176,20,20,44,2,50,50,0,50
20,Random,SimpleSubst,3200,20,20,44,2,17,17,2,15
20,Random,SimpleSubst,3427,20,20,44,3,56,56,0,56
20,Random,SimpleSubst,3258,20,20,44,4,40,40,0,40
20,Random,SimpleSubst,3295,20,20,44,3,57,57,4,53
20,Random,SimpleSubst,3471,20,20,44,1,15,15,2,13
20,Random,SimpleSubst,3537,20,20,44,4,47,47,6,41
20,Random,SimpleSubst,3008,20,20,44,5,67,67,10,57
20,Random,SimpleSubst,3411,20,20,44,4,38,38,0,38
20,Random,SimpleSubst,3361,20,20,44,4,74,74,0,74
20,Random,SimpleSubst,3084,20,20,44,1,18,18,0,18
20,Random,SimpleSubst,3132,20,20,44,3,47,47,8,39
20,Random,SimpleSubst,3430,20,20,44,4,26,26,2,24
20,Random,Motif,3167,20,20,44,0,1,1,0,1
20,Random,Motif,3128,20,20,44,1,18,18,0,18
20,Random,Motif,3364,20,20,44,0,1,0,0,0
20,Random,Motif,3414,20,20,44,1,18,18,0,18
20,Random,Motif,3539,20,20,44,0,3,3,0,3
20,Random,Motif,2958,20,20,44,4,50,50,0,50
20,Random,Motif,3459,20,20,44,2,25,25,0,25
20,Random,Motif,3385,20,20,44,0,2,2,0,2
20,Random,Motif,3281,20,20,44,0,1,0,0,0
20,Random,Motif,3449,20,20,44,0,14,14,0,14
20,Random,Motif,3350,20,20,44,0,11,11,0,11
20,Random,Motif,3572,20,20,44,2,26,26,0,26
20,Random,Motif,3201,20,20,44,0,1,0,0,0
20,Random,Motif,3453,20,20,44,0,1,0,0,0
20,Random,Motif,3482,20,20,44,0,1,0,0,0
20,Random,Motif,3381,20,20,44,0,3,3,0,3
20,Random,Motif,3422,20,20,44,2,20,20,0,20
20,Random,Motif,3176,20,20,44,2,26,26,0,26
20,Random,Motif,3200,20,20,44,0,5,5,0,5
20,Random,Motif,3427,20,20,44,2,24,24,0,24
20,Random,Motif,3258,20,20,44,1,16,16,0,16
20,Random,Motif,3295,20,20,44,2,23,23,0,23
20,Random,Motif,3471,20,20,44,0,4,4,0,4
20,Random,Motif,3537,20,20,44,2,19,19,0,19
20,Random,Motif,3008,20,20,44,0,10,10,0,10
20,Random,Motif,3411,20,20,44,1,16,16,0,16
20,Random,Motif,3361,20,20,44,5,40,40,0,40
20,Random,Motif,3084,20,20,44,0,11,11,0,11
20,Random,Motif,3132,20,20,44,2,17,17,0,17
20,Random,Motif,3430,20,20,44,0,4,4,0,4
20,Greedy,SimpleSubst,3167,20,20,46,4,27,27,8,19
20,Greedy,SimpleSubst,3128,20,20,46,4,38,38,0,38
20,Greedy,SimpleSubst,3364,20,20,46,6,39,39,4,35
20,Greedy,SimpleSubst,3414,20,20,46,6,48,48,6,42
20,Greedy,SimpleSubst,3539,20,20,46,0,21,21,8,13
20,Greedy,SimpleSubst,2958,20,20,46,3,89,89,0,89
20,Greedy,SimpleSubst,3459,20,20,46,2,50,50,4,46
20,Greedy,SimpleSubst,3385,20,20,48,8,14,14,0,14
20,Greedy,SimpleSubst,3281,20,20,46,6,55,55,4,51
20,Greedy,SimpleSubst,3449,20,20,46,4,35,35,0,35
20,Greedy,SimpleSubst,3350,20,20,46,3,29,29,6,23
20,Greedy,SimpleSubst,3572,20,20,46,3,53,53,0,53
20,Greedy,SimpleSubst,3201,20,20,46,7,30,30,0,30
20,Greedy,SimpleSubst,3453,20,20,46,5,36,36,2,34
20,Greedy,SimpleSubst,3482,20,20,46,6,26,26,2,24
20,Greedy,SimpleSubst,3381,20,20,46,1,27,27,8,19
20,Greedy,SimpleSubst,3422,20,20,46,4,34,34,0,34
20,Greedy,SimpleSubst,3176,20,20,46,4,50,50,0,50
20,Greedy,SimpleSubst,3200,20,20,48,5,17,17,2,15
20,Greedy,SimpleSubst,3427,20,20,46,4,56,56,0,56
20,Greedy,SimpleSubst,3258,20,20,46,2,40,40,0,40
20,Greedy,SimpleSubst,3295,20,20,46,3,57,57,4,53
20,Greedy,SimpleSubst,3471,20,20,48,5,15,15,2,13
20,Greedy,SimpleSubst,3537,20,20,46,5,47,47,6,41
20,Greedy,SimpleSubst,3008,20,20,46,5,67,67,10,57
20,Greedy,SimpleSubst,3411,20,20,46,3,38,38,0,38
20,Greedy,SimpleSubst,3361,20,20,46,3,74,74,0,74
20,Greedy,SimpleSubst,3084,20,20,48,4,18,18,0,18
20,Greedy,SimpleSubst,3132,20,20,46,5,47,47,8,39
20,Greedy,SimpleSubst,3430,20,20,46,3,26,26,2,24
20,Greedy,Motif,3167,20,1,8,0,1,1,0,1
20,Greedy,Motif,3128,20,20,48,5,18,18,0,18
20,Greedy,Motif,3364,20,1,8,0,1,0,0,0
20,Greedy,Motif,3414,20,20,48,4,18,18,0,18
20,Greedy,Motif,3539,20,4,16,0,3,3,0,3
20,Greedy,Motif,2958,20,20,46,6,50,50,0,50
20,Greedy,Motif,3459,20,20,46,1,25,25,0,25
20,Greedy,Motif,3385,20,2,10,0,2,2,0,2
20,Greedy,Motif,3281,20,1,8,0,1,0,0,0
20,Greedy,Motif,3449,20,20,48,8,14,14,0,14
20,Greedy,Motif,3350,20,20,48,9,11,11,0,11
20,Greedy,Motif,3572,20,20,46,4,26,26,0,26
20,Greedy,Motif,3201,20,1,8,0,1,0,0,0
20,Greedy,Motif,3453,20,1,8,0,1,0,0,0
20,Greedy,Motif,3482,20,1,8,0,1,0,0,0
20,Greedy,Motif,3381,20,4,16,0,3,3,0,3
20,Greedy,Motif,3422,20,20,46,0,20,20,0,20
20,Greedy,Motif,3176,20,20,46,1,26,26,0,26
20,Greedy,Motif,3200,20,9,28,0,5,5,0,5
20,Greedy,Motif,3427,20,20,46,1,24,24,0,24
20,Greedy,Motif,3258,20,20,48,5,16,16,0,16
20,Greedy,Motif,3295,20,20,46,1,23,23,0,23
20,Greedy,Motif,3471,20,6,20,0,4,4,0,4
20,Greedy,Motif,3537,20,20,48,3,19,19,0,19
20,Greedy,Motif,3008,20,20,50,10,10,10,0,10
20,Greedy,Motif,3411,20,20,48,5,16,16,0,16
20,Greedy,Motif,3361,20,20,46,6,40,40,0,40
20,Greedy,Motif,3084,20,20,50,9,11,11,0,11
20,Greedy,Motif,3132,20,20,48,6,17,17,0,17
20,Greedy,Motif,3430,20,9,28,0,4,4,0,4
20,Evolutionary,SimpleSubst,3167,20,20,44,1,27,27,8,19
20,Evolutionary,SimpleSubst,3128,20,20,44,0,38,38,0,38
20,Evolutionary,SimpleSubst,3364,20,20,44,0,39,39,4,35
20,Evolutionary,SimpleSubst,3414,20,20,44,0,48,48,6,42
20,Evolutionary,SimpleSubst,3539,20,20,44,4,21,21,8,13
20,Evolutionary,SimpleSubst,2958,20,20,44,0,89,89,0,89
20,Evolutionary,SimpleSubst,3459,20,20,44,1,50,50,4,46
20,Evolutionary,SimpleSubst,3385,20,20,44,0,14,14,0,14
20,Evolutionary,SimpleSubst,3281,20,20,44,0,55,55,4,51
20,Evolutionary,SimpleSubst,3449,20,20,44,0,35,35,0,35
20,Evolutionary,SimpleSubst,3350,20,20,44,0,29,29,6,23
20,Evolutionary,SimpleSubst,3572,20,20,44,0,53,53,0,53
20,Evolutionary,SimpleSubst,3201,20,20,44,0,30,30,0,30
20,Evolutionary,SimpleSubst,3453,20,20,44,0,36,36,2,34
20,Evolutionary,SimpleSubst,3482,20,20,44,0,26,26,2,24
20,Evolutionary,SimpleSubst,3381,20,20,44,4,27,27,8,19
20,Evolutionary,SimpleSubst,3422,20,20,44,0,34,34,0,34
20,Evolutionary,SimpleSubst,3176,20,20,44,0,50,50,0,50
20,Evolutionary,SimpleSubst,3200,20,20,44,2,17,17,2,15
20,Evolutionary,SimpleSubst,3427,20,20,44,0,56,56,0,56
20,Evolutionary,SimpleSubst,3258,20,20,44,0,40,40,0,40
20,Evolutionary,SimpleSubst,3295,20,20,44,0,57,57,4,53
20,Evolutionary,SimpleSubst,3471,20,20,44,2,15,15,2,13
20,Evolutionary,SimpleSubst,3537,20,20,44,0,47,47,6,41
20,Evolutionary,SimpleSubst,3008,20,20,44,0,67,67,10,57
20,Evolutionary,SimpleSubst,3411,20,20,44,0,38,38,0,38
20,Evolutionary,SimpleSubst,3361,20,20,44,0,74,74,0,74
20,Evolutionary,SimpleSubst,3084,20,20,44,0,18,18,0,18
20,Evolutionary,SimpleSubst,3132,20,20,44,0,47,47,8,39
20,Evolutionary,SimpleSubst,3430,20,20,44,0,26,26,2,24
20,Evolutionary,Motif,3167,20,1,6,0,1,1,0,1
20,Evolutionary,Motif,3128,20,20,44,0,18,18,0,18
20,Evolutionary,Motif,3364,20,1,6,0,1,0,0,0
20,Evolutionary,Motif,3414,20,20,44,0,18,18,0,18
20,Evolutionary,Motif,3539,20,4,12,0,3,3,0,3
20,Evolutionary,Motif,2958,20,20,44,0,50,50,0,50
20,Evolutionary,Motif,3459,20,20,44,0,25,25,0,25
20,Evolutionary,Motif,3385,20,2,8,0,2,2,0,2
20,Evolutionary,Motif,3281,20,1,6,0,1,0,0,0
20,Evolutionary,Motif,3449,20,20,44,0,14,14,0,14
20,Evolutionary,Motif,3350,20,20,44,0,11,11,0,11
20,Evolutionary,Motif,3572,20,20,44,0,26,26,0,26
20,Evolutionary,Motif,3201,20,1,6,0,1,0,0,0
20,Evolutionary,Motif,3453,20,1,6,0,1,0,0,0
20,Evolutionary,Motif,3482,20,1,6,0,1,0,0,0
20,Evolutionary,Motif,3381,20,4,12,0,3,3,0,3
20,Evolutionary,Motif,3422,20,20,44,0,20,20,0,20
20,Evolutionary,Motif,3176,20,20,44,0,26,26,0,26
20,Evolutionary,Motif,3200,20,11,26,0,5,5,0,5
20,Evolutionary,Motif,3427,20,20,44,0,24,24,0,24
20,Evolutionary,Motif,3258,20,20,44,0,16,16,0,16
20,Evolutionary,Motif,3295,20,20,44,0,23,23,0,23
20,Evolutionary,Motif,3471,20,6,16,0,4,4,0,4
20,Evolutionary,Motif,3537,20,20,44,0,19,19,0,19
20,Evolutionary,Motif,3008,20,20,44,2,10,10,0,10
20,Evolutionary,Motif,3411,20,20,44,0,16,16,0,16
20,Evolutionary,Motif,3361,20,20,44,0,40,40,0,40
20,Evolutionary,Motif,3084,20,20,44,2,11,11,0,11
20,Evolutionary,Motif,3132,20,20,44,0,17,17,0,17
20,Evolutionary,Motif,3430,20,9,22,0,4,4,0,4
50,Random,SimpleSubst,3167,50,50,104,0,27,27,8,19
50,Random,SimpleSubst,3128,50,50,104,2,38,38,0,38
50,Random,SimpleSubst,3364,50,50,104,5,39,39,4,35
50,Random,SimpleSubst,3414,50,50,104,6,48,48,6,42
50,Random,SimpleSubst,3539,50,50,104,0,21,21,8,13
50,Random,SimpleSubst,2958,50,50,104,10,89,89,0,89
50,Random,SimpleSubst,3459,50,50,104,5,50,50,4,46
50,Random,SimpleSubst,3385,50,50,104,0,14,14,0,14
50,Random,SimpleSubst,3281,50,50,104,10,55,55,4,51
50,Random,SimpleSubst,3449,50,50,104,2,35,35,0,35
50,Random,SimpleSubst,3350,50,50,104,1,29,29,6,23
50,Random,SimpleSubst,3572,50,50,104,4,53,53,0,53
50,Random,SimpleSubst,3201,50,50,104,4,30,30,0,30
50,Random,SimpleSubst,3453,50,50,104,6,36,36,2,34
50,Random,SimpleSubst,3482,50,50,104,2,26,26,2,24
50,Random,SimpleSubst,3381,50,50,104,0,27,27,8,19
50,Random,SimpleSubst,3422,50,50,104,2,34,34,0,34
50,Random,SimpleSubst,3176,50,50,104,10,50,50,0,50
50,Random,SimpleSubst,3200,50,50,104,0,17,17,2,15
50,Random,SimpleSubst,3427,50,50,104,6,56,56,0,56
50,Random,SimpleSubst,3258,50,50,104,4,40,40,0,40
50,Random,SimpleSubst,3295,50,50,104,9,57,57,4,53
50,Random,SimpleSubst,3471,50,50,104,0,15,15,2,13
50,Random,SimpleSubst,3537,50,50,104,6,47,47,6,41
50,Random,SimpleSubst,3008,50,50,104,6,67,67,10,57
50,Random,SimpleSubst,3411,50,50,104,4,38,38,0,38
50,Random,SimpleSubst,3361,50,50,104,11,74,74,0,74
50,Random,SimpleSubst,3084,50,50,104,0,18,18,0,18
50,Random,SimpleSubst,3132,50,50,104,2,47,47,8,39
50,Random,SimpleSubst,3430,50,50,104,3,26,26,2,24
50,Random,Motif,3167,50,50,104,0,1,1,0,1
50,Random,Motif,3128,50,50,104,0,18,18,0,18
50,Random,Motif,3364,50,50,104,0,1,0,0,0
50,Random,Motif,3414,50,50,104,0,18,18,0,18
50,Random,Motif,3539,50,50,104,0,3,3,0,3
50,Random,Motif,2958,50,50,104,6,50,50,0,50
50,Random,Motif,3459,50,50,104,2,25,25,0,25
50,Random,Motif,3385,50,50,104,0,2,2,0,2
50,Random,Motif,3281,50,50,104,0,1,0,0,0
50,Random,Motif,3449,50,50,104,0,14,14,0,14
50,Random,Motif,3350,50,50,104,0,11,11,0,11
50,Random,Motif,3572,50,50,104,0,26,26,0,26
50,Random,Motif,3201,50,50,104,0,1,0,0,0
50,Random,Motif,3453,50,50,104,0,1,0,0,0
50,Random,Motif,3482,50,50,104,0,1,0,0,0
50,Random,Motif,3381,50,50,104,0,3,3,0,3
50,Random,Motif,3422,50,50,104,0,20,20,0,20
50,Random,Motif,3176,50,50,104,3,26,26,0,26
50,Random,Motif,3200,50,50,104,0,5,5,0,5
50,Random,Motif,3427,50,50,104,0,24,24,0,24
50,Random,Motif,3258,50,50,104,0,16,16,0,16
50,Random,Motif,3295,50,50,104,1,23,23,0,23
50,Random,Motif,3471,50,50,104,0,4,4,0,4
50,Random,Motif,3537,50,50,104,0,19,19,0,19
50,Random,Motif,3008,50,50,104,0,10,10,0,10
50,Random,Motif,3411,50,50,104,0,16,16,0,16
50,Random,Motif,3361,50,50,104,0,40,40,0,40
50,Random,Motif,3084,50,50,104,0,11,11,0,11
50,Random,Motif,3132,50,50,104,0,17,17,0,17
50,Random,Motif,3430,50,50,104,0,4,4,0,4
50,Greedy,SimpleSubst,3167,50,50,108,18,27,27,8,19
50,Greedy,SimpleSubst,3128,50,50,108,14,38,38,0,38
50,Greedy,SimpleSubst,3364,50,50,108,17,39,39,4,35
50,Greedy,SimpleSubst,3414,50,50,108,7,48,48,6,42
50,Greedy,SimpleSubst,3539,50,50,110,8,21,21,8,13
50,Greedy,SimpleSubst,2958,50,50,106,11,89,89,0,89
50,Greedy,SimpleSubst,3459,50,50,106,9,50,50,4,46
50,Greedy,SimpleSubst,3385,50,42,94,20,14,14,0,14
50,Greedy,SimpleSubst,3281,50,50,106,12,55,55,4,51
50,Greedy,SimpleSubst,3449,50,50,108,20,35,35,0,35
50,Greedy,SimpleSubst,3350,50,50,108,19,29,29,6,23
50,Greedy,SimpleSubst,3572,50,50,106,11,53,53,0,53
50,Greedy,SimpleSubst,3201,50,50,108,21,30,30,0,30
50,Greedy,SimpleSubst,3453,50,50,108,18,36,36,2,34
50,Greedy,SimpleSubst,3482,50,50,108,23,26,26,2,24
50,Greedy,SimpleSubst,3381,50,50,108,17,27,27,8,19
50,Greedy,SimpleSubst,3422,50,50,108,18,34,34,0,34
50,Greedy,SimpleSubst,3176,50,50,106,6,50,50,0,50
50,Greedy,SimpleSubst,3200,50,50,110,25,17,17,2,15
50,Greedy,SimpleSubst,3427,50,50,106,11,56,56,0,56
50,Greedy,SimpleSubst,3258,50,50,108,18,40,40,0,40
50,Greedy,SimpleSubst,3295,50,50,106,8,57,57,4,53
50,Greedy,SimpleSubst,3471,50,50,110,24,15,15,2,13
50,Greedy,SimpleSubst,3537,50,50,108,9,47,47,6,41
50,Greedy,SimpleSubst,3008,50,50,106,12,67,67,10,57
50,Greedy,SimpleSubst,3411,50,50,108,17,38,38,0,38
50,Greedy,SimpleSubst,3361,50,50,106,9,74,74,0,74
50,Greedy,SimpleSubst,3084,50,50,110,29,18,18,0,18
50,Greedy,SimpleSubst,3132,50,50,108,6,47,47,8,39
50,Greedy,SimpleSubst,3430,50,50,108,24,26,26,2,24
50,Greedy,Motif,3167,50,1,8,0,1,1,0,1
50,Greedy,Motif,3128,50,48,106,28,18,18,0,18
50,Greedy,Motif,3364,50,1,8,0,1,0,0,0
50,Greedy,Motif,3414,50,50,110,30,18,18,0,18
50,Greedy,Motif,3539,50,4,16,0,3,3,0,3
50,Greedy,Motif,2958,50,50,106,3,50,50,0,50
50,Greedy,Motif,3459,50,50,110,25,25,25,0,25
50,Greedy,Motif,3385,50,2,10,0,2,2,0,2
50,Greedy,Motif,3281,50,1,8,0,1,0,0,0
50,Greedy,Motif,3449,50,36,82,16,14,14,0,14
50,Greedy,Motif,3350,50,29,68,9,11,11,0,11
50,Greedy,Motif,3572,50,50,108,24,26,26,0,26
50,Greedy,Motif,3201,50,1,8,0,1,0,0,0
50,Greedy,Motif,3453,50,1,8,0,1,0,0,0
50,Greedy,Motif,3482,50,1,8,0,1,0,0,0
50,Greedy,Motif,3381,50,4,16,0,3,3,0,3
50,Greedy,Motif,3422,50,50,110,30,20,20,0,20
50,Greedy,Motif,3176,50,50,108,24,26,26,0,26
50,Greedy,Motif,3200,50,9,28,0,5,5,0,5
50,Greedy,Motif,3427,50,50,110,26,24,24,0,24
50,Greedy,Motif,3258,50,42,94,22,16,16,0,16
50,Greedy,Motif,3295,50,50,110,27,23,23,0,23
50,Greedy,Motif,3471,50,6,20,0,4,4,0,4
50,Greedy,Motif,3537,50,50,110,30,19,19,0,19
50,Greedy,Motif,3008,50,25,60,5,10,10,0,10
50,Greedy,Motif,3411,50,42,94,22,16,16,0,16
50,Greedy,Motif,3361,50,50,108,11,40,40,0,40
50,Greedy,Motif,3084,50,21,52,1,11,11,0,11
50,Greedy,Motif,3132,50,47,104,27,17,17,0,17
50,Greedy,Motif,3430,50,9,28,0,4,4,0,4
50,Evolutionary,SimpleSubst,3167,50,50,104,11,27,27,8,19
50,Evolutionary,SimpleSubst,3128,50,50,104,0,38,38,0,38
50,Evolutionary,SimpleSubst,3364,50,50,104,4,39,39,4,35
50,Evolutionary,SimpleSubst,3414,50,50,104,6,48,48,6,42
50,Evolutionary,SimpleSubst,3539,50,50,104,13,21,21,8,13
50,Evolutionary,SimpleSubst,2958,50,50,104,0,89,89,0,89
50,Evolutionary,SimpleSubst,3459,50,50,104,4,50,50,4,46
50,Evolutionary,SimpleSubst,3385,50,50,104,17,14,14,0,14
50,Evolutionary,SimpleSubst,3281,50,50,104,2,55,55,4,51
50,Evolutionary,SimpleSubst,3449,50,50,104,0,35,35,0,35
50,Evolutionary,SimpleSubst,3350,50,50,104,5,29,29,6,23
50,Evolutionary,SimpleSubst,3572,50,50,104,0,53,53,0,53
50,Evolutionary,SimpleSubst,3201,50,50,104,0,30,30,0,30
50,Evolutionary,SimpleSubst,3453,50,50,104,2,36,36,2,34
50,Evolutionary,SimpleSubst,3482,50,50,104,2,26,26,2,24
50,Evolutionary,SimpleSubst,3381,50,50,104,11,27,27,8,19
50,Evolutionary,SimpleSubst,3422,50,50,104,0,34,34,0,34
50,Evolutionary,SimpleSubst,3176,50,50,104,0,50,50,0,50
50,Evolutionary,SimpleSubst,3200,50,50,104,10,17,17,2,15
50,Evolutionary,SimpleSubst,3427,50,50,104,0,56,56,0,56
50,Evolutionary,SimpleSubst,3258,50,50,104,0,40,40,0,40
50,Evolutionary,SimpleSubst,3295,50,50,104,0,57,57,4,53
50,Evolutionary,SimpleSubst,3471,50,50,104,15,15,15,2,13
50,Evolutionary,SimpleSubst,3537,50,50,104,6,47,47,6,41
50,Evolutionary,SimpleSubst,3008,50,50,104,1,67,67,10,57
50,Evolutionary,SimpleSubst,3411,50,50,104,0,38,38,0,38
50,Evolutionary,SimpleSubst,3361,50,50,104,0,74,74,0,74
50,Evolutionary,SimpleSubst,3084,50,50,104,14,18,18,0,18
50,Evolutionary,SimpleSubst,3132,50,50,104,8,47,47,8,39
50,Evolutionary,SimpleSubst,3430,50,50,104,2,26,26,2,24
50,Evolutionary,Motif,3167,50,1,6,0,1,1,0,1
50,Evolutionary,Motif,3128,50,50,104,15,18,18,0,18
50,Evolutionary,Motif,3364,50,1,6,0,1,0,0,0
50,Evolutionary,Motif,3414,50,50,104,14,18,18,0,18
50,Evolutionary,Motif,3539,50,4,12,0,3,3,0,3
50,Evolutionary,Motif,2958,50,50,104,0,50,50,0,50
50,Evolutionary,Motif,3459,50,50,104,1,25,25,0,25
50,Evolutionary,Motif,3385,50,2,8,0,2,2,0,2
50,Evolutionary,Motif,3281,50,1,6,0,1,0,0,0
50,Evolutionary,Motif,3449,50,50,104,14,14,14,0,14
50,Evolutionary,Motif,3350,50,50,104,26,11,11,0,11
50,Evolutionary,Motif,3572,50,50,104,0,26,26,0,26
50,Evolutionary,Motif,3201,50,1,6,0,1,0,0,0
50,Evolutionary,Motif,3453,50,1,6,0,1,0,0,0
50,Evolutionary,Motif,3482,50,1,6,0,1,0,0,0
50,Evolutionary,Motif,3381,50,4,12,0,3,3,0,3
50,Evolutionary,Motif,3422,50,50,104,12,20,20,0,20
50,Evolutionary,Motif,3176,50,50,104,0,26,26,0,26
50,Evolutionary,Motif,3200,50,11,26,0,5,5,0,5
50,Evolutionary,Motif,3427,50,50,104,4,24,24,0,24
50,Evolutionary,Motif,3258,50,50,104,19,16,16,0,16
50,Evolutionary,Motif,3295,50,50,104,6,23,23,0,23
50,Evolutionary,Motif,3471,50,6,16,0,4,4,0,4
50,Evolutionary,Motif,3537,50,50,104,13,19,19,0,19
50,Evolutionary,Motif,3008,50,37,78,13,10,10,0,10
50,Evolutionary,Motif,3411,50,50,104,18,16,16,0,16
50,Evolutionary,Motif,3361,50,50,104,0,40,40,0,40
50,Evolutionary,Motif,3084,50,30,64,5,11,11,0,11
50,Evolutionary,Motif,3132,50,50,104,16,17,17,0,17
50,Evolutionary,Motif,3430,50,9,22,0,4,4,0,4
