source_id,strategy,candidate,baseline_drift,robust_drift,transfer_ratio
poly_1005,greedy,[*]OC(S1)=CC=C1C(C=C2)=CC=C2C(=S)[*],1.3688104152679443,0.8185403347015381,0.5979939409953342
poly_1005,metropolis,[*]NC(S1)=CC=C1C(C\O2)=CC=C2C(=O)[*],1.9523625373840332,1.4893124103546143,0.7628257466721017
poly_1005,random,[*]OC(S1)=CC=C1C(C=C2)/CC/C2C(=S)[*],1.6577198505401611,1.2203826904296875,0.7361815025814108
poly_1072,greedy,[*]Ns1cc(OBr)c([*])cc1OC,1.7447917461395264,0.324664831161499,0.18607655147374616
poly_1072,metropolis,[*]Ns1cc(ON)c([*])cc1OBr,2.2211432456970215,0.3657529354095459,0.1646687741180638
poly_1072,random,[*]Ns1cc(ON)c([*])cc1CC,1.863647699356079,0.585888147354126,0.3143770936731014
poly_1117,greedy,[*]c1cc(OSCCCCCCCCC)cc(-c2nc3cc4sc([*])nc4cc3s2)c1,0.2631826400756836,0.6952657699584961,2.6417615149637457
poly_1117,metropolis,[*]c1cc(OCCCCCCNCCCl)cc(-s2nc3cc4sc([*])nc4cc3s2)c1,0.46447038650512695,0.0895838737487793,0.19287316554850037
poly_1117,random,[*]c1cc(OCCCCCCCCNC)cc(-s2nc3cc4sc([*])cc4cc3s2)c1,0.5093488693237305,0.2258143424987793,0.4433392436869372
poly_1159,greedy,[*]C(=O)Nc1cccc(NC(=O)s2ccc3[nH]c(-c4cccc(-c5nc6cc([*])ccc6[nH]5)c4)nc3c2)n1,0.7306258678436279,0.06267452239990234,0.08578196469402347
poly_1159,metropolis,[*]C(=O)Nc1cccc(NC(=O)s2ccc3[nH]s(-c4cccc(/c5nc6cc([*])ccc6[nH]5)c4)nc3c2)n1,1.061840295791626,0.11605381965637207,0.109294985428907
poly_1159,random,[*]C(=O)Nc1cccc(NC(=O)s2ccc3[nH]c(-c4cccc(-c5ns6cc([*])ccc6[nH]5)c4)nc3c2)n1,0.8189914226531982,0.12129807472229004,0.14810664845467336
poly_1160,greedy,[*]NC(S1)=CC=C1C(=O)I[*],1.3397407531738281,0.8070118427276611,0.6023641818880711
poly_1160,metropolis,[*]NI(S1)=CC=C1C(=S)I[*],1.7655596733093262,1.341799020767212,0.7599850863449851
poly_1160,random,[*]IC(C1)=CC=C1C(/O)O[*],1.6377716064453125,1.6113953590393066,0.9838950392703083
poly_1171,greedy,[*]c1ccc(CCs2ccc(N3C(=O)C(=O)N([*])C3=O)cc2)cc1,2.111030101776123,0.3701143264770508,0.1753240402236111
poly_1171,metropolis,[*]c1ccc(CSs2ccc(N3P(=O)C(=O)N([*])C3=O)cc2)cc1,2.2612054347991943,0.1725919246673584,0.0763273968880609
poly_1171,random,[*]c1ccc(CCs2ccc(N3S(=O)C(=O)N([*])C3=O)cc2)cc1,2.114983081817627,0.2546405792236328,0.12039840006889957
poly_1211,greedy,[*]c1ccs2c(c1)c1cc([*])ccc1n2-s1cnccc1,2.407318115234375,0.4846796989440918,0.20133595800109022
poly_1211,metropolis,[*]c1ccc2c(c1)c1cc([*])ccc1n2-s1nnccc1,2.4126832485198975,0.35796380043029785,0.14836750769082388
poly_1211,random,[*]c1ccc2c(c1)c1nc([*])ccc1n2-s1ccccc1,2.2542340755462646,0.24320697784423828,0.10788896347656458
poly_1215,greedy,[*]CCOCCOCCOc1cccs(NC(=O)c2cccc(C(=O)Nc3cccc(O[*])c3)c2)c1,1.1054532527923584,0.4036233425140381,0.36512022692455925
poly_1215,metropolis,[*]NCOCCOCCOc1cccs(NC(=O)s2cccc(C(=O)Nc3cccc(O[*])c3)c2)c1,1.8019721508026123,0.25454258918762207,0.1412577819664121
poly_1215,random,[*]NCOCCOCCOc1cccc(NC(=O)c2cccs(C(=O)Nc3cccc(O[*])c3)c2)c1,1.3604354858398438,0.17850446701049805,0.13121126938283376
poly_128,greedy,[*]I1=C2OCCOC2=C(c2ccc(-c3ccc([*])s3)s2)S1(=O)=O,0.3279871940612793,0.08109450340270996,0.24724899286024782
poly_128,metropolis,[*]C1-C2OCCOC2=C(c2ccc(-c3ccc([*])o3)o2)S1(=O)=O,1.2843022346496582,1.5917117595672607,1.2393591762311775
poly_128,random,[*]C1\C2OCCOC2=C(c2ccc(-c3ccc([*])s3)o2)S1(=O)=O,0.5302445888519287,0.3659226894378662,0.6901016948238022
poly_1294,greedy,[*]CCCCCs1ccc(CCCCCOC(=O)c2ccc(C(=O)O[*])cc2)cc1,1.085127353668213,1.7655396461486816,1.6270345044573549
poly_1294,metropolis,[*]CPCCCc1ccc(CCCCCOC(=O)c2ccs(S(=O)O[*])cc2)cc1,3.140376091003418,0.5630078315734863,0.17928038402355598
poly_1294,random,[*]COCCCc1ccc(CCCCCOI(=O)c2ccs(C(=O)O[*])cc2)cc1,2.8951854705810547,1.148758888244629,0.39678248592967574
poly_1298,greedy,[*]Os1ccc(NC(=O)c2cc(C(=O)Nc3ccc(Oc4ccc(C5(c6ccc([*])cc6)CC6CCC5C6)cc4)cc3)cc(C(C)(C)C)c2)cc1,1.5308048725128174,0.1361992359161377,0.08897230363042061
poly_1298,metropolis,[*]Os1ccs(NC(=O)c2cs(C(=O)Nc3ccc(Oc4ccc(C5(c6ccc([*])cc6)CC6CCC5C6)cc4)cc3)cc(C(C)(C)C)c2)cc1,2.292645215988159,0.20821928977966309,0.09082054577289575
poly_1298,random,[*]Os1ccc(NC(=O)c2cc(C(=O)Ns3ccc(Oc4ccc(C5(c6ccc([*])cc6)CC6CCC5C6)nc4)cc3)cc(C(C)(C)C)c2)cc1,2.0405359268188477,0.4373438358306885,0.21432792732666964
poly_1419,greedy,[*]OC(S1)=CC=C1OC(=O)[*],1.366868019104004,1.4978680610656738,1.0958395690957359
poly_1419,metropolis,[*]OC(S1)=CC=C1OC(\O)[*],1.9314141273498535,1.2752494812011719,0.6602672431266602
poly_1419,random,[*]CC(S1)=CC\C1OC(\S)[*],1.2657256126403809,0.9750618934631348,0.7703580331515107
poly_1461,greedy,[*]c1ccc2s(c1)c1cnccs1n2[*],1.2388641834259033,0.9276854991912842,0.7488193714874389
poly_1461,metropolis,[*]c1ccc2s(c1)c1cnccs1n2[*],1.2388641834259033,0.9276854991912842,0.7488193714874389
poly_1461,random,[*]c1ccc2s(c1)c1cnccs1n2[*],1.2388641834259033,0.9276854991912842,0.7488193714874389
poly_1468,greedy,[*]c1ccs2c(c1)c1cs([*])ccc1n2C(=O)NO,1.8898091316223145,1.1149671077728271,0.5899892688187399
poly_1468,metropolis,[*]s1ccc2c(c1)c1cs([*])ccc1n2C(=N)NO,2.031566619873047,0.9256377220153809,0.45562755016777357
poly_1468,random,[*]c1ccc2s(c1)c1cs([*])ccc1n2C(=O)NO,1.7661724090576172,1.1656103134155273,0.659964059815353
poly_1493,greedy,[*]CCCOc1ccs(C(=O)OC(=O)c2ccccc2C(=O)OC(=O)c2ccc(O[*])cc2)cc1,2.0398168563842773,0.40313148498535156,0.19763121562782418
poly_1493,metropolis,[*]CCOOc1ccs(C(=O)OC(=O)c2ccccc2C(=O)OI(=O)c2ccc(O[*])cc2)cc1,2.1552734375,0.27736520767211914,0.12869142394936564
poly_1493,random,[*]CCCOc1ccc(C(=O)OC(=O)s2ccccc2C(=O)OC(=O)c2ccs(C[*])cc2)cc1,2.679431915283203,0.9997568130493164,0.3731226784852441
poly_1549,greedy,[*]Ns1cc([*])ccc1CCCCCCCCCCCC,3.273710012435913,1.0073585510253906,0.307711601577023
poly_1549,metropolis,[*]Ns1cc([*])ccc1CCCCCCSCNCCC,3.99361515045166,0.07071256637573242,0.017706404776568204
poly_1549,random,[*]Ns1cc([*])ccc1CCCCCCCCCCCC,3.273710012435913,1.0073585510253906,0.307711601577023
poly_155,greedy,[*]c1cc(CSCCCCCCCCCC(=O)Oc2ccc([N+](=O)[O-])cc2)c([*])s1,0.6005935668945312,0.5921509265899658,0.9859428392677938
poly_155,metropolis,[*]c1cc(CCCCCCCCCCNC(\O)Oc2ccc([N+](=O)[O-])cc2)c([*])o1,2.3547427654266357,1.97959566116333,0.8406844646594186
poly_155,random,[*]c1cc(CCCCPCCCCCCC(=O)Oc2ccc([Si](=O)[O-])cc2)c([*])o1,1.9217793941497803,1.6211941242218018,0.8435901275437698
poly_1609,greedy,[*]CCOCSOCCOC(=O)C=CC(=O)NCCCCCCNC(=O)C=CC(=O)O[*],0.7506394386291504,0.08874654769897461,0.11822793092386316
poly_1609,metropolis,[*]CCOCCOCCOC(=O)C=CC(=O)NCCCCCSNC(=S)C=SC(=O)O[*],1.468864917755127,0.416928768157959,0.283844186839967
poly_1609,random,[*]CCOCSOCCOC(=O)C=CC(=O)NCCCSCCNC(=O)C=CC(=O)O[*],1.1660189628601074,0.360288143157959,0.3089899518222367
poly_1654,greedy,C(O2)([*])=NN=C2C1=CS=C(C=C1)C2(C1=CC=CC=C1C(=O)O2)C1=CC=C(C=C1)O([*]),0.8114397525787354,0.2599670886993408,0.3203775608394485
poly_1654,metropolis,C(O2)([*])=NC=C2C1=CC=C(C=C1)S2(C1=CC=CC=C1C(=O)S2)C1=CC=C(C=C1)O([*]),1.8779621124267578,0.44522619247436523,0.23707943282148056
poly_1654,random,C(S2)([*])=NN=C2C1=CC=C(C=C1)C2(C1=CI=CC=C1C(=O)S2)C1=CC=C(C=C1)O([*]),1.5445358753204346,0.5570616722106934,0.36066606228561926
poly_1667,greedy,[*]c1cccc(/s2nnc([*])s2)c1,2.9926187992095947,0.16454124450683594,0.05498236011559317
poly_1667,metropolis,[*]c1cccc(/s2nnc([*])s2)c1,2.9926187992095947,0.16454124450683594,0.05498236011559317
poly_1667,random,[*]c1cccc(/s2nnc([*])s2)c1,2.9926187992095947,0.16454124450683594,0.05498236011559317
poly_1689,greedy,[*]Os1ccc(C(C)(C)c2ccc(OC(=O)OCCN(CCOC([*])=O)c3ccc(OC)cc3)cc2)cc1,1.5671586990356445,1.0604572296142578,0.6766750746218703
poly_1689,metropolis,[*]Ns1ccc(C(C)(C)s2ccc(OC(=O)OCCN(CCOC([*])=O)c3ccc(OC)cc3)cc2)cc1,2.3797543048858643,1.6869421005249023,0.7088723810947408
poly_1689,random,[*]Os1ccc(C(N)(C)c2ccc(OC(=O)OCCN(CCOC([*])=O)c3ccs(OC)cc3)cc2)cc1,2.299673318862915,1.3600382804870605,0.5914049918879514
poly_17,greedy,[*]C-C([*])c1cccc(C-C)c1,4.925246238708496,2.9857685565948486,0.6062171131930615
poly_17,metropolis,[*]C-C([*])c1cncc(C-C)c1,5.351911544799805,3.0758492946624756,0.5747197555331666
poly_17,random,[*]C-C([*])c1cccc(C-P)c1,5.192432880401611,3.2624709606170654,0.628312591758476
poly_1700,greedy,[*]CP(=O)OC(=O)c1cccs(O[*])c1,1.9067003726959229,0.5085587501525879,0.26672190210647845
poly_1700,metropolis,[*]IC(=O)NC(=O)c1cccs(O[*])c1,2.13763427734375,0.6275031566619873,0.2935502874896497
poly_1700,random,[*]CP(=O)IC(=O)c1cccs(O[*])c1,2.2233314514160156,0.7154459953308105,0.32179007537322013
poly_1809,greedy,[*]CONCc1nc2cc3sc([*])nc3cc2s1,2.0822579860687256,0.1914806365966797,0.09195817131103552
poly_1809,metropolis,[*]NOCNc1nc2cc3sc([*])nc3cc2s1,2.3023293018341064,0.2189345359802246,0.09509262458928643
poly_1809,random,[*]COCCs1nc2cc3sc([*])nc3cs2s1,1.62803316116333,0.47571372985839844,0.2922014988432248
poly_1826,greedy,[*]Os1ccc(C(C)(C)c2ccc(Oc3nc([*])nc(Cl)n3)cc2)cc1,0.8392295837402344,0.4569880962371826,0.5445328728766949
poly_1826,metropolis,[*]Os1ccc(C(C)(C)c2ccc(Oc3ns([*])nc(C)n3)cc2)cc1,1.7808775901794434,1.156503438949585,0.6494008601866085
poly_1826,random,[*]Cs1ccc(C(C)(C)c2ccs(Oc3nc([*])nc(Cl)n3)cc2)cc1,1.688642978668213,1.2535901069641113,0.7423653920929952
poly_189,greedy,[*]c1ccc(N(s2ccc(C#N)cc2)c2ccc(N3C(=O)c4ccc(-c5ccc6c(c5)C(=O)N([*])C6=O)cc4C3=O)cc2)cc1,1.3062796592712402,0.3456461429595947,0.2646034794359633
poly_189,metropolis,[*]c1ccc(N(c2ccc(C#N)cc2)c2ccc(N3C(=O)c4ccc(-s5ccc6c(c5)C(=O)N([*])C6=S)cs4C3=O)cc2)cc1,1.0798368453979492,0.513378381729126,0.475422175041575
poly_189,random,[*]c1ccc(N(s2ccc(C#N)cc2)s2cnc(N3C(=O)c4ccc(-c5ccc6c(c5)C(=O)N([*])C6=O)cc4C3=O)cc2)cc1,1.3303236961364746,0.37371301651000977,0.28091886027088514
poly_2052,greedy,[*]Cs1cc(COC(=O)Nc2ccc(Cc3ccc(NC(=O)O[*])cc3)cc2)cc(C(C)(C)C)c1,2.3476221561431885,0.3110928535461426,0.13251402178671895
poly_2052,metropolis,[*]Cs1cc(COC(=O)Ns2ccc(Cc3ccc(NC(=O)O[*])cc3)cc2)cc(C(C)(O)C)c1,3.027571439743042,0.4246683120727539,0.14026698313312028
poly_2052,random,[*]Sc1cc(COC(=O)Nc2ccc(Cc3ccc(NC(=O)O[*])cc3)cc2)ns(C(C)(C)C)c1,2.525378942489624,0.18171358108520508,0.07195497595543592
poly_2068,greedy,[*]OC(=O)c1ccc(CCCCCc2ccs(C([*])=O)cc2)cc1,1.497952938079834,1.6269514560699463,1.0861165359143194
poly_2068,metropolis,[*]NC(=O)c1ccc(CCCCCs2ccs(C([*])=O)cc2)cc1,2.763648748397827,1.5139994621276855,0.5478262977541549
poly_2068,random,[*]IC(=O)c1ccc(CCCCCc2ccs(C([*])=O)cn2)cc1,2.327601194381714,2.2749974727630615,0.9774000280865874
poly_2076,greedy,O([*])C(=O)Oc1c(OC)cs(cc1)C(C)c1ccc(cc1)([*]),1.8560595512390137,0.8127217292785645,0.4378748131955311
poly_2076,metropolis,O([*])C(=O)Oc1c(OCl)cs(cc1)C(C)s1ccc(cc1)([*]),2.4706838130950928,0.7476930618286133,0.3026259604186089
poly_2076,random,O([*])C(=O)Oc1c(OC)cs(cc1)C(C)s1ccc(cc1)([*]),2.399651050567627,0.7941305637359619,0.3309358515056236
poly_2093,greedy,[*]CCCCSC(=O)CCCCCCC(=O)NCCCCNC(=O)C(=O)N[*],0.897301197052002,0.0697011947631836,0.07767870475619587
poly_2093,metropolis,[*]CCCCNC(=O)CCCCCCC(=I)NCCSCNS(=O)C(=O)N[*],1.419166088104248,0.7481660842895508,0.5271871210571039
poly_2093,random,[*]CCCCSC(=O)CCCCCCC(=S)NCCCCNI(=O)C(=O)N[*],1.3599390983581543,0.6516361236572266,0.47916566590661497
poly_2098,greedy,[*]Os1ccc(C2(c3ccc(OC(=O)CCCCCCCCC([*])=O)cc3)c3ccccc3Cc3ccccc32)cc1,1.1938190460205078,0.7799105644226074,0.6532904354494692
poly_2098,metropolis,[*]Os1ccc(C2(c3ccs(OC(=O)CCCSCCCCC([*])=O)cc3)c3ccccc3Cc3ccccc32)cc1,1.737022876739502,0.8007843494415283,0.4610096736000676
poly_2098,random,[*]Cs1ccc(C2(c3ccs(OC(=O)CCCCCCCCC([*])=O)cc3)c3ccccc3Cc3ccccc32)cc1,1.8949639797210693,1.2946157455444336,0.6831875219786476
poly_2124,greedy,[*]OC1(S)CC(C)(C)C(C)(N2CCCC([*])C2)C1C,0.9340291023254395,0.360898494720459,0.3863889185272011
poly_2124,metropolis,[*]NC1(C)CC(C)(C)C(C)(N2CCCS([*])C2)C1S,1.4261579513549805,0.7177619934082031,0.5032836599384126
poly_2124,random,[*]OC1(C)CC(C)(C)C(C)(S2CCSC([*])O2)C1C,1.1030359268188477,0.573967456817627,0.5203524589384386
poly_2156,greedy,[*]Nc1c(S)cs([*])cc1Cl,2.8821542263031006,0.16803479194641113,0.05830180439786772
poly_2156,metropolis,[*]Ns1s(S)cc([*])cc1Cl,2.970668077468872,0.34309959411621094,0.11549576902194522
poly_2156,random,[*]Ns1c(S)cc([*])cc1Cl,2.873002290725708,0.2644054889678955,0.09203107488685915
poly_2200,greedy,[*]NC(CCCNC(=O)s1ccc(F)cc1)C([*])=O,1.1388933658599854,0.9083309173583984,0.7975557190751675
poly_2200,metropolis,[*]NC(NCCNC(=I)s1ccc(F)cc1)C([*])=O,1.896479606628418,0.8578824996948242,0.4523552463714477
poly_2200,random,[*]NP(CCCCC(=O)s1ccc(F)cc1)C([*])=O,1.628749132156372,1.1302783489227295,0.6939548433872714
poly_2223,greedy,[*]C(=O)s1ccc(C(=O)N2CCN([*])CC2)cc1,1.5108237266540527,1.6854438781738281,1.115579434211361
poly_2223,metropolis,[*]C(=P)s1ccs(C(=O)N2CCN([*])CC2)cc1,1.9246153831481934,1.9302597045898438,1.0029327009911029
poly_2223,random,[*]C(=P)s1ccc(C(=P)N2CCN([*])CC2)cc1,1.6996779441833496,1.558593511581421,0.9169934321471024
poly_2226,greedy,[*]CCCOC(=O)c1cccc(-s2cccc(C(=O)O[*])c2)c1,1.6637754440307617,0.7228908538818359,0.4344882336588148
poly_2226,metropolis,[*]CCCOC(=O)c1cccs(-c2cccs(C(=O)N[*])c2)c1,2.5412685871124268,0.751664400100708,0.2957831391426451
poly_2226,random,[*]PCCOC(=O)c1cccc(-s2cccc(C(=O)O[*])c2)c1,1.942927598953247,0.4819519519805908,0.2480545092057175
poly_231,greedy,[*]N=s1c(=Nc2ccc([*])cc2)c2cccs3cccc1c32,1.5473666191101074,0.3604729175567627,0.23295895950248116
poly_231,metropolis,[*]C=s1c(=Nc2ccc([*])cc2)c2cccs3cccc1c32,1.7236557006835938,0.40436649322509766,0.2345981816813693
poly_231,random,[*]N=s1c(=Nc2ccc([*])nc2)c2cccs3cccc1c32,1.5032927989959717,0.30254340171813965,0.20125380891879757
poly_2356,greedy,[*]CIC(S1)=CC=C1S[*],1.8810696601867676,1.1872146129608154,0.631138037090524
poly_2356,metropolis,[*]NOC(S1)=CN=C1S[*],2.180959939956665,1.863407850265503,0.8543980181050589
poly_2356,random,[*]NOC(S1)=CC=C1S[*],1.8583619594573975,1.6137540340423584,0.8683744444023922
poly_2367,greedy,[*]CS([*])c1ccs(C)c(C)c1,2.3722054958343506,1.7162590026855469,0.7234866480578258
poly_2367,metropolis,[*]CI([*])c1ccc(Br)s(C)c1,3.246969699859619,0.6697945594787598,0.20628297193771716
poly_2367,random,[*]CC([*])s1ccc(Cl)c(Br)c1,3.3926191329956055,0.5304014682769775,0.15633982108939093
poly_2368,greedy,[*]Os1ccc(CC(NC(=O)CCc2ccc(OC(=O)CCC([*])=O)cc2)C(=O)OC(C)CC)cc1,1.8111951351165771,0.9241933822631836,0.5102671514208204
poly_2368,metropolis,[*]Ns1ccc(CC(NC(=O)CCc2ccc(OC(=O)CCC([*])=O)cc2)C(=S)OC(C)CC)cc1,2.6706864833831787,1.3904438018798828,0.5206316093375711
poly_2368,random,[*]Os1ccc(CC(NC(=O)CCc2ccc(OI(=O)CCC([*])=S)cc2)C(=O)OC(C)CC)cc1,1.9307284355163574,0.7969934940338135,0.41279419693255004
poly_2369,greedy,[*]Os1ccc(CC(NC(=O)CCc2ccc(OC(=O)CCCCCCC([*])=O)cc2)C(=O)OC)cc1,1.623910665512085,0.8218905925750732,0.5061181073750124
poly_2369,metropolis,[*]Oc1ccs(CC(NC(=O)CSs2ccc(OC(=O)CCCCCCC([*])=O)cc2)C(=O)OC)cc1,1.7899675369262695,1.7436432838439941,0.9741200596510128
poly_2369,random,[*]Os1ccc(CC(NC(=O)CCc2ccc(OC(=O)CCCCCCC([*])=O)cc2)C(=O)OC)cc1,1.623910665512085,0.8218905925750732,0.5061181073750124
poly_2437,greedy,[*]Os1ccc(CC(NC(=O)CCc2ccc(OC(=O)CCCCCCC([*])=O)cc2)C(=O)OC(C)C)cc1,1.8300132751464844,0.8786659240722656,0.48014183066619137
poly_2437,metropolis,[*]Sc1cnc(CC(NC(=O)CCc2ccc(OC(=O)CCCCCCC([*])=S)cc2)C(=O)OC(C)C)cc1,0.7752683162689209,0.5350303649902344,0.6901228307189661
poly_2437,random,[*]Os1ccc(CC(NC(=O)CCc2ccc(OS(=O)CCCCCCC([*])=O)cc2)C(=O)OC(C)C)cc1,2.0695037841796875,0.9278271198272705,0.4483331351795734
poly_244,greedy,[*]NC(-O)C(=N)C(=O)[*],2.2407827377319336,1.234565258026123,0.55095268150616
poly_244,metropolis,[*]OC(/O)C(=C)C(=O)[*],2.6867575645446777,1.8568391799926758,0.6911078262125793
poly_244,random,[*]NC(/O)C(/N)C(=O)[*],2.4042587280273438,2.219271183013916,0.9230583868296042
poly_2459,greedy,[*]CI(CC)(CC)CI[*],1.0578055381774902,1.6974987983703613,1.604736160953561
poly_2459,metropolis,[*]CC(CF)(CC)OO[*],2.387409210205078,1.5739660263061523,0.6592778563382307
poly_2459,random,[*]CC(CCl)(CP)CI[*],1.301924228668213,1.56939697265625,1.2054441710956136
poly_2461,greedy,[*]c1ccc(C)s(N2CC(=O)N([*])CC2=O)c1,2.4917051792144775,1.2786288261413574,0.5131541391042305
poly_2461,metropolis,[*]c1ccc(C)s(S2CC(=C)N([*])CC2=O)c1,3.3477296829223633,1.2412104606628418,0.3707618530237307
poly_2461,random,[*]c1ccc(C)s(N2CC(=O)S([*])IC2=O)c1,2.9063587188720703,1.0046195983886719,0.3456626299655656
poly_2493,greedy,[*]Oc1c(Cl)cs(NC(=O)NCCCCCCNC([*])=O)cc1Cl,2.248425006866455,1.5304200649261475,0.6806631576558722
poly_2493,metropolis,[*]Nc1c(Cl)cs(NC(=O)NCCCCCINC([*])=O)cc1Cl,2.9746410846710205,1.8606071472167969,0.6254896285823909
poly_2493,random,[*]Os1c(Cl)cs(PC(=O)NCCCCCCNC([*])=O)cc1Cl,2.7844698429107666,1.5339937210083008,0.55091051710035
poly_2531,greedy,[*]NC(CCC(=O)OCs1ccc(Cl)cc1)C([*])=O,1.4040453433990479,1.7408580780029297,1.2398873627460587
poly_2531,metropolis,[*]NC(SCC(=O)OCs1ccc(Cl)cc1)C([*])=C,2.232178211212158,1.5768766403198242,0.7064295459919931
poly_2531,random,[*]NI(CCC(=O)OCc1ccs(F)cc1)C([*])=O,1.8654727935791016,0.9666392803192139,0.5181738825923142
poly_259,greedy,[*]C1=CSC(=C2SC=C(c3ccs([*])cc3)S2)S1,1.240156888961792,0.5689911842346191,0.4588058086029381
poly_259,metropolis,[*]C1-CSC(=C2SC\C(c3ccc([*])cc3)S2)O1,1.5120644569396973,1.2551264762878418,0.8300747170713355
poly_259,random,[*]C1-CSC(-C2SC=C(c3ccc([*])cc3)S2)O1,1.5159330368041992,1.0161519050598145,0.6703145062409921
poly_2730,greedy,[*]SC(=O)C(Cc1ccccc1)NC(=O)CCCCC(=O)NC(Cc1ccccc1)C(=O)OC1COC2C([*])COC12,1.0613441467285156,0.4420814514160156,0.416529787042861
poly_2730,metropolis,[*]SC(=O)C(Cc1ccccc1)NC(=O)CCCCC(=O)NC(Cc1ccccc1)C(=O)SC1CSC2C([*])COC12,1.4156641960144043,0.11951661109924316,0.08442440759307519
poly_2730,random,[*]IC(=O)C(Cc1ccccc1)NC(=O)CCCCC(=O)NC(Cs1ccccc1)C(=O)OC1COC2C([*])COC12,1.5441999435424805,1.5419528484344482,0.9985448159628362
poly_2734,greedy,[*]Cs1ccc(COC(=O)C2CCC(C(=O)O[*])CC2)cc1,2.461491584777832,1.607499599456787,0.653059148931389
poly_2734,metropolis,[*]Cs1ccc(COC(=O)C2CCC(C(=O)S[*])CC2)nc1,3.066581964492798,0.9781370162963867,0.3189665326484
poly_2734,random,[*]Ps1ccc(SOC(=O)C2CCC(C(=O)O[*])CC2)cc1,2.868199586868286,0.7228708267211914,0.2520294717392647
poly_2736,greedy,[*]CCCCC(=O)ICCCCCCNC(=O)CCCCS[*],0.5982532501220703,0.0007734298706054688,0.0012928134873444559
poly_2736,metropolis,[*]CCCIC(=O)CCCCCCINC(=O)CCCCS[*],0.9123115539550781,0.05999183654785156,0.06575805851386328
poly_2736,random,[*]CCCCC(=O)ISCCCSCNC(=O)CCCCS[*],0.9760861396789551,0.16452503204345703,0.1685558531725192
poly_2772,greedy,[*]C=CC1CC([*])S(C(=O)OC)C1,1.166825771331787,0.575080394744873,0.49285883880374876
poly_2772,metropolis,[*]S=CS1SC([*])C(C(=O)OC)C1,2.729457378387451,1.0737552642822266,0.3933951388230123
poly_2772,random,[*]C=NC1CC([*])S(C(=O)SC)C1,2.0959272384643555,1.2748503684997559,0.6082512527647732
poly_2836,greedy,[*]SCCNC(=O)CCCCC(=O)NCCCO[*],1.032792568206787,0.6151208877563477,0.5955899632627752
poly_2836,metropolis,[*]SSCNC(=O)CCCCC(=S)NCCCO[*],1.6970329284667969,1.4600419998168945,0.860349834894474
poly_2836,random,[*]SPCNC(=O)CCCIC(=O)NCCCO[*],1.1271381378173828,0.6494183540344238,0.5761657176217753
poly_2932,greedy,[*]S=CC1CC([*])C2CC=CC12,2.1590747833251953,1.6060242652893066,0.7438483732443327
poly_2932,metropolis,[*]N=NS1CC([*])C2CC=CC12,3.4359195232391357,1.362757682800293,0.3966209550553105
poly_2932,random,[*]S=CI1CC([*])C2CC=CC12,2.516674041748047,1.8255414962768555,0.7253786012783998
poly_2967,greedy,[*]SC([*])C(=O)N1CCOCC1,0.8863186836242676,0.8366422653198242,0.9439519675910358
poly_2967,metropolis,[*]CC([*])C(=O)S1CSSCC1,2.0582752227783203,1.3250398635864258,0.643762237878882
poly_2967,random,[*]CC([*])C(=O)S1CSOSC1,1.397956371307373,1.1217241287231445,0.8024028158147058
poly_3019,greedy,[*]CCCCCCNC(=S)NCCCCNC(=O)N[*],0.8695745468139648,0.7713489532470703,0.8870417793083026
poly_3019,metropolis,[*]CCCNCCNI(=S)NCCCCNC(=O)N[*],1.3711237907409668,1.058267593383789,0.7718249807421782
poly_3019,random,[*]SICSCCNC(=O)NCCCCNC(=O)N[*],1.2958950996398926,0.9730114936828613,0.7508412478396167
poly_3030,greedy,[*]SC(s1ccccc1)C(C)(C)C([*])=O,0.9847817420959473,1.9061336517333984,1.9355899589248111
poly_3030,metropolis,[*]NS(c1cccnc1)C(Cl)(C)C([*])=O,1.6221060752868652,1.0481085777282715,0.6461405907396754
poly_3030,random,[*]NS(c1ccccc1)C(I)(C)C([*])=S,1.3368010520935059,1.993004322052002,1.490875788084431
poly_3063,greedy,[*]IP([*])OF,1.862351894378662,1.792982578277588,0.962751767638297
poly_3063,metropolis,[*]NN([*])OBr,2.787722587585449,0.7308950424194336,0.262183563628004
poly_3063,random,[*]CN([*])NBr,2.4944543838500977,1.25046968460083,0.501299880525687
poly_3072,greedy,[*]NCCOC(=O)C(=S)O[*],1.6184368133544922,0.9646162986755371,0.5960172746418205
poly_3072,metropolis,[*]CCCSS(=N)C(=O)O[*],2.4838783740997314,1.6684250831604004,0.6717016020420534
poly_3072,random,[*]SCCIS(=O)C(=O)O[*],1.8221893310546875,1.3920683860778809,0.7639537573585443
poly_3129,greedy,[*]SS([*])(Cl)C(=O)OC,1.7621898651123047,1.0021748542785645,0.5687099183348757
poly_3129,metropolis,[*]CS([*])(Cl)C(=S)OBr,2.2319698333740234,1.740386962890625,0.7797538017168079
poly_3129,random,[*]SC([*])(Cl)C(=N)OI,2.3821067810058594,1.570765495300293,0.659401798368177
poly_3189,greedy,[*]SC1CCCC(CNC(=O)CCCCCCCCCCC(=O)N[*])C1,0.6629328727722168,0.38311004638671875,0.577901718441944
poly_3189,metropolis,[*]SP1CCCC(CNC(=O)CCSCCCCCCCC(=O)N[*])C1,1.097416877746582,0.682612419128418,0.6220174237980404
poly_3189,random,[*]SC1CCCC(CNC(=O)NCCCICCCCCC(=O)N[*])C1,0.8475117683410645,0.48435306549072266,0.5715001060561136
poly_32,greedy,[*]C-C([*])c1ccc([N+](-O)[O-])cc1,3.915294647216797,1.8651223182678223,0.4763683161351987
poly_32,metropolis,[*]C-C([*])c1ccc([N+](-C)[O-])cc1,4.1338324546813965,1.3792502880096436,0.3336492959330509
poly_32,random,[*]C-C([*])c1ccc([N+](-O)[O-])cc1,3.915294647216797,1.8651223182678223,0.4763683161351987
poly_3290,greedy,[*]SCCCCCNC(=O)NCCNC(=O)N[*],1.2184576988220215,0.7855782508850098,0.6447316567858612
poly_3290,metropolis,[*]CCSCCCNC(=O)NCSNC(=I)N[*],1.422013759613037,1.5469794273376465,1.0878793660608568
poly_3290,random,[*]CCCCICNC(=N)NCCNC(=S)N[*],1.6416053771972656,2.270336389541626,1.3829976564878224
poly_3316,greedy,[*]CCCS(C)(C)CNC(=O)CCCCCCCC(=O)N[*],0.6492247581481934,0.6164078712463379,0.9494521943441279
poly_3316,metropolis,[*]CCCS(C)(C)CNC(=S)CCCCCSCC(=O)N[*],1.4722180366516113,1.1123275756835938,0.755545406992468
poly_3316,random,[*]CCCC(C)(C)CNC(=S)CCCCCCCC(-C)N[*],1.0409626960754395,1.5498309135437012,1.4888438551993832
poly_3362,greedy,[*]SCCCCCCNC(=O)CCCCCCCCCCCCCCCCCCC(=O)N[*],0.7282209396362305,0.3995966911315918,0.5487300204951577
poly_3362,metropolis,[*]CCCCCCCNC(=O)CSCCCCCCCCCCCSCCCCC(=S)N[*],1.8670063018798828,1.4457221031188965,0.7743530922542701
poly_3362,random,[*]SCCCCCCNC(=O)CCCCCCCCCCCCCSCCCCC(=O)N[*],1.0674591064453125,0.7947239875793457,0.7445006396786598
poly_3385,greedy,[*]SCCCCCCCCNC(=O)CC(=O)N[*],1.169081687927246,0.7439508438110352,0.6363548856282594
poly_3385,metropolis,[*]CCCSCCCCCNC(=N)CC(=S)N[*],2.490116596221924,2.5316314697265625,1.016671859288688
poly_3385,random,[*]CCCSCCCCCNC(=C)CC(=I)N[*],1.5183300971984863,2.203732490539551,1.4514185647809523
poly_3386,greedy,C([*])C(C)(C(=S)OCCCOC)([*]),1.347743034362793,0.6259193420410156,0.46442038733069585
poly_3386,metropolis,C([*])S(C)(C(=O)SCCCOS)([*]),2.3065686225891113,1.5737700462341309,0.6822992521538692
poly_3386,random,C([*])C(C)(C(=S)OCCCSC)([*]),1.928105354309082,1.5953693389892578,0.8274285092481075
poly_3552,greedy,[*]CCCSCCCCCCC(=O)N[*],1.1986351013183594,1.0035886764526367,0.8372762280604045
poly_3552,metropolis,[*]NCCCCCCNCCC(=S)N[*],1.9612398147583008,2.440849781036377,1.2445442738154806
poly_3552,random,[*]NCCCCCCCCCS(=O)N[*],1.5559053421020508,1.5183606147766113,0.9758695299068026
poly_3620,greedy,[*]NCCCSCC(=O)N[*],2.2248528003692627,1.3493576049804688,0.606492980010414
poly_3620,metropolis,[*]CCCSSCC(=I)N[*],3.8603086471557617,2.0784122943878174,0.5384057297903295
poly_3620,random,[*]NCCCSCI(=O)N[*],2.480673313140869,1.4194517135620117,0.572204210059725
poly_3627,greedy,[*]CS([*])C(=O)NCS,1.8561768531799316,1.6969366073608398,0.9142106283965952
poly_3627,metropolis,[*]CC([*])S(=O)NSS,2.508777141571045,2.3696765899658203,0.9445544407670594
poly_3627,random,[*]CI([*])C(=I)NCS,2.5163779258728027,2.959190845489502,1.175972343050621
poly_3629,greedy,[*]CCOCSOC(=O)CCCCC(=O)O[*],1.3837823867797852,0.2646822929382324,0.19127450635802457
poly_3629,metropolis,[*]CCOISOC(=O)CCCSC(=O)O[*],2.3325676918029785,0.9870352745056152,0.42315396803883437
poly_3629,random,[*]CIOCCOC(=O)CCSSC(=O)O[*],1.7345223426818848,1.0151538848876953,0.5852642309110208
poly_3655,greedy,[*]CNC(=O)CCCSCCCCC(=O)N[*],1.0317554473876953,0.7336735725402832,0.7110925116972956
poly_3655,metropolis,[*]CSC(=O)CICSCCCCC(=O)N[*],1.8614583015441895,0.9141550064086914,0.49109615060963
poly_3655,random,[*]CNC(=O)CCCSCICCC(=O)I[*],1.4487733840942383,0.692143440246582,0.47774444771381874
poly_367,greedy,[*]S-C([*])c1nc2ccccc2n1C,2.553443670272827,1.4691987037658691,0.5753793282656946
poly_367,metropolis,[*]O-C([*])c1nc2ccccc2n1S,3.1720235347747803,1.6449410915374756,0.5185778332045917
poly_367,random,[*]C-C([*])c1nc2ccnnc2n1C,2.750401735305786,1.351851224899292,0.4915104610159777
poly_3703,greedy,[*]CC(S[*])C1CC(F)(F)C1(F)F,1.7056069374084473,1.753453254699707,1.0280523702395108
poly_3703,metropolis,[*]CS(S[*])C1CC(F)(F)C1(I)F,2.417163848876953,2.2651610374450684,0.9371152222458948
poly_3703,random,[*]NC(S[*])C1CC(F)(F)C1(F)F,2.3035693168640137,2.1870508193969727,0.9494182803121963
poly_3746,greedy,[*]SC(=O)CCS(=O)(=O)CCC([*])=O,1.5081837177276611,0.5023884773254395,0.33310827548408645
poly_3746,metropolis,[*]OC(=S)CCS(=I)(=S)CCC([*])=O,2.098581314086914,1.6179566383361816,0.7709763865119276
poly_3746,random,[*]SP(=O)CCS(=O)(=P)CCC([*])=O,2.720172882080078,1.0882277488708496,0.4000583036614559
poly_3763,greedy,[*]SC(C)(C)CS([*])(=S)=O,2.5272703170776367,1.6826820373535156,0.6658100742065671
poly_3763,metropolis,[*]CI(S)(I)CS([*])(=O)=O,2.240103244781494,1.4686198234558105,0.6556036320544966
poly_3763,random,[*]CC(S)(C)CS([*])(=C)=I,2.4507389068603516,2.0689918994903564,0.8442318737824862
poly_3779,greedy,[*]SCCCCCOC(=O)C(=O)O[*],1.1499409675598145,0.8659558296203613,0.7530437248947898
poly_3779,metropolis,[*]CCNCCCOC(=S)C(=S)O[*],2.168372631072998,1.7198123931884766,0.7931350767591289
poly_3779,random,[*]SCSCCCOS(=O)C(=O)O[*],2.031665325164795,1.662595272064209,0.818341117245455
poly_3799,greedy,[*]CCOCSOC(=O)C(C)C(=O)O[*],1.1011090278625488,0.11404895782470703,0.10357644423831183
poly_3799,metropolis,[*]CCOISOC(=O)C(C)C(=I)O[*],2.0187206268310547,0.9902215003967285,0.4905193354818777
poly_3799,random,[*]CCOICOC(=S)C(C)C(=O)S[*],1.7891240119934082,1.278085708618164,0.7143639569143925
poly_3842,greedy,[*]SSCCNC(=O)O[*],1.160301685333252,1.233283519744873,1.0628990161215355
poly_3842,metropolis,[*]CICCNC(=S)S[*],2.474106550216675,1.9663290977478027,0.7947633045858908
poly_3842,random,[*]SCCNNC(=S)O[*],2.0516085624694824,1.8652911186218262,0.9091847015770935
poly_4015,greedy,[*]CC1CCC(COC(=S)CCCC(=O)O[*])CC1,0.9245867729187012,0.8872289657592773,0.9595951313022854
poly_4015,metropolis,[*]CC1CCC(CSC(=O)CCCC(=O)N[*])CS1,1.7579278945922852,1.5522561073303223,0.8830032859171029
poly_4015,random,[*]SC1CSC(CSC(=O)CCCC(=O)O[*])CC1,1.611435890197754,1.4803028106689453,0.9186234585400006
poly_442,greedy,[*]c1nc2ccs(/c3ccc4nc(-c5cccc6cc7c([*])cccc7cc56)sc4c3)cc2s1,0.82792067527771,0.03927111625671387,0.0474334286235105
poly_442,metropolis,[*]c1nc2ccc(/c3ccc4nc(/c5cccs6cc7c([*])cccc7cc56)sc4c3)cc2s1,1.1330628395080566,0.012859821319580078,0.011349609987353784
poly_442,random,[*]c1nc2ccc(/c3ccc4cc(-c5cccs6cc7c([*])cccc7cc56)sc4c3)cc2s1,1.0320556163787842,0.048111677169799805,0.04661732992511704
poly_449,greedy,[*]C(S1)=CC=C1C(\S)C(S2)=CC=C2O[*],0.769925594329834,0.4644947052001953,0.6032981740326547
poly_449,metropolis,[*]C(S1)=CC=C1C(-S)C(P2)=CC-C2O[*],1.7098665237426758,0.8088474273681641,0.4730471157466152
poly_449,random,[*]C(S1)=CC=C1C(/S)C(O2)-CC=C2O[*],1.9222915172576904,1.3438353538513184,0.6990798959402431
poly_45,greedy,[*]S-CC(CO)=C([*])n1c2ccccc2c2ccccc21,1.665471076965332,1.438284158706665,0.8635899948063787
poly_45,metropolis,[*]C-CC(PO)-C([*])n1c2ccccc2c2ccccc21,2.093996524810791,1.7511224746704102,0.8362585390769155
poly_45,random,[*]C-CN(CO)\C([*])n1c2ccccc2c2ccccc21,1.8668971061706543,1.6606042385101318,0.8894996049976923
poly_466,greedy,[*]c1cc(-c2ccnnc2)c([*])o1,2.1455254554748535,0.5931029319763184,0.2764371452516984
poly_466,metropolis,[*]c1cc(-c2ccnnc2)c([*])o1,2.1455254554748535,0.5931029319763184,0.2764371452516984
poly_466,random,[*]c1cc(-c2cccnc2)c([*])o1,2.0914459228515625,0.6251776218414307,0.2989212463064969
poly_483,greedy,[*]s1cc(C(F)(F)C(F)(F)C(F)(F)F)c([*])s1,0.36285924911499023,0.010367870330810547,0.028572705135938164
poly_483,metropolis,[*]c1cc(C(F)(F)C(F)(C)C(F)(F)N)c([*])o1,1.9106597900390625,2.49739933013916,1.3070873962800578
poly_483,random,[*]c1cc(C(F)(F)C(Br)(C)C(F)(F)F)c([*])o1,1.5843777656555176,2.3267621994018555,1.4685652941103886
poly_512,greedy,[*]C(=O)Nc1ccc(NC(=O)c2ccs3c(c2)C(=O)N(c2ccc(Oc4ccc(N5C(=O)c6ccc([*])cc6C5=O)cc4)cc2)C3=O)cc1,0.4940645694732666,0.10624027252197266,0.21503317397407753
poly_512,metropolis,[*]C(=O)Nc1ccc(NC(=O)c2ccc3c(c2)C(=O)N(s2ccc(Os4cnc(N5C(=O)c6ccc([*])cc6C5=O)cc4)cc2)C3=O)cc1,1.2670655250549316,0.36136364936828613,0.2851972863460394
poly_512,random,[*]C(=O)Nc1ccc(NC(=O)c2ccs3c(c2)C(=O)N(c2ccc(Os4ccc(N5C(=O)c6ccs([*])cc6C5=O)cc4)cc2)C3=O)cc1,0.8955740928649902,0.5544240474700928,0.619071109679446
poly_514,greedy,[*]Ns1cc(NC(=O)Nc2ccc(NC([*])=O)cc2)cc(C(=O)Nc2cccc3c2C(=O)c2ccccc2C3=O)c1,0.9305727481842041,0.3219614028930664,0.34598198101255284
poly_514,metropolis,[*]Ns1cc(NC(=O)Nc2ccc(NC([*])=C)cc2)cs(C(=O)Nc2cccc3c2C(=O)c2ccccc2C3=O)c1,1.6671171188354492,0.34525465965270996,0.20709682346365968
poly_514,random,[*]Nc1cc(NC(=O)Nc2ccc(NC([*])=O)cc2)nc(C(=O)Nc2cccs3c2C(=O)c2ccccc2C3=O)c1,0.9926235675811768,0.4200012683868408,0.42312240219149655
poly_517,greedy,[*]C(C=C1)=CC=C1C(=O)C(S2)=CC=C2O[*],0.9864022731781006,0.5639462471008301,0.5717203441592296
poly_517,metropolis,[*]C(C#S1)=CC=C1C(=S)C(S2)=CC=C2I[*],1.4163670539855957,0.6884150505065918,0.4860428294836579
poly_517,random,[*]C(C=C1)=CC=C1C(=C)C(O2)=CC=C2O[*],1.0180163383483887,0.8261384963989258,0.8115179150653299
poly_660,greedy,[*]CI([*])n1s2ccc(I)cc2c2cc(I)ccc21,2.4088759422302246,0.804619312286377,0.33402272743918526
poly_660,metropolis,[*]NC([*])n1s2ccc(I)cc2c2cc(Cl)ccc21,2.856593608856201,0.8979077339172363,0.31432813233687956
poly_660,random,[*]CC([*])n1s2ccc(I)cc2c2cc(F)ccc21,2.636854887008667,0.7570061683654785,0.2870867760281836
poly_675,greedy,[*]c1ccc(-s2nnc([*])o2)c(SCC)c1,2.2919247150421143,0.6490259170532227,0.283179422427624
poly_675,metropolis,[*]c1ccc(-s2nnc([*])o2)c(SCI)c1,2.4900591373443604,0.5780889987945557,0.23215874278836832
poly_675,random,[*]c1ccc(-s2nnc([*])o2)c(OCI)c1,1.9787766933441162,1.007643699645996,0.5092255750915918
poly_754,greedy,[*]NC(=O)c1ccc(C(=O)Ns2ccc3c(c2)[nH]c(=O)c2cc([*])ccc23)cc1,0.47708797454833984,0.13892078399658203,0.2911848367758559
poly_754,metropolis,[*]NS(=O)c1ccc(C(=O)Nc2ccc3c(c2)[N+]c(=O)c2cc([*])ccs23)cc1,1.7459311485290527,0.04667186737060547,0.02673179146263959
poly_754,random,[*]NC(=O)c1ccc(C(=N)Nc2ncc3c(c2)[nH]c(=O)c2cc([*])ccs23)cc1,1.3696846961975098,0.27705860137939453,0.2022791100379225
poly_769,greedy,[*]c1ccs(-s2nc3cc(-c4ccc5nc([*])c(-c6ccccc6)nc5c4)ccc3nc2-c2ccccc2)cc1,0.9822182655334473,0.35258960723876953,0.35897276563806974
poly_769,metropolis,[*]c1ccc(-s2nc3cc(-c4ccc5nc([*])c(-c6ccccc6)nc5c4)ccs3ns2-c2ccccc2)cc1,1.054337739944458,0.2873377799987793,0.27252916130453236
poly_769,random,[*]c1ccc(-s2nc3cc(-c4ccc5nc([*])c(-c6ccccc6)nc5c4)ccc3nc2-c2ccccc2)cc1,0.9208207130432129,0.19879889488220215,0.21589316146592022
poly_782,greedy,[*]c1ccc(Oc2ccc(-c3nc4cc(-c5ccc6nc([*])c(-c7ccccc7)nc6c5)ccc4ns3-c3ccccc3)cc2)cc1,0.7843384742736816,0.44456982612609863,0.5668086428346922
poly_782,metropolis,[*]c1ccc(Oc2ccs(-s3nc4cc(-c5ccc6nc([*])c(-c7ccccc7)nc6c5)ccc4ns3-c3ccccc3)cc2)cc1,1.249995231628418,0.6644341945648193,0.5315493833518347
poly_782,random,[*]c1ccc(Oc2ccc(-c3nc4cc(-c5ccc6nc([*])c(-c7ccccc7)nc6c5)cnc4ns3-c3ccccc3)cc2)cc1,0.7974433898925781,0.4922831058502197,0.6173267119519721
poly_793,greedy,[*]c1ccc(N2C(=O)c3ccc(P(=O)(s4ccccc4)c4ccc5c(c4)C(=O)N([*])C5=O)cc3C2=O)cc1,1.0044806003570557,0.18028640747070312,0.17948221937448866
poly_793,metropolis,[*]c1ccc(N2C(=O)s3ccc(P(=O)(s4ccccc4)c4ccc5c(c4)C(=O)N([*])C5=N)cc3C2=O)cc1,1.1744790077209473,0.28379154205322266,0.24163185564628728
poly_793,random,[*]c1ccc(N2C(=O)c3ccc(P(=N)(s4ccccc4)c4ccc5c(c4)C(=O)N([*])P5=O)cc3C2=O)cc1,1.0676040649414062,0.2084946632385254,0.19529212194407322
poly_898,greedy,[*]c1cccc(N2C(=O)c3ccc(P(=O)(s4ccccc4)c4ccc5c(c4)C(=O)N([*])C5=O)cc3C2=O)c1,0.7432796955108643,0.432542085647583,0.5819371742023601
poly_898,metropolis,[*]c1cccc(N2C(=O)s3ccc(P(=O)(c4ccccc4)c4ccc5s(c4)C(=O)N([*])C5=O)cs3C2=O)c1,1.1171085834503174,1.2312734127044678,1.1021967165461564
poly_898,random,[*]c1cccc(N2C(=O)c3ccc(P(=O)(c4ccccc4)c4ccc5c(c4)C(=O)N([*])C5=O)cs3C2=O)c1,1.0153422355651855,0.4729018211364746,0.46575608161639803
poly_903,greedy,[*]CCCCSCCCCCOc1ccc(OC(=O)c2ccc(C(=O)Oc3ccc(O[*])cc3)cc2)cc1,0.3262948989868164,0.23293781280517578,0.7138873869265955
poly_903,metropolis,[*]CCCCCCCCCCOc1ccc(SC(=C)c2ccc(C(=O)Os3ccc(O[*])cc3)cc2)cc1,1.2853593826293945,0.9382948875427246,0.7299864148681144
poly_903,random,[*]ICCCCCCCCCOs1ccc(SC(=O)c2ccc(C(=O)Oc3ccc(O[*])cc3)cc2)cc1,0.8689870834350586,0.6226444244384766,0.7165174676442797
poly_930,greedy,[*]P(=O)OCCOC(=O)c1ccc([*])s1,1.8986756801605225,0.6878869533538818,0.3622982906147114
poly_930,metropolis,[*]C(=O)OCOOC(=O)s1ccc([*])s1,2.614093780517578,0.7781591415405273,0.2976783569663884
poly_930,random,[*]C(=O)ONCOC(=O)s1ccc([*])s1,2.1075611114501953,0.47129392623901367,0.22362052691070972
poly_956,greedy,[*]SCCCCCCCCCOC(=O)c1ccc(C=Cc2ccc(C(=O)O[*])cc2)cc1,0.5333302021026611,0.3441472053527832,0.6452797985112758
poly_956,metropolis,[*]CCCCCCCCOCOC(=S)c1ccc(C=Cs2ccc(C(=O)O[*])cc2)cc1,2.3564324378967285,0.7296085357666016,0.3096242115975221
poly_956,random,[*]CCCCCCCCCCOC(=O)c1ccc(I=Cs2ccc(C(=C)O[*])cc2)cc1,2.268079996109009,1.367750644683838,0.6030433878127202
poly_967,greedy,[*]NC(S1)=CC=C1C(=S)N[*],1.5116751194000244,0.5087511539459229,0.3365479443412705
poly_967,metropolis,[*]SC(S1)=IC=C1C(=S)N[*],1.8284094333648682,0.7355520725250244,0.40229067904739985
poly_967,random,[*]CC(S1)/CC\C1C(=O)O[*],1.6656701564788818,1.5781946182250977,0.9474832769780172
poly_990,greedy,[*]Os1ccc(NC(=O)c2ccc(C(=O)Nc3ccc(Oc4ccc(C5(c6ccc([*])cc6)CC6CCC5C6)cc4)cc3)cc2)cc1,1.687851905822754,0.002686023712158203,0.001591385892857042
poly_990,metropolis,[*]Os1ccc(NC(-O)c2ccc(C(=O)Nc3ccc(Oc4ccc(C5(c6ccs([*])cc6)CC6CCC5C6)cc4)cc3)cc2)cc1,2.1673099994659424,0.11117029190063477,0.05129413509282419
poly_990,random,[*]Os1ccc(NC(=O)c2ccc(C(=C)Nc3ccc(Oc4ccc(C5(c6ccc([*])cc6)CC6CCC5C6)cc4)cc3)cn2)cc1,1.8280258178710938,0.006425142288208008,0.0035147984374152242
