Source,Candidate,TargetModel,Budget,TargetDrift,TransferDrift
[*]CNC(=O)CCCCCCCCC(=O)N[*],*CNC(=O)CCSCCCOCC(=O)N*,GraphMPNN,10,1.1367683410644531,0.6192712783813477
[*]CNC(=O)CCCCCCCCC(=O)N[*],*CNC(=O)NCCCCCSCC(=O)N*,Transformer,10,0.9015860557556152,1.1200623512268066
[*]Oc1ccc(CC(NC(=O)CCc2ccc(OC(=O)CCCCCCC([*])=O)cc2)C(=O)OC)cc1,*Oc1ccc(CC(NC(=O)SCc2ccc(OC(=O)CCCCCSC(*)=O)cc2)C(=O)OC)cc1,GraphMPNN,10,0.3988633155822754,0.2851119041442871
[*]Oc1ccc(CC(NC(=O)CCc2ccc(OC(=O)CCCCCCC([*])=O)cc2)C(=O)OC)cc1,*Oc1ccc(CC(NC(=O)CCc2ccc(OC(=O)CCCCCCC(*)=O)cc2)C(=O)[IH]S)cc1,Transformer,10,0.45748472213745117,0.2811770439147949
[*]CCOCCOCCOc1cccc(NC(=O)c2cccc(C(=O)Nc3cccc(O[*])c3)c2)c1,*CCOCCOC[IH]Oc1cccc(NC(=O)c2cccc([IH](=O)Nc3cccc(O*)c3)c2)c1,GraphMPNN,10,0.5641288757324219,0.13219952583312988
[*]CCOCCOCCOc1cccc(NC(=O)c2cccc(C(=O)Nc3cccc(O[*])c3)c2)c1,*CCOCCOCSOc1cccc(NC(=O)c2cccc(C(=O)Oc3cccc(O*)c3)c2)c1,Transformer,10,0.5378553867340088,0.05640077590942383
[*]CC1CCC(COC(=O)CCCC(=O)O[*])CC1,*CC1CCC(COC(=O)CSCC(=O)[IH]*)CC1,GraphMPNN,10,1.4011077880859375,0.9364070892333984
[*]CC1CCC(COC(=O)CCCC(=O)O[*])CC1,*CC1CCC(NOC(=S)CCCC(=O)O*)CC1,Transformer,10,1.1455950736999512,1.159553050994873
[*]C(C=C1)=CC=C1C(=S)C(S2)=CC=C2O[*],*Oc1ccc(C(=S)C2=C[SH]=C(*)C=C2)s1,GraphMPNN,10,0.7864151000976562,0.26537036895751953
[*]C(C=C1)=CC=C1C(=S)C(S2)=CC=C2O[*],*Oc1ncc(C(=S)c2ccc(*)cc2)s1,Transformer,10,0.7974424362182617,0.11944842338562012
[*]C(=O)Nc1cccc(NC(=O)c2ccc3[nH]c(-c4cccc(-c5nc6cc([*])ccc6[nH]5)c4)nc3c2)n1,*c1ccc2[nH]c(-c3cccc(-c4nc5cc(C(=N)Sc6cccc(N[IH](*)=O)n6)ccc5[nH]4)c3)nc2c1,GraphMPNN,10,0.3954164981842041,0.12237739562988281
[*]C(=O)Nc1cccc(NC(=O)c2ccc3[nH]c(-c4cccc(-c5nc6cc([*])ccc6[nH]5)c4)nc3c2)n1,*C(=C)Nc1cccc(NC(=C)c2ccc3[nH]c(-c4cccc(-c5nc6cc(*)ccc6[nH]5)c4)nc3c2)n1,Transformer,10,0.6401667594909668,0.12363266944885254
[*]Oc1c(Cl)cc(NC(=O)NCCCCCCNC([*])=O)cc1Cl,*Oc1c(Cl)cc(NC(=O)NCCSCCSNC(*)=O)cc1Cl,GraphMPNN,10,0.44676828384399414,0.7705979347229004
[*]Oc1c(Cl)cc(NC(=O)NCCCCCCNC([*])=O)cc1Cl,*Oc1c(Cl)cc(NC(=O)NNSCCCCNC(*)=O)cc1Cl,Transformer,10,0.5561742782592773,0.21202325820922852
[*]CCCOC(=O)c1cccc(-c2cccc(C(=O)O[*])c2)c1,*OC(=O)c1cccc(-c2cccc(C(=O)OC[IH]S*)c2)c1,GraphMPNN,10,0.36412525177001953,0.2382678985595703
[*]CCCOC(=O)c1cccc(-c2cccc(C(=O)O[*])c2)c1,*CSCOC(=O)c1cccc(-c2cccc(C(=O)[IH]*)c2)c1,Transformer,10,0.298861026763916,0.03903818130493164
[*]C=C([*])c1cccc(C#C)c1,*I=C(*)c1cccc(C#I)c1,GraphMPNN,10,1.9616131782531738,0.0705263614654541
[*]C=C([*])c1cccc(C#C)c1,*N=[IH](*)c1cccc(C#N)c1,Transformer,10,0.726426362991333,1.946549892425537
[*]CCCCCCCCCCOC(=O)c1ccc(C=Cc2ccc(C(=O)O[*])cc2)cc1,*OC(=S)c1ccc(C=Cc2ccc(C(=O)OCCCCCCCCCS*)cc2)cc1,GraphMPNN,10,0.4921121597290039,0.13344287872314453
[*]CCCCCCCCCCOC(=O)c1ccc(C=Cc2ccc(C(=O)O[*])cc2)cc1,*CCSCCCCCCCOC(=O)c1ccc(C=Ic2ccc(C(=O)O*)cc2)cc1,Transformer,10,0.5415635108947754,0.4835202693939209
[*]c1cccc(N2C(=O)c3ccc(P(=O)(c4ccccc4)c4ccc5c(c4)C(=O)N([*])C5=O)cc3C2=O)c1,*c1cccc(N2C(=S)c3cc(P(=[IH])(c4ccccc4)c4ccc5c(c4)C(=O)N(*)C5=C)ccc3S2=O)c1,GraphMPNN,10,0.8756377696990967,0.42616915702819824
[*]c1cccc(N2C(=O)c3ccc(P(=O)(c4ccccc4)c4ccc5c(c4)C(=O)N([*])C5=O)cc3C2=O)c1,*c1cccc(N2C(=O)c3ccc(P(=O)(c4ccccc4)c4ccc5c(c4)C(=C)N(*)C5=[IH])cc3S2=O)c1,Transformer,10,0.3410511016845703,0.2116992473602295
[*]c1cccc(-c2nnc([*])o2)c1,[*]c1cccc(-c2nnc([*])o2)c1,GraphMPNN,10,0.0,0.0
[*]c1cccc(-c2nnc([*])o2)c1,[*]c1cccc(-c2nnc([*])o2)c1,Transformer,10,0.0,0.0
[*]CCCCCCCNC(=O)CCCCCCCCCCCCCCCCCCC(=O)N[*],*CCCCCCCNC(=O)CCCCCSCCCCCCCCCCC[IH]C(=O)N*,GraphMPNN,10,1.0452995300292969,0.21312618255615234
[*]CCCCCCCNC(=O)CCCCCCCCCCCCCCCCCCC(=O)N[*],*NC(=O)CCCCCNCCCCCCCCCCCCC(=O)NCCCCCCS*,Transformer,10,0.3522968292236328,0.9228858947753906
[*]CC(O[*])C1CC(F)(F)C1(F)F,*CC(N*)C1CC(F)(I)C1(F)F,GraphMPNN,10,1.7148056030273438,1.5131735801696777
[*]CC(O[*])C1CC(F)(F)C1(F)F,*CC(O*)C1NC(F)(S)C1(F)F,Transformer,10,1.9713959693908691,0.2261343002319336
[*]c1ccc(N2C(=O)c3ccc(P(=O)(c4ccccc4)c4ccc5c(c4)C(=O)N([*])C5=O)cc3C2=O)cc1,*c1ccc(N2C(=O)c3cc(I(=O)(c4ccccc4)c4ccc5c(c4)C(=O)C(*)C5=O)ccc3[IH]2=O)cc1,GraphMPNN,10,1.398547649383545,0.34990954399108887
[*]c1ccc(N2C(=O)c3ccc(P(=O)(c4ccccc4)c4ccc5c(c4)C(=O)N([*])C5=O)cc3C2=O)cc1,*c1ccc(C2C(=O)c3ccc(P(=O)(c4ccccc4)c4ccc5c(c4)C(=[IH])N(*)C5=O)cc3C2=O)cc1,Transformer,10,0.2464733123779297,0.4568471908569336
[*]CC1CCCC(CNC(=O)CCCCCCCCCCC(=O)N[*])C1,*CC1CC(CNC(=O)CCCCCCCCCCC(=[IH])N*)CC[IH]1,GraphMPNN,10,1.0421180725097656,0.1733841896057129
[*]CC1CCCC(CNC(=O)CCCCCCCCCCC(=O)N[*])C1,*CC1CC(CNC(=O)CSCCCCCCCCC(=O)N*)CCN1,Transformer,10,0.46968603134155273,0.8885855674743652
[*]Cc1ccc(COC(=O)C2CCC(C(=O)O[*])CC2)cc1,*OC(=C)C1CCC(C(=O)OCc2ccc(S*)cc2)CC1,GraphMPNN,10,0.6600375175476074,0.612213134765625
[*]Cc1ccc(COC(=O)C2CCC(C(=O)O[*])CC2)cc1,*Cc1ccc(COC(=O)C2CCC(C(=S)O*)CS2)cc1,Transformer,10,0.4877657890319824,0.9233951568603516
[*]Nc1cc([*])ccc1CCCCCCCCCCCC,*Oc1cc(*)ccc1CCCCCCCCCCCCl,GraphMPNN,10,0.8334498405456543,1.2226758003234863
[*]Nc1cc([*])ccc1CCCCCCCCCCCC,*Nc1cc(*)ccc1OCCCCCCCCCCF,Transformer,10,0.2989988327026367,0.24451351165771484
[*]OC(=O)CCS(=O)(=O)CCC([*])=O,*OC(=O)CCS(=O)(=S)SCC(*)=O,GraphMPNN,10,2.674682378768921,1.501479148864746
[*]OC(=O)CCS(=O)(=O)CCC([*])=O,*OC(=O)CCS(=N)(=O)CSC(*)=O,Transformer,10,0.7200331687927246,0.8818769454956055
[*]CCCCC(=O)NCCCCCCNC(=O)CCCCS[*],*CCCCC(=O)NSCCNCCNC(=O)CCCCS*,GraphMPNN,10,0.3708014488220215,0.1650075912475586
[*]CCCCC(=O)NCCCCCCNC(=O)CCCCS[*],*CCCCC(=O)SCCCCCCNC(=O)CCNCS*,Transformer,10,0.20708274841308594,0.1787128448486328
[*]NC(S1)=CC=C1C(C=C2)=CC=C2C(=S)[*],*Sc1ccc(S2=CI=C(C(*)=S)C=C2)s1,GraphMPNN,10,1.1158437728881836,0.5989224910736084
[*]NC(S1)=CC=C1C(C=C2)=CC=C2C(=S)[*],*Nc1ccc(C2=CC=[IH](C(*)=[IH])C=C2)s1,Transformer,10,1.0201642513275146,0.8757398128509521
[*]C=C([*])c1nc2ccccc2n1C,*C=[IH](*)c1nc2ccccc2n1F,GraphMPNN,10,1.70501708984375,0.14891314506530762
[*]C=C([*])c1nc2ccccc2n1C,*[SH]=[IH](*)c1nc2ccccc2n1C,Transformer,10,0.6138172149658203,1.6347126960754395
[*]C(=O)c1ccc(C(=O)N2CCN([*])CC2)cc1,*C(=O)c1ccc([IH](=O)N2OCN(*)C[IH]2)cc1,GraphMPNN,10,0.975801944732666,0.15144014358520508
[*]C(=O)c1ccc(C(=O)N2CCN([*])CC2)cc1,*C(=O)c1ccc(C(=O)N2CC[SH](*)CO2)cc1,Transformer,10,0.5556640625,0.20217299461364746
C([*])C(C)(C(=O)OCCCOC)([*]),*CC(*)(I)C(=O)SCCCOC,GraphMPNN,10,1.7678279876708984,1.3971548080444336
C([*])C(C)(C(=O)OCCCOC)([*]),*CC(*)(C)C(=O)NCSCOC,Transformer,10,1.265103816986084,1.034956932067871
[*]NC(S1)=CC=C1C(=O)O[*],*NC1=CI=C(C(=O)O*)[IH]1,GraphMPNN,10,1.7299647331237793,0.5432329177856445
[*]NC(S1)=CC=C1C(=O)O[*],*OC(=N)c1ccc(O*)s1,Transformer,10,0.9056463241577148,0.19907617568969727
[*]Nc1cc(OC)c([*])cc1OC,*Nc1cc(OC)c(*)cc1[IH]S,GraphMPNN,10,0.9081640243530273,0.09891319274902344
[*]Nc1cc(OC)c([*])cc1OC,*Nc1cc(SN)c(*)cc1OBr,Transformer,10,0.665837287902832,0.2627890110015869
[*]c1ccc(-c2nnc([*])o2)c(OCC)c1,*c1ccc(-c2nnc(*)o2)c([IH]CCl)c1,GraphMPNN,10,1.024517297744751,0.48934435844421387
[*]c1ccc(-c2nnc([*])o2)c(OCC)c1,*c1ccc(-c2nnc(*)o2)c(C[IH]C)c1,Transformer,10,0.4876852035522461,0.8496706485748291
[*]NC(=O)c1ccc(C(=O)Nc2ccc3c(c2)[nH]c(=O)c2cc([*])ccc23)cc1,*NS(=C)c1ccc(C(=O)[IH]c2ccc3c(c2)[nH]c(=O)c2cc(*)ccc23)cc1,GraphMPNN,10,0.6290442943572998,0.027249813079833984
[*]NC(=O)c1ccc(C(=O)Nc2ccc3c(c2)[nH]c(=O)c2cc([*])ccc23)cc1,*SC(=O)c1ccc(C(=O)Cc2ccc3c(c2)[nH]c(=O)c2cc(*)ccc23)cc1,Transformer,10,0.22023677825927734,0.3279845714569092
[*]CC(CC)(CC)CS[*],*CC(CC)(CS*)[IH]C,GraphMPNN,10,1.0462126731872559,0.6325960159301758
[*]CC(CC)(CC)CS[*],*CC(CC)(CS*)OC,Transformer,10,0.7867131233215332,0.03604412078857422
[*]c1cc(CCCCCCCCCCCC(=O)Oc2ccc([N+](=O)[O-])cc2)c([*])s1,*c1cc(CCCCCCCC[IH]CCC(=O)Oc2ccc([N+](=O)[O-])cc2)c(*)s1,GraphMPNN,10,0.5370709896087646,0.013822078704833984
[*]c1cc(CCCCCCCCCCCC(=O)Oc2ccc([N+](=O)[O-])cc2)c([*])s1,*c1cc(CCCCCCCCCNCC(=O)Sc2ccc([N+](=O)[O-])cc2)c(*)s1,Transformer,10,0.8224194049835205,0.21747326850891113
[*]c1ccc(C)c(N2CC(=O)N([*])CC2=O)c1,*c1ccc(C)c([SH]2CC(=O)I(*)CC2=O)c1,GraphMPNN,10,1.3180694580078125,0.532123327255249
[*]c1ccc(C)c(N2CC(=O)N([*])CC2=O)c1,*c1ccc(C)c(N2CS(=O)N(*)CC2=S)c1,Transformer,10,1.152933120727539,0.0028166770935058594
[*]Oc1ccc(CC(NC(=O)CCc2ccc(OC(=O)CCC([*])=O)cc2)C(=O)OC(C)CC)cc1,*Oc1ccc(CC(NC(=O)CCc2ccc(OC(=O)CNC(*)=O)cc2)[IH](=O)OC(C)CC)cc1,GraphMPNN,10,0.16533327102661133,0.17047882080078125
[*]Oc1ccc(CC(NC(=O)CCc2ccc(OC(=O)CCC([*])=O)cc2)C(=O)OC(C)CC)cc1,*Oc1ccc(CC(NC(=O)CCc2ccc(OC(=O)CCC(*)=O)cc2)C(=C)OC(I)CC)cc1,Transformer,10,0.1005406379699707,0.2814030647277832
[*]C(=O)Nc1ccc(NC(=O)c2ccc3c(c2)C(=O)N(c2ccc(Oc4ccc(N5C(=O)c6ccc([*])cc6C5=O)cc4)cc2)C3=O)cc1,[*]C(=O)Nc1ccc(NC(=O)c2ccc3c(c2)C(=O)N(c2ccc(Oc4ccc(N5C(=O)c6ccc([*])cc6C5=O)cc4)cc2)C3=O)cc1,GraphMPNN,10,0.0,0.0
[*]C(=O)Nc1ccc(NC(=O)c2ccc3c(c2)C(=O)N(c2ccc(Oc4ccc(N5C(=O)c6ccc([*])cc6C5=O)cc4)cc2)C3=O)cc1,*C(=O)Nc1ccc(NC(=O)c2ccc3c(c2)[IH](=[IH])N(c2ccc(Oc4ccc(N5C(=O)c6ccc(*)cc6C5=O)cc4)cc2)C3=O)cc1,Transformer,10,0.2283344268798828,0.10139179229736328
[*]CC(S1)=CC=C1OC(=S)[*],*Cc1ccc([IH]C(*)=O)s1,GraphMPNN,10,0.7938811779022217,0.483431339263916
[*]CC(S1)=CC=C1OC(=S)[*],*C[IH]1=IC=C(OC(*)=S)S1,Transformer,10,1.0086002349853516,0.40064358711242676
[*]CC([*])C(=O)N1CCOCC1,*CC(*)C(=C)N1CCOCN1,GraphMPNN,10,0.6569271087646484,0.2757301330566406
[*]CC([*])C(=O)N1CCOCC1,*CC(*)C(=S)N1CCOSC1,Transformer,10,1.2769536972045898,1.4650344848632812
O([*])C(=O)Oc1c(OC)cc(cc1)C(C)c1ccc(cc1)([*]),*NC(=O)Oc1ccc(C(I)c2ccc(*)cc2)cc1OC,GraphMPNN,10,0.5244040489196777,0.07424211502075195
O([*])C(=O)Oc1c(OC)cc(cc1)C(C)c1ccc(cc1)([*]),*NS(=O)Oc1ccc(C(Cl)c2ccc(*)cc2)cc1OC,Transformer,10,0.3232131004333496,0.7294821739196777
[*]Oc1ccc(NC(=O)c2cc(C(=O)Nc3ccc(Oc4ccc(C5(c6ccc([*])cc6)CC6CCC5C6)cc4)cc3)cc(C(C)(C)C)c2)cc1,*Oc1ccc(NC(=O)c2cc(C(=O)Nc3ccc([IH]c4ccc([IH]5(c6ccc(*)cc6)CC6CCC5C6)cc4)cc3)cc(C(C)(C)C)c2)cc1,GraphMPNN,10,0.36405515670776367,0.20681118965148926
[*]Oc1ccc(NC(=O)c2cc(C(=O)Nc3ccc(Oc4ccc(C5(c6ccc([*])cc6)CC6CCC5C6)cc4)cc3)cc(C(C)(C)C)c2)cc1,*Oc1ccc([IH]C(=O)c2cc(C(=O)Nc3ccc([IH]c4ccc(C5(c6ccc(*)cc6)CI6CCC5C6)cc4)cc3)cc(C(C)(C)Br)c2)cc1,Transformer,10,0.300323486328125,0.5585932731628418
[*]c1ccc2c(c1)c1cc([*])ccc1n2C(=O)NO,*c1ccc2c(c1)c1cc(*)ccc1n2S(=[IH])NO,GraphMPNN,10,0.6960408687591553,0.14535737037658691
[*]c1ccc2c(c1)c1cc([*])ccc1n2C(=O)NO,*c1ccc2c(c1)c1cc(*)ccc1n2[IH](=N)NF,Transformer,10,0.5290653705596924,1.181985855102539
[*]OC(=O)C(Cc1ccccc1)NC(=O)CCCCC(=O)NC(Cc1ccccc1)C(=O)OC1COC2C([*])COC12,*OC(=O)I(Cc1ccccc1)NC(=O)CCCCC(=S)NC(Cc1ccccc1)C(=O)OC1COC2C(*)COC12,GraphMPNN,10,0.6754260063171387,0.2650487422943115
[*]OC(=O)C(Cc1ccccc1)NC(=O)CCCCC(=O)NC(Cc1ccccc1)C(=O)OC1COC2C([*])COC12,*OC(=O)C(Cc1ccccc1)NC(=O)CCCCC(=O)SC(Cc1ccccc1)C(=O)OC1COC2C(*)SOC12,Transformer,10,0.42638087272644043,0.11640787124633789
[*]CCOCCOCCOC(=O)C=CC(=O)NCCCCCCNC(=O)C=CC(=O)O[*],*CCOCCOCCOC(=S)C=CC(=O)NCCCCCCNC(=S)C=CC(=O)O*,GraphMPNN,10,0.7895627021789551,0.2805356979370117
[*]CCOCCOCCOC(=O)C=CC(=O)NCCCCCCNC(=O)C=CC(=O)O[*],*CCOC[IH]OCCOC(=O)C=CC(=O)NCCCSCCNC(=O)C=CC(=O)O*,Transformer,10,0.20918750762939453,0.22716951370239258
[*]CCCCc1nc2cc3sc([*])nc3cc2s1,*SSSNc1nc2cc3sc(*)nc3cc2s1,GraphMPNN,10,0.6566076278686523,0.0798180103302002
[*]CCCCc1nc2cc3sc([*])nc3cc2s1,*[IH][IH]CCc1nc2cc3sc(*)nc3cc2s1,Transformer,10,1.1590588092803955,0.8392786979675293
[*]CC([*])C(=O)NCO,*OC(*)C(=O)NOO,GraphMPNN,10,0.6472601890563965,0.6091904640197754
[*]CC([*])C(=O)NCO,*C[SH](*)C(=O)NCS,Transformer,10,1.3546791076660156,0.5959024429321289
[*]CC([*])n1c2ccc(I)cc2c2cc(I)ccc21,*CN(*)n1c2ccc(O)cc2c2cc(S)ccc21,GraphMPNN,10,0.4255228042602539,0.4952688217163086
[*]CC([*])n1c2ccc(I)cc2c2cc(I)ccc21,*SC(*)n1c2ccc(F)cc2c2cc(Cl)ccc21,Transformer,10,0.2218480110168457,0.2089245319366455
[*]Oc1ccc(C(C)(C)c2ccc(Oc3nc([*])nc(Cl)n3)cc2)cc1,*Oc1ccc(S(C)(Br)c2ccc(Nc3nc(*)nc(Cl)n3)cc2)cc1,GraphMPNN,10,0.659693717956543,0.30959415435791016
[*]Oc1ccc(C(C)(C)c2ccc(Oc3nc([*])nc(Cl)n3)cc2)cc1,*[IH]c1ccc(C(Br)(I)c2ccc(Oc3nc(*)nc(Cl)n3)cc2)cc1,Transformer,10,0.37099456787109375,0.029011249542236328
[*]C=CC1CC([*])C2CC=CC12,*C=CC1CC(*)[SH]2CC=CN12,GraphMPNN,10,0.6524748802185059,0.82167649269104
[*]C=CC1CC([*])C2CC=CC12,*C=CC1S[SH](*)C2CC=CC12,Transformer,10,1.981170892715454,0.5781059265136719
[*]c1nc2ccc(-c3ccc4nc(-c5cccc6cc7c([*])cccc7cc56)sc4c3)cc2s1,[*]c1nc2ccc(-c3ccc4nc(-c5cccc6cc7c([*])cccc7cc56)sc4c3)cc2s1,GraphMPNN,10,0.0,0.0
[*]c1nc2ccc(-c3ccc4nc(-c5cccc6cc7c([*])cccc7cc56)sc4c3)cc2s1,[*]c1nc2ccc(-c3ccc4nc(-c5cccc6cc7c([*])cccc7cc56)sc4c3)cc2s1,Transformer,10,0.0,0.0
[*]C(S1)=CC=C1C(=S)C(S2)=CC=C2O[*],*[IH]c1ccc(C(=S)[IH]2=CC=C(*)S2)s1,GraphMPNN,10,1.9249155521392822,0.7930393218994141
[*]C(S1)=CC=C1C(=S)C(S2)=CC=C2O[*],*Oc1ccc(C(=C)C2=CC=C(*)[IH]2)s1,Transformer,10,0.9853086471557617,1.0656440258026123
[*]Oc1ccc(CC(NC(=O)CCc2ccc(OC(=O)CCCCCCC([*])=O)cc2)C(=O)OC(C)C)cc1,*Oc1ccc(CC([IH]C(=O)CCc2ccc(OC(=O)CCCCCCC(*)=C)cc2)C(=O)OC(C)C)cc1,GraphMPNN,10,0.3167390823364258,0.7451381683349609
[*]Oc1ccc(CC(NC(=O)CCc2ccc(OC(=O)CCCCCCC([*])=O)cc2)C(=O)OC(C)C)cc1,*Oc1ccc(CC(NC(=O)CCc2ccc(OC(=O)CSCCCCC(*)=N)cc2)C(=O)OC(C)C)cc1,Transformer,10,0.4930000305175781,0.2771334648132324
[*]C=CC1CC([*])C(C(=O)OC)C1,*C=CC1CC(*)C(C(=O)SBr)C1,GraphMPNN,10,2.2460975646972656,1.6333751678466797
[*]C=CC1CC([*])C(C(=O)OC)C1,*C=CC1CC(C(=S)OC)C(*)S1,Transformer,10,1.593660831451416,1.3348793983459473
[*]NC(c1ccccc1)C(C)(C)C([*])=O,*NC(c1ccccc1)C(C)(Br)C(*)=O,GraphMPNN,10,0.8283390998840332,0.5346126556396484
[*]NC(c1ccccc1)C(C)(C)C([*])=O,*NC(c1ccccc1)S(C)(C)C(*)=N,Transformer,10,1.8323678970336914,0.08531999588012695
[*]CNC(=O)CCCCCCCCC(=O)N[*],*NC(=O)CSCCCOCCC(=O)[IH]S*,GraphMPNN,20,1.813438892364502,0.7623686790466309
[*]CNC(=O)CCCCCCCCC(=O)N[*],*NC(=O)CCCSCCCCC(=S)S[IH]*,Transformer,20,1.423783302307129,1.2917203903198242
[*]Oc1ccc(CC(NC(=O)CCc2ccc(OC(=O)CCCCCCC([*])=O)cc2)C(=O)OC)cc1,*Oc1ccc(CC(NC(=O)CCc2ccc(OC(=O)CCCC[IH][IH]C(*)=O)cc2)C(=S)OS)cc1,GraphMPNN,20,1.031101942062378,0.4985847473144531
[*]Oc1ccc(CC(NC(=O)CCc2ccc(OC(=O)CCCCCCC([*])=O)cc2)C(=O)OC)cc1,*[IH]c1ccc(CC(CC(=O)CCc2ccc(OC(=O)CCCCC[IH]C(*)=O)cc2)C(=[IH])OC)cc1,Transformer,20,0.8947858810424805,0.19452905654907227
[*]CCOCCOCCOc1cccc(NC(=O)c2cccc(C(=O)Nc3cccc(O[*])c3)c2)c1,*CCOCC[IH]C[IH]Oc1cccc(N[IH](=O)c2cccc(C(=O)[IH]c3cccc(O*)c3)c2)c1,GraphMPNN,20,1.0366239547729492,0.19350981712341309
[*]CCOCCOCCOc1cccc(NC(=O)c2cccc(C(=O)Nc3cccc(O[*])c3)c2)c1,*NC[IH]CCOCCOc1cccc(NC(=O)c2cccc(C(=[IH])Nc3cccc(O*)c3)c2)c1,Transformer,20,0.47301793098449707,0.07671928405761719
[*]CC1CCC(COC(=O)CCCC(=O)O[*])CC1,*OC(=O)CSCC(=O)OCC1CCI([IH]*)CC1,GraphMPNN,20,1.870053768157959,0.8484339714050293
[*]CC1CCC(COC(=O)CCCC(=O)O[*])CC1,*CC1CCC(NOC(=O)CSCC(=C)O*)NC1,Transformer,20,1.304004192352295,1.5466203689575195
[*]C(C=C1)=CC=C1C(=S)C(S2)=CC=C2O[*],*N[IH]1=CC=[IH](C(=S)c2ccc(*)cc2)C1,GraphMPNN,20,1.705747127532959,0.6978707313537598
[*]C(C=C1)=CC=C1C(=S)C(S2)=CC=C2O[*],*Oc1ncc([IH](=[IH])c2ccc(*)cc2)s1,Transformer,20,0.9699816703796387,0.2805030345916748
[*]C(=O)Nc1cccc(NC(=O)c2ccc3[nH]c(-c4cccc(-c5nc6cc([*])ccc6[nH]5)c4)nc3c2)n1,*C(=O)[IH]c1cccc(N[IH](=S)c2ccc3[nH]c(-c4cccc(-c5nc6cc(*)ccc6[nH]5)c4)nc3c2)n1,GraphMPNN,20,0.44686126708984375,0.22407913208007812
[*]C(=O)Nc1cccc(NC(=O)c2ccc3[nH]c(-c4cccc(-c5nc6cc([*])ccc6[nH]5)c4)nc3c2)n1,[*]C(=O)Nc1cccc(NC(=O)c2ccc3[nH]c(-c4cccc(-c5nc6cc([*])ccc6[nH]5)c4)nc3c2)n1,Transformer,20,0.0,0.0
[*]Oc1c(Cl)cc(NC(=O)NCCCCCCNC([*])=O)cc1Cl,*Oc1c(S)cc(NC(=O)NSCSCCCNC(*)=S)cc1Cl,GraphMPNN,20,0.834740161895752,1.0257208347320557
[*]Oc1c(Cl)cc(NC(=O)NCCCCCCNC([*])=O)cc1Cl,*Oc1c(S)cc(NC(=S)NCCCC[IH]CNC(*)=O)cc1Br,Transformer,20,1.1726620197296143,0.26290035247802734
[*]CCCOC(=O)c1cccc(-c2cccc(C(=O)O[*])c2)c1,*OC(=O)c1cccc(-c2cccc(C(=O)[IH]CC[IH]*)c2)c1,GraphMPNN,20,0.5831146240234375,0.2771017551422119
[*]CCCOC(=O)c1cccc(-c2cccc(C(=O)O[*])c2)c1,*CCCSC(=N)c1cccc(-c2cccc(C(=[IH])[IH]*)c2)c1,Transformer,20,1.4875195026397705,0.11173677444458008
[*]C=C([*])c1cccc(C#C)c1,*C=[IH](*)c1cccc(C#I)c1,GraphMPNN,20,2.2414488792419434,0.14589142799377441
[*]C=C([*])c1cccc(C#C)c1,[*]C=C([*])c1cccc(C#C)c1,Transformer,20,0.0,0.0
[*]CCCCCCCCCCOC(=O)c1ccc(C=Cc2ccc(C(=O)O[*])cc2)cc1,*NSCNCCCCCCO[IH](=O)c1ccc(C=Cc2ccc(C(=O)O*)cc2)cc1,GraphMPNN,20,0.23248791694641113,0.18718194961547852
[*]CCCCCCCCCCOC(=O)c1ccc(C=Cc2ccc(C(=O)O[*])cc2)cc1,*CNCCCCCCOOOC(=O)c1ccc(C=Cc2ccc(C(=O)O*)cc2)cc1,Transformer,20,0.6991310119628906,0.053209781646728516
[*]c1cccc(N2C(=O)c3ccc(P(=O)(c4ccccc4)c4ccc5c(c4)C(=O)N([*])C5=O)cc3C2=O)c1,*c1cccc(N2[IH](=N)c3cc(I(=O)(c4ccccc4)c4ccc5c(c4)[IH](=O)N(*)[IH]5=O)ccc3[IH]2=O)c1,GraphMPNN,20,2.241412878036499,0.3205277919769287
[*]c1cccc(N2C(=O)c3ccc(P(=O)(c4ccccc4)c4ccc5c(c4)C(=O)N([*])C5=O)cc3C2=O)c1,*c1cccc(C2C(=N)c3ccc([SH](=O)(c4ccccc4)c4ccc5c(=C)n(*)c(=C)c5c4)cc3C2=[IH])c1,Transformer,20,0.7707595825195312,0.27405714988708496
[*]c1cccc(-c2nnc([*])o2)c1,[*]c1cccc(-c2nnc([*])o2)c1,GraphMPNN,20,0.0,0.0
[*]c1cccc(-c2nnc([*])o2)c1,[*]c1cccc(-c2nnc([*])o2)c1,Transformer,20,0.0,0.0
[*]CCCCCCCNC(=O)CCCCCCCCCCCCCCCCCCC(=O)N[*],*CC[IH]COCCNC(=[IH])CCCCOCCCCCCCCCCCCCC(=O)N*,GraphMPNN,20,1.1329169273376465,0.0005846023559570312
[*]CCCCCCCNC(=O)CCCCCCCCCCCCCCCCCCC(=O)N[*],*CCCNCCCNC(=N)CCCCCCCCCSCCCSCCCCC(=O)N*,Transformer,20,0.9961709976196289,1.1195611953735352
[*]CC(O[*])C1CC(F)(F)C1(F)F,*C[SH]([IH]*)C1CS(F)(Br)C1(F)F,GraphMPNN,20,2.474905014038086,2.0039143562316895
[*]CC(O[*])C1CC(F)(F)C1(F)F,*CN(O*)C1CC(F)(Br)S1(N)F,Transformer,20,2.764214515686035,1.3766117095947266
[*]c1ccc(N2C(=O)c3ccc(P(=O)(c4ccccc4)c4ccc5c(c4)C(=O)N([*])C5=O)cc3C2=O)cc1,*c1ccc(I2C(=O)c3ccc([SH](=O)(c4ccccc4)c4ccc5c(c4)C(=O)C(*)[IH]5=O)cc3C2=O)cc1,GraphMPNN,20,1.510056495666504,0.27785825729370117
[*]c1ccc(N2C(=O)c3ccc(P(=O)(c4ccccc4)c4ccc5c(c4)C(=O)N([*])C5=O)cc3C2=O)cc1,*c1ccc([SH]2C(=O)c3ccc([SH](=C)(c4ccccc4)c4ccc5c(c4)C(=C)N(*)C5=[IH])cc3C2=O)cc1,Transformer,20,0.5162556171417236,0.6452016830444336
[*]CC1CCCC(CNC(=O)CCCCCCCCCCC(=O)N[*])C1,*NC(=O)CSCCCCCCCCC(=[IH])NCN1CCCC(S*)C1,GraphMPNN,20,1.5859160423278809,1.013658046722412
[*]CC1CCCC(CNC(=O)CCCCCCCCCCC(=O)N[*])C1,*CI1CCCC(SNC(=S)CCCCCSCCCCC(=O)N*)C1,Transformer,20,1.5642762184143066,1.513608455657959
[*]Cc1ccc(COC(=O)C2CCC(C(=O)O[*])CC2)cc1,*Nc1ccc(SSC(=O)N2CCC(C(=O)O*)CC2)cc1,GraphMPNN,20,1.4484643936157227,0.689795970916748
[*]Cc1ccc(COC(=O)C2CCC(C(=O)O[*])CC2)cc1,*CC(=C)C1CSC(C(=O)OCc2ccc(C*)cc2)SC1,Transformer,20,0.9634909629821777,0.8298959732055664
[*]Nc1cc([*])ccc1CCCCCCCCCCCC,*[IH]c1cc(*)ccc1CCC[IH]CCCCCCCCl,GraphMPNN,20,1.1558918952941895,1.3649787902832031
[*]Nc1cc([*])ccc1CCCCCCCCCCCC,*Nc1cc(*)ccc1CSCC[IH]CCCCNCC,Transformer,20,0.5681090354919434,0.1667041778564453
[*]OC(=O)CCS(=O)(=O)CCC([*])=O,*O[IH+]([O-])OCS(=O)(=[IH])CCC(*)=[IH],GraphMPNN,20,3.3871912956237793,1.0903034210205078
[*]OC(=O)CCS(=O)(=O)CCC([*])=O,*SC(=S)CCS(=O)(=S)CCC(*)=S,Transformer,20,3.767707109451294,2.743349313735962
[*]CCCCC(=O)NCCCCCCNC(=O)CCCCS[*],*CCCCC(=S)NCCOCCCNC(=S)CSCCS*,GraphMPNN,20,0.823674201965332,0.4221181869506836
[*]CCCCC(=O)NCCCCCCNC(=O)CCCCS[*],*NCCCC(=O)NCCSCSCNC(=O)CCSCS*,Transformer,20,0.7143192291259766,0.4554004669189453
[*]NC(S1)=CC=C1C(C=C2)=CC=C2C(=S)[*],*Nc1ccc(-c2ccc([IH](*)=O)cc2)s1,GraphMPNN,20,1.0626168251037598,0.6006455421447754
[*]NC(S1)=CC=C1C(C=C2)=CC=C2C(=S)[*],*Oc1ccc(-c2ccc(S(*)=O)cc2)s1,Transformer,20,0.7874763011932373,0.9370880126953125
[*]C=C([*])c1nc2ccccc2n1C,*C=[IH](*)c1nc2ccccc2n1I,GraphMPNN,20,1.8663926124572754,0.10320138931274414
[*]C=C([*])c1nc2ccccc2n1C,*[SH]=C(*)c1nc2ccccc2n1C,Transformer,20,0.6671855449676514,0.6289644241333008
[*]C(=O)c1ccc(C(=O)N2CCN([*])CC2)cc1,*I1CCI([IH](=O)c2ccc([IH](*)=C)cc2)CC1,GraphMPNN,20,2.174564838409424,0.3888728618621826
[*]C(=O)c1ccc(C(=O)N2CCN([*])CC2)cc1,*C(=[IH])c1ccc(C(=[IH])N2CSN(*)CS2)cc1,Transformer,20,1.3375303745269775,0.08270645141601562
C([*])C(C)(C(=O)OCCCOC)([*]),*CC(*)(C)C(=O)OSSCOC,GraphMPNN,20,1.5383434295654297,1.3989448547363281
C([*])C(C)(C(=O)OCCCOC)([*]),*CC(*)(C)C(=S)OCCNNBr,Transformer,20,2.1477975845336914,1.4247264862060547
[*]NC(S1)=CC=C1C(=O)O[*],*OC(=O)C1=CI=C(O*)[IH]1,GraphMPNN,20,1.8883800506591797,1.1940131187438965
[*]NC(S1)=CC=C1C(=O)O[*],*NC1=CC=C(C(=O)O*)[IH]1,Transformer,20,1.1357932090759277,0.9418196678161621
[*]Nc1cc(OC)c([*])cc1OC,*[IH]c1cc([IH]C)c(*)cc1[IH]C,GraphMPNN,20,3.048630714416504,0.348114013671875
[*]Nc1cc(OC)c([*])cc1OC,*Nc1cc(SC)c(*)cc1OS,Transformer,20,0.37652158737182617,0.09143590927124023
[*]c1ccc(-c2nnc([*])o2)c(OCC)c1,*c1ccc(-c2nnc(*)o2)c([IH][IH]I)c1,GraphMPNN,20,3.260518789291382,0.2449359893798828
[*]c1ccc(-c2nnc([*])o2)c(OCC)c1,*c1ccc(-c2nnc(*)o2)c(CCC)c1,Transformer,20,0.3033146858215332,0.23839497566223145
[*]NC(=O)c1ccc(C(=O)Nc2ccc3c(c2)[nH]c(=O)c2cc([*])ccc23)cc1,*[IH]C(=O)c1ccc(C(=[IH])Cc2ccc3c(c2)[nH]c(=[IH])c2cc(*)ccc23)cc1,GraphMPNN,20,0.820220947265625,0.17467713356018066
[*]NC(=O)c1ccc(C(=O)Nc2ccc3c(c2)[nH]c(=O)c2cc([*])ccc23)cc1,*CS(=O)c1ccc(C(=O)Oc2ccc3c(c2)O[IH](=C)c2cc(*)ccc2-3)cc1,Transformer,20,0.6790919303894043,0.7750833034515381
[*]CC(CC)(CC)CS[*],*C[IH](CC)(CI)C[IH]*,GraphMPNN,20,1.9206123352050781,1.8419699668884277
[*]CC(CC)(CC)CS[*],*CC(CC)(CCl)C[IH]*,Transformer,20,2.2749996185302734,1.3164825439453125
[*]c1cc(CCCCCCCCCCCC(=O)Oc2ccc([N+](=O)[O-])cc2)c([*])s1,*c1cc(C[IH]CNCCCC[IH]CCC(=O)Sc2ccc([N+](=O)[O-])cc2)c(*)s1,GraphMPNN,20,0.8634738922119141,0.9929237365722656
[*]c1cc(CCCCCCCCCCCC(=O)Oc2ccc([N+](=O)[O-])cc2)c([*])s1,*c1cc(OCNCCCCCSC[IH]C(=O)Oc2ccc([N+](=O)[O-])cc2)c(*)s1,Transformer,20,1.242706298828125,0.6032378673553467
[*]c1ccc(C)c(N2CC(=O)N([*])CC2=O)c1,*c1ccc(N)c(N2CS(=[IH])N(*)NC2=S)c1,GraphMPNN,20,1.2105035781860352,1.7316477298736572
[*]c1ccc(C)c(N2CC(=O)N([*])CC2=O)c1,*c1ccc(C)c(I2CC(=N)N(*)CC2=S)c1,Transformer,20,1.7939386367797852,1.085507869720459
[*]Oc1ccc(CC(NC(=O)CCc2ccc(OC(=O)CCC([*])=O)cc2)C(=O)OC(C)CC)cc1,*[IH]c1ccc(NC(NC(=N)CCc2ccc(OC(=O)CCC(*)=O)cc2)C(=S)OC(C)CC)cc1,GraphMPNN,20,0.5451240539550781,0.4731452465057373
[*]Oc1ccc(CC(NC(=O)CCc2ccc(OC(=O)CCC([*])=O)cc2)C(=O)OC(C)CC)cc1,*Nc1ccc(CC(NC(=O)CCc2ccc(OC(=O)CSC(*)=O)cc2)C(=N)[IH]C(C)CC)cc1,Transformer,20,0.9783270359039307,0.5929117202758789
[*]C(=O)Nc1ccc(NC(=O)c2ccc3c(c2)C(=O)N(c2ccc(Oc4ccc(N5C(=O)c6ccc([*])cc6C5=O)cc4)cc2)C3=O)cc1,*c1ccc2c(c1)[IH](=O)N(c1ccc(Sc3ccc(N4C(=O)c5ccc(C(=[IH])[IH]c6ccc(N[IH](*)=O)cc6)cc5C4=O)cc3)cc1)C2=[IH],GraphMPNN,20,0.9953248500823975,0.22956061363220215
[*]C(=O)Nc1ccc(NC(=O)c2ccc3c(c2)C(=O)N(c2ccc(Oc4ccc(N5C(=O)c6ccc([*])cc6C5=O)cc4)cc2)C3=O)cc1,*c1ccc2c(c1)S(=O)C(c1ccc(Oc3ccc(I4C(=C)c5cc(C(=C)Nc6ccc(NS(*)=O)cc6)ccc5[IH]4=O)cc3)cc1)C2=O,Transformer,20,0.4198131561279297,0.47414159774780273
[*]CC(S1)=CC=C1OC(=S)[*],*CC1=CC=S(NC(*)=S)S1,GraphMPNN,20,0.9846274852752686,1.1014196872711182
[*]CC(S1)=CC=C1OC(=S)[*],*[IH]C1=[SH]C=S([IH]C(*)=S)S1,Transformer,20,1.3073208332061768,0.8225090503692627
[*]CC([*])C(=O)N1CCOCC1,*CC(*)C(=S)N1CCCSS1,GraphMPNN,20,1.6980488300323486,2.0896832942962646
[*]CC([*])C(=O)N1CCOCC1,*NC(*)C(=[IH])N1CCSCS1,Transformer,20,2.1345455646514893,0.8080916404724121
O([*])C(=O)Oc1c(OC)cc(cc1)C(C)c1ccc(cc1)([*]),*OS(=S)Oc1ccc(N(C)c2ccc(*)cc2)cc1OCl,GraphMPNN,20,1.3179867267608643,0.26324939727783203
O([*])C(=O)Oc1c(OC)cc(cc1)C(C)c1ccc(cc1)([*]),*OS(=O)Sc1ccc(C(C)c2ccc(*)cc2)cc1SS,Transformer,20,0.5905134677886963,0.8415136337280273
[*]Oc1ccc(NC(=O)c2cc(C(=O)Nc3ccc(Oc4ccc(C5(c6ccc([*])cc6)CC6CCC5C6)cc4)cc3)cc(C(C)(C)C)c2)cc1,*Oc1ccc(NC(=O)c2cc(C(=[IH])[IH]c3ccc(Cc4ccc(C5(c6ccc(*)cc6)CC6CCC5C6)cc4)cc3)cc(C(C)(C)C)c2)cc1,GraphMPNN,20,0.4425678253173828,0.22928667068481445
[*]Oc1ccc(NC(=O)c2cc(C(=O)Nc3ccc(Oc4ccc(C5(c6ccc([*])cc6)CC6CCC5C6)cc4)cc3)cc(C(C)(C)C)c2)cc1,*Nc1ccc(NC(=[IH])c2cc(C(=S)Nc3ccc(Oc4ccc(C5(c6ccc(*)cc6)CC6CNC5C6)cc4)cc3)cc(C(C)(C)Cl)c2)cc1,Transformer,20,0.7537493705749512,0.2125377655029297
[*]c1ccc2c(c1)c1cc([*])ccc1n2C(=O)NO,*c1ccc2c(c1)c1cc(*)ccc1n2[IH](=C)NF,GraphMPNN,20,1.1962494850158691,0.6064555644989014
[*]c1ccc2c(c1)c1cc([*])ccc1n2C(=O)NO,*c1ccc2c(c1)c1cc(*)ccc1n2C(=N)[IH]C,Transformer,20,0.6306743621826172,0.6380329132080078
[*]OC(=O)C(Cc1ccccc1)NC(=O)CCCCC(=O)NC(Cc1ccccc1)C(=O)OC1COC2C([*])COC12,*O[IH](=[IH])C(Cc1ccccc1)NC(=O)CCCCC(=C)NC(Cc1ccccc1)S(=O)OC1CON2C(*)COC12,GraphMPNN,20,1.7218704223632812,0.26003313064575195
[*]OC(=O)C(Cc1ccccc1)NC(=O)CCCCC(=O)NC(Cc1ccccc1)C(=O)OC1COC2C([*])COC12,*OC(=O)C(NC(=O)CCCCC(=C)NC(Cc1ccccc1)C(=N)OC1COC2C(*)COC12)[IH]c1ccccc1,Transformer,20,0.8610589504241943,0.6304311752319336
[*]CCOCCOCCOC(=O)C=CC(=O)NCCCCCCNC(=O)C=CC(=O)O[*],*CCOCCOCCOS(=[IH])C=CC(=S)NCCCCCCNC(=O)C=CC(=O)N*,GraphMPNN,20,1.2936015129089355,0.5430483818054199
[*]CCOCCOCCOC(=O)C=CC(=O)NCCCCCCNC(=O)C=CC(=O)O[*],*CCOCCOCCCS(=O)C=CC(=O)NCCCSC[IH]NC(=O)C=CC(=O)O*,Transformer,20,0.5716171264648438,0.11164474487304688
[*]CCCCc1nc2cc3sc([*])nc3cc2s1,*[IH][IH]NNc1nc2cc3sc(*)nc3cc2s1,GraphMPNN,20,0.7882633209228516,0.40294742584228516
[*]CCCCc1nc2cc3sc([*])nc3cc2s1,*[IH][IH]CCc1nc2cc3sc(*)nc3cc2s1,Transformer,20,1.1590590476989746,0.8392786979675293
[*]CC([*])C(=O)NCO,*SN(*)C(=C)NCO,GraphMPNN,20,1.870593786239624,1.5562701225280762
[*]CC([*])C(=O)NCO,*NC(*)C(=S)N[IH]Br,Transformer,20,3.3130807876586914,1.3371610641479492
[*]CC([*])n1c2ccc(I)cc2c2cc(I)ccc21,*CI(*)n1c2ccc(C)cc2c2cc(C)ccc21,GraphMPNN,20,0.44580698013305664,0.0842890739440918
[*]CC([*])n1c2ccc(I)cc2c2cc(I)ccc21,*ON(*)n1c2ccc(O)cc2c2cc(O)ccc21,Transformer,20,0.6590218544006348,0.39887070655822754
[*]Oc1ccc(C(C)(C)c2ccc(Oc3nc([*])nc(Cl)n3)cc2)cc1,*Oc1ccc([IH](Br)(I)c2ccc(Oc3nc(*)nc(F)n3)cc2)cc1,GraphMPNN,20,0.9005889892578125,0.28984785079956055
[*]Oc1ccc(C(C)(C)c2ccc(Oc3nc([*])nc(Cl)n3)cc2)cc1,*Nc1ccc(S(C)(I)c2ccc(Nc3nc(*)nc(Cl)n3)cc2)cc1,Transformer,20,0.7103557586669922,1.2360093593597412
[*]C=CC1CC([*])C2CC=CC12,*C=CC1O[SH](*)I2CC=C[SH]12,GraphMPNN,20,1.1260509490966797,1.0054442882537842
[*]C=CC1CC([*])C2CC=CC12,*C=CC1SC(*)C2CC=CI12,Transformer,20,1.9792275428771973,0.09095907211303711
[*]c1nc2ccc(-c3ccc4nc(-c5cccc6cc7c([*])cccc7cc56)sc4c3)cc2s1,[*]c1nc2ccc(-c3ccc4nc(-c5cccc6cc7c([*])cccc7cc56)sc4c3)cc2s1,GraphMPNN,20,0.0,0.0
[*]c1nc2ccc(-c3ccc4nc(-c5cccc6cc7c([*])cccc7cc56)sc4c3)cc2s1,[*]c1nc2ccc(-c3ccc4nc(-c5cccc6cc7c([*])cccc7cc56)sc4c3)cc2s1,Transformer,20,0.0,0.0
[*]C(S1)=CC=C1C(=S)C(S2)=CC=C2O[*],*CS1=CC=C(C(=S)c2ccc(*)s2)S1,GraphMPNN,20,1.0165939331054688,0.42412400245666504
[*]C(S1)=CC=C1C(=S)C(S2)=CC=C2O[*],*OS1=IC=S(S(=S)c2ccc(*)s2)S1,Transformer,20,0.43915772438049316,0.6231184005737305
[*]Oc1ccc(CC(NC(=O)CCc2ccc(OC(=O)CCCCCCC([*])=O)cc2)C(=O)OC(C)C)cc1,*Nc1ccc(CC(NC(=O)CCc2ccc(OC(=S)CSCCCCC(*)=S)cc2)C(=O)OC(C)C)cc1,GraphMPNN,20,1.0899577140808105,0.9026021957397461
[*]Oc1ccc(CC(NC(=O)CCc2ccc(OC(=O)CCCCCCC([*])=O)cc2)C(=O)OC(C)C)cc1,*Oc1ccc(CC(SC(=O)CCc2ccc(OC(=O)CCCCSCC(*)=O)cc2)C(=S)OC(C)S)cc1,Transformer,20,0.6767230033874512,0.5663528442382812
[*]C=CC1CC([*])C(C(=O)OC)C1,*C=C[SH]1CC(*)C(C(=S)NCl)C1,GraphMPNN,20,1.5174667835235596,2.4610955715179443
[*]C=CC1CC([*])C(C(=O)OC)C1,*C=CI1CC(C(=[IH])OC)C(*)S1,Transformer,20,1.545072078704834,0.3092484474182129
[*]NC(c1ccccc1)C(C)(C)C([*])=O,*SI(c1ccccc1)C(C)(C)[IH](*)=[IH],GraphMPNN,20,1.8406293392181396,1.747744083404541
[*]NC(c1ccccc1)C(C)(C)C([*])=O,*NC(c1ccccc1)S(C)(Cl)C(*)=C,Transformer,20,1.9074740409851074,0.015197277069091797
[*]CNC(=O)CCCCCCCCC(=O)N[*],*CNC(=S)SCNSSCCCC(=[IH])N*,GraphMPNN,50,1.5485920906066895,2.3802592754364014
[*]CNC(=O)CCCCCCCCC(=O)N[*],*NS(=[IH])SCCNCNSS[IH](=[IH])NS*,Transformer,50,3.1376986503601074,2.7097043991088867
[*]Oc1ccc(CC(NC(=O)CCc2ccc(OC(=O)CCCCCCC([*])=O)cc2)C(=O)OC)cc1,*Nc1ccc(SC(NC(=[IH])SCc2ccc(OC(=O)CSCCCCS(*)=[IH])cc2)C(=S)OO)cc1,GraphMPNN,50,1.6571574211120605,0.8879446983337402
[*]Oc1ccc(CC(NC(=O)CCc2ccc(OC(=O)CCCCCCC([*])=O)cc2)C(=O)OC)cc1,*Nc1ccc(CC(NC(=N)CNc2ccc(OC(=S)CSCCCCS(*)=C)cc2)S(=S)[IH]C)cc1,Transformer,50,1.6474168300628662,1.0029006004333496
[*]CCOCCOCCOc1cccc(NC(=O)c2cccc(C(=O)Nc3cccc(O[*])c3)c2)c1,*Oc1cccc([IH]C(=O)c2cccc([IH](=N)Cc3cccc(OC[IH]N[IH]C[IH]C[IH]*)c3)c2)c1,GraphMPNN,50,1.366044521331787,0.07184672355651855
[*]CCOCCOCCOc1cccc(NC(=O)c2cccc(C(=O)Nc3cccc(O[*])c3)c2)c1,*N[IH][IH][IH]CNCC[IH]c1cccc(NC(=N)c2cccc(C(=C)Nc3cccc([IH]*)c3)c2)c1,Transformer,50,1.3360843658447266,0.9304466247558594
[*]CC1CCC(COC(=O)CCCC(=O)O[*])CC1,*NS(=S)CCS[IH](=[IH])[IH]SC1CC[SH](S*)CC1,GraphMPNN,50,5.250430107116699,3.2463958263397217
[*]CC1CCC(COC(=O)CCCC(=O)O[*])CC1,*OC(=S)S[IH][IH]S(=S)OSC1CCC(S*)SS1,Transformer,50,2.4824271202087402,2.848127603530884
[*]C(C=C1)=CC=C1C(=S)C(S2)=CC=C2O[*],*[IH]c1ccc([IH](=C)[IH]2=CC=[IH](*)C=C2)s1,GraphMPNN,50,2.7849740982055664,0.5714993476867676
[*]C(C=C1)=CC=C1C(=S)C(S2)=CC=C2O[*],*Oc1ccc(C(=S)c2ccc(*)nc2)s1,Transformer,50,0.799952507019043,0.01883411407470703
[*]C(=O)Nc1cccc(NC(=O)c2ccc3[nH]c(-c4cccc(-c5nc6cc([*])ccc6[nH]5)c4)nc3c2)n1,*c1ccc2[nH]c(-c3cccc(-c4nc5cc(C(=O)Nc6cccc(NS(*)=[IH])n6)ccc5[nH]4)c3)nc2c1,GraphMPNN,50,0.6589491367340088,0.004923105239868164
[*]C(=O)Nc1cccc(NC(=O)c2ccc3[nH]c(-c4cccc(-c5nc6cc([*])ccc6[nH]5)c4)nc3c2)n1,*C(=C)Cc1cccc([IH][IH](=C)c2ccc3[nH]c(-c4cccc(-c5nc6cc(*)ccc6[nH]5)c4)nc3c2)n1,Transformer,50,1.0720717906951904,0.28908371925354004
[*]Oc1c(Cl)cc(NC(=O)NCCCCCCNC([*])=O)cc1Cl,*Sc1c(O)cc(NC(=O)NSSSCOSNC(*)=O)cc1O,GraphMPNN,50,1.468256950378418,0.9696738719940186
[*]Oc1c(Cl)cc(NC(=O)NCCCCCCNC([*])=O)cc1Cl,*Nc1c(Cl)cc(N[IH](=S)NN[IH][IH]SSCNC(*)=S)cc1Cl,Transformer,50,2.2249321937561035,1.179530143737793
[*]CCCOC(=O)c1cccc(-c2cccc(C(=O)O[*])c2)c1,*O[IH](=N)c1cccc(-c2cccc([IH](=O)CCC[IH]*)c2)c1,GraphMPNN,50,0.9608221054077148,0.8002963066101074
[*]CCCOC(=O)c1cccc(-c2cccc(C(=O)O[*])c2)c1,*CNC[IH]C(=[IH])c1cccc(-c2cccc(C(=O)S*)c2)c1,Transformer,50,0.7388489246368408,0.08179903030395508
[*]C=C([*])c1cccc(C#C)c1,*[SH]=C(*)c1cccc(C#I)c1,GraphMPNN,50,0.9119646549224854,0.43118882179260254
[*]C=C([*])c1cccc(C#C)c1,*[SH]=S(*)c1cccc(S#C)c1,Transformer,50,2.328164577484131,1.3858962059020996
[*]CCCCCCCCCCOC(=O)c1ccc(C=Cc2ccc(C(=O)O[*])cc2)cc1,*NC(=S)c1ccc(C=Cc2ccc(C(=S)OCCCCCC[IH][IH][IH][IH]*)cc2)cc1,GraphMPNN,50,2.7212324142456055,0.44822025299072266
[*]CCCCCCCCCCOC(=O)c1ccc(C=Cc2ccc(C(=O)O[*])cc2)cc1,*OCOCSCO[IH][IH]COC(=O)c1ccc(C=Cc2ccc(C(=O)O*)cc2)cc1,Transformer,50,0.634005069732666,0.22234821319580078
[*]c1cccc(N2C(=O)c3ccc(P(=O)(c4ccccc4)c4ccc5c(c4)C(=O)N([*])C5=O)cc3C2=O)c1,*c1cccc(C2S(=O)c3ccc([SH](=C)(c4ccccc4)c4ccc5c(c4)[IH](=C)C(*)[IH]5=N)cc3[IH]2=C)c1,GraphMPNN,50,1.9499967098236084,0.5026900768280029
[*]c1cccc(N2C(=O)c3ccc(P(=O)(c4ccccc4)c4ccc5c(c4)C(=O)N([*])C5=O)cc3C2=O)c1,*c1cccc(I2C(=O)c3cc([N+]([O-])(c4ccccc4)c4ccc5c(c4)[IH](=[IH])N(*)C5=C)ccc3[IH]2=O)c1,Transformer,50,0.5205817222595215,0.09645962715148926
[*]c1cccc(-c2nnc([*])o2)c1,[*]c1cccc(-c2nnc([*])o2)c1,GraphMPNN,50,0.0,0.0
[*]c1cccc(-c2nnc([*])o2)c1,[*]c1cccc(-c2nnc([*])o2)c1,Transformer,50,0.0,0.0
[*]CCCCCCCNC(=O)CCCCCCCCCCCCCCCCCCC(=O)N[*],*NC(=O)CCCCCSCCCCCS[IH]SCCSCC(=C)NCCCCC[IH]S*,GraphMPNN,50,1.8883938789367676,1.1589078903198242
[*]CCCCCCCNC(=O)CCCCCCCCCCCCCCCCCCC(=O)N[*],*CCNCCCCNS(=N)SCSCCNSC[IH]CCCCNCCCCC(=[IH])N*,Transformer,50,2.147001266479492,1.1269917488098145
[*]CC(O[*])C1CC(F)(F)C1(F)F,*NC(S*)C1SC(O)(Br)S1(S)Br,GraphMPNN,50,2.8645458221435547,3.2576904296875
[*]CC(O[*])C1CC(F)(F)C1(F)F,*SI(S*)C1C[IH](S)(I)C1(N)Br,Transformer,50,3.309450149536133,3.8216307163238525
[*]c1ccc(N2C(=O)c3ccc(P(=O)(c4ccccc4)c4ccc5c(c4)C(=O)N([*])C5=O)cc3C2=O)cc1,*c1ccc([SH]2C(=O)c3ccc(I(=O)(c4ccccc4)c4ccc5c(c4)S(=O)C(*)[IH]5=O)cc3C2=O)cc1,GraphMPNN,50,1.5200200080871582,0.10030889511108398
[*]c1ccc(N2C(=O)c3ccc(P(=O)(c4ccccc4)c4ccc5c(c4)C(=O)N([*])C5=O)cc3C2=O)cc1,*c1ccc(N2C(=O)c3ccc([N+]([O-])(c4ccccc4)c4ccc5c(c4)C(=O)N(*)C5=O)cc3C2=O)cc1,Transformer,50,0.33534789085388184,0.6641104221343994
[*]CC1CCCC(CNC(=O)CCCCCCCCCCC(=O)N[*])C1,*CC1CC(NNS(=C)[IH]OCCCNCCCCC(=S)N*)SSN1,GraphMPNN,50,1.7230219841003418,1.3682169914245605
[*]CC1CCCC(CNC(=O)CCCCCCCCCCC(=O)N[*])C1,*NS(=S)CCCCSCNSCSS(=N)NCC1CCCC([IH]*)[IH]1,Transformer,50,2.4170937538146973,1.327624797821045
[*]Cc1ccc(COC(=O)C2CCC(C(=O)O[*])CC2)cc1,*Oc1ccc(ONC(=O)C2CCN([IH](=[IH])[IH]*)CS2)cc1,GraphMPNN,50,3.012420177459717,0.5665736198425293
[*]Cc1ccc(COC(=O)C2CCC(C(=O)O[*])CC2)cc1,*[IH]C(=S)C1CCI(C(=S)NSc2ccc([IH]*)cc2)[IH]C1,Transformer,50,1.895043134689331,0.4690556526184082
[*]Nc1cc([*])ccc1CCCCCCCCCCCC,*Cc1cc(*)ccc1[IH]CC[IH]C[IH]C[IH]NN[IH]C,GraphMPNN,50,2.1030778884887695,0.005096912384033203
[*]Nc1cc([*])ccc1CCCCCCCCCCCC,*Nc1cc(*)ccc1SS[IH]SC[IH]CSN[IH]CBr,Transformer,50,0.7757563591003418,0.3625044822692871
[*]OC(=O)CCS(=O)(=O)CCC([*])=O,*C[IH](=O)OCS(=C)(=[IH])SCC(*)=S,GraphMPNN,50,3.8954954147338867,2.8853087425231934
[*]OC(=O)CCS(=O)(=O)CCC([*])=O,*SC(=[IH])C[IH]S(=S)(=[IH])[IH][IH]S(*)=C,Transformer,50,4.148548126220703,4.134339332580566
[*]CCCCC(=O)NCCCCCCNC(=O)CCCCS[*],*NOOSC(=O)NSSCNCSNC(=S)CSCCS*,GraphMPNN,50,1.5160002708435059,1.1789793968200684
[*]CCCCC(=O)NCCCCCCNC(=O)CCCCS[*],*OCNCNC(=O)NOCOOCCNC(=O)C[IH]CO*,Transformer,50,1.0657577514648438,0.0764169692993164
[*]NC(S1)=CC=C1C(C=C2)=CC=C2C(=S)[*],*Nc1ccc(C2=[SH][SH]=C(C(*)=S)C=C2)s1,GraphMPNN,50,1.1225645542144775,0.6203839778900146
[*]NC(S1)=CC=C1C(C=C2)=CC=C2C(=S)[*],*Oc1ccc(-c2ccc(S(*)=S)cc2)s1,Transformer,50,0.7772502899169922,0.7858777046203613
[*]C=C([*])c1nc2ccccc2n1C,*I=C(*)c1nc2ccccc2n1I,GraphMPNN,50,1.506432056427002,0.5179827213287354
[*]C=C([*])c1nc2ccccc2n1C,*N=C(*)c1nc2ccccc2n1F,Transformer,50,0.3471705913543701,0.8304452896118164
[*]C(=O)c1ccc(C(=O)N2CCN([*])CC2)cc1,*C1C[IH]N([IH](=O)c2ccc([IH](*)=C)cc2)C[IH]1,GraphMPNN,50,2.258505344390869,0.7707180976867676
[*]C(=O)c1ccc(C(=O)N2CCN([*])CC2)cc1,*C(=O)c1ccc(C(=O)N2CC[SH](*)OO2)cc1,Transformer,50,0.6975164413452148,0.16145944595336914
C([*])C(C)(C(=O)OCCCOC)([*]),*CS(*)(I)[IH](=[IH])SCCOOC,GraphMPNN,50,4.444362163543701,1.870340347290039
C([*])C(C)(C(=O)OCCCOC)([*]),*C[IH](*)(Br)C(=[IH])SSS[IH]SCl,Transformer,50,3.8813767433166504,1.4623456001281738
[*]NC(S1)=CC=C1C(=O)O[*],*[IH]C(=[IH])[IH]1=[SH]I=[IH]([IH]*)[IH]1,GraphMPNN,50,3.5317318439483643,1.964353084564209
[*]NC(S1)=CC=C1C(=O)O[*],*Cc1cnc([IH](=N)O*)s1,Transformer,50,1.010155200958252,1.123239517211914
[*]Nc1cc(OC)c([*])cc1OC,*[IH]c1cc([IH]C)c(*)cc1[IH]C,GraphMPNN,50,3.048630714416504,0.348114013671875
[*]Nc1cc(OC)c([*])cc1OC,*Cc1cc(OI)c(*)cc1[IH]I,Transformer,50,0.7673468589782715,0.9438059329986572
[*]c1ccc(-c2nnc([*])o2)c(OCC)c1,*c1ccc(-c2nnc(*)o2)c(S[IH]I)c1,GraphMPNN,50,2.506039619445801,0.06535220146179199
[*]c1ccc(-c2nnc([*])o2)c(OCC)c1,*c1ccc(-c2nnc(*)o2)c(OOI)c1,Transformer,50,0.4361710548400879,0.030441761016845703
[*]NC(=O)c1ccc(C(=O)Nc2ccc3c(c2)[nH]c(=O)c2cc([*])ccc23)cc1,*C[IH](=O)c1ccc(C(=[IH])[IH]c2ccc3c(c2)[nH]c(=[IH])c2cc(*)ccc23)cc1,GraphMPNN,50,1.0793547630310059,0.17389369010925293
[*]NC(=O)c1ccc(C(=O)Nc2ccc3c(c2)[nH]c(=O)c2cc([*])ccc23)cc1,*OC(=O)c1ccc(S(=O)Nc2ccc3c(c2)[nH]c(=O)c2cc(*)ccc23)cc1,Transformer,50,0.36563682556152344,0.27018308639526367
[*]CC(CC)(CC)CS[*],*SS[IH](OC)([IH]*)[IH]I,GraphMPNN,50,5.961383819580078,0.5527710914611816
[*]CC(CC)(CC)CS[*],*NC(CF)(CO*)OF,Transformer,50,2.2691173553466797,1.1652793884277344
[*]c1cc(CCCCCCCCCCCC(=O)Oc2ccc([N+](=O)[O-])cc2)c([*])s1,*c1cc(C[IH]C[IH]CSNCCCC[IH](=N)Nc2ccc([N+]([O-])=[IH])cc2)c(*)s1,GraphMPNN,50,1.655008316040039,0.4150221347808838
[*]c1cc(CCCCCCCCCCCC(=O)Oc2ccc([N+](=O)[O-])cc2)c([*])s1,*c1cc([IH]C[IH]CCSNOOCCC(=O)Sc2ccc([N+](=O)[O-])cc2)c(*)s1,Transformer,50,1.3692796230316162,1.0828790664672852
[*]c1ccc(C)c(N2CC(=O)N([*])CC2=O)c1,*c1ccc(Cl)c(I2CC(=N)I(*)C[IH]2=C)c1,GraphMPNN,50,2.0408754348754883,2.27169132232666
[*]c1ccc(C)c(N2CC(=O)N([*])CC2=O)c1,*c1ccc(F)c(I2[IH]S(=S)N(*)NC2=C)c1,Transformer,50,1.9730000495910645,0.1992650032043457
[*]Oc1ccc(CC(NC(=O)CCc2ccc(OC(=O)CCC([*])=O)cc2)C(=O)OC(C)CC)cc1,*Nc1ccc(SC(NC(=S)CSc2ccc(OS(=S)[IH][IH][IH](*)=O)cc2)C(=O)OC(C)CC)cc1,GraphMPNN,50,1.9522604942321777,1.0152966976165771
[*]Oc1ccc(CC(NC(=O)CCc2ccc(OC(=O)CCC([*])=O)cc2)C(=O)OC(C)CC)cc1,*[IH]c1ccc(CC(OC(=[IH])CNc2ccc([IH]C(=O)CSC(*)=O)cc2)C(=C)[IH]C(Cl)CC)cc1,Transformer,50,1.6117019653320312,0.12188863754272461
[*]C(=O)Nc1ccc(NC(=O)c2ccc3c(c2)C(=O)N(c2ccc(Oc4ccc(N5C(=O)c6ccc([*])cc6C5=O)cc4)cc2)C3=O)cc1,*C(=O)[IH]c1ccc([IH]C(=[IH])c2ccc3c(c2)C(=O)C(c2ccc(Oc4ccc(I5C(=O)c6ccc(*)cc6C5=O)cc4)cc2)[IH]3=O)cc1,GraphMPNN,50,1.5472197532653809,0.2220454216003418
[*]C(=O)Nc1ccc(NC(=O)c2ccc3c(c2)C(=O)N(c2ccc(Oc4ccc(N5C(=O)c6ccc([*])cc6C5=O)cc4)cc2)C3=O)cc1,*C(=O)[IH]c1ccc(N[IH](=C)c2ccc3c(c2)C(=C)N(c2ccc(Nc4ccc(N5C(=C)c6ccc(*)cc6C5=[IH])cc4)cc2)C3=O)cc1,Transformer,50,0.35538291931152344,0.502443790435791
[*]CC(S1)=CC=C1OC(=S)[*],*[IH]C1=[SH]C=[IH](CC(*)=C)C1,GraphMPNN,50,2.2243645191192627,0.3804168701171875
[*]CC(S1)=CC=C1OC(=S)[*],*[IH]C1=IC=C([IH]C(*)=S)[IH]1,Transformer,50,1.4792017936706543,2.3353545665740967
[*]CC([*])C(=O)N1CCOCC1,*SN(*)C(=S)N1SSSSS1,GraphMPNN,50,4.12434196472168,2.595027446746826
[*]CC([*])C(=O)N1CCOCC1,*N[SH](*)[IH](=N)N1SSCS[IH]1,Transformer,50,3.049602508544922,0.30464839935302734
O([*])C(=O)Oc1c(OC)cc(cc1)C(C)c1ccc(cc1)([*]),*CS(=[IH])Nc1ccc([SH](Br)c2ccc(*)cc2)cc1OCl,GraphMPNN,50,2.296718120574951,0.7103781700134277
O([*])C(=O)Oc1c(OC)cc(cc1)C(C)c1ccc(cc1)([*]),*SS(=[IH])Nc1ccc(N(I)c2ccc(*)cc2)cc1SS,Transformer,50,1.5877256393432617,1.289870262145996
[*]Oc1ccc(NC(=O)c2cc(C(=O)Nc3ccc(Oc4ccc(C5(c6ccc([*])cc6)CC6CCC5C6)cc4)cc3)cc(C(C)(C)C)c2)cc1,*Oc1ccc([IH]C(=[IH])c2cc(C(=[IH])[IH]c3ccc([IH]c4ccc(C5(c6ccc(*)cc6)[IH]C6CCC5C6)cc4)cc3)cc([IH](C)(N)N)c2)cc1,GraphMPNN,50,1.0706424713134766,0.4822351932525635
[*]Oc1ccc(NC(=O)c2cc(C(=O)Nc3ccc(Oc4ccc(C5(c6ccc([*])cc6)CC6CCC5C6)cc4)cc3)cc(C(C)(C)C)c2)cc1,*Oc1ccc(N[IH](=O)c2cc([IH](=N)[IH]c3ccc(Oc4ccc(C5(c6ccc(*)cc6)CI6CCC5[IH]6)cc4)cc3)cc(C(Cl)(Cl)I)c2)cc1,Transformer,50,0.727292537689209,0.34604930877685547
[*]c1ccc2c(c1)c1cc([*])ccc1n2C(=O)NO,*c1ccc2c(c1)c1cc(*)ccc1n2C(=[IH])NO,GraphMPNN,50,0.2163252830505371,0.3009974956512451
[*]c1ccc2c(c1)c1cc([*])ccc1n2C(=O)NO,*c1ccc2c(c1)c1cc(*)ccc1n2S(=O)OO,Transformer,50,0.44870877265930176,0.10592889785766602
[*]OC(=O)C(Cc1ccccc1)NC(=O)CCCCC(=O)NC(Cc1ccccc1)C(=O)OC1COC2C([*])COC12,*NC(=O)C(Cc1ccccc1)NC(=S)CSSCC(=O)NC(Cc1ccccc1)C(=O)OI1[IH]OI2C(*)COI12,GraphMPNN,50,1.9564437866210938,0.0619966983795166
[*]OC(=O)C(Cc1ccccc1)NC(=O)CCCCC(=O)NC(Cc1ccccc1)C(=O)OC1COC2C([*])COC12,*CC(=[IH])[SH](Cc1ccccc1)NC(=O)CCCCC(=[IH])N[SH](Cc1ccccc1)C(=N)OC1C[IH][SH]2C(*)COC12,Transformer,50,0.9514195919036865,0.8998551368713379
[*]CCOCCOCCOC(=O)C=CC(=O)NCCCCCCNC(=O)C=CC(=O)O[*],*CCONCS[IH]COC(=S)C=CC(=O)NCCCSCNNC(=O)C=CS(=S)O*,GraphMPNN,50,0.9519109725952148,1.6721677780151367
[*]CCOCCOCCOC(=O)C=CC(=O)NCCCCCCNC(=O)C=CC(=O)O[*],*CC[IH]CCNCCCC(=O)C=C[IH](=O)CC[IH]CC[IH]CNC(=O)[SH]=CC(=S)[IH]*,Transformer,50,1.76580810546875,1.1331725120544434
[*]CCCCc1nc2cc3sc([*])nc3cc2s1,*[IH][IH][IH][IH]c1nc2cc3sc(*)nc3cc2s1,GraphMPNN,50,3.1560473442077637,0.9462118148803711
[*]CCCCc1nc2cc3sc([*])nc3cc2s1,*[IH][IH]CCc1nc2cc3sc(*)nc3cc2s1,Transformer,50,1.1590588092803955,0.8392786979675293
[*]CC([*])C(=O)NCO,*SN(*)C(=S)OSBr,GraphMPNN,50,3.4814603328704834,2.453925132751465
[*]CC([*])C(=O)NCO,*NN(*)[IH](=N)NNS,Transformer,50,3.8799779415130615,0.1666884422302246
[*]CC([*])n1c2ccc(I)cc2c2cc(I)ccc21,*CI(*)n1c2ccc(C)cc2c2cc(I)ccc21,GraphMPNN,50,0.44419240951538086,0.01954817771911621
[*]CC([*])n1c2ccc(I)cc2c2cc(I)ccc21,*ON(*)n1c2ccc(C)cc2c2cc(O)ccc21,Transformer,50,0.6780548095703125,0.3386650085449219
[*]Oc1ccc(C(C)(C)c2ccc(Oc3nc([*])nc(Cl)n3)cc2)cc1,*Nc1ccc(S(Br)(Br)c2ccc(Nc3nc(*)nc(O)n3)cc2)cc1,GraphMPNN,50,1.700669288635254,0.3929734230041504
[*]Oc1ccc(C(C)(C)c2ccc(Oc3nc([*])nc(Cl)n3)cc2)cc1,*Nc1ccc([IH](N)(F)c2ccc(Nc3nc(*)nc(S)n3)cc2)cc1,Transformer,50,1.1226253509521484,0.0441594123840332
[*]C=CC1CC([*])C2CC=CC12,*C=CN1CN(*)N2NC=CN12,GraphMPNN,50,2.2982072830200195,1.482389211654663
[*]C=CC1CC([*])C2CC=CC12,*C=CC1C[SH](*)C2SC=[SH][SH]12,Transformer,50,3.050107002258301,0.42717695236206055
[*]c1nc2ccc(-c3ccc4nc(-c5cccc6cc7c([*])cccc7cc56)sc4c3)cc2s1,[*]c1nc2ccc(-c3ccc4nc(-c5cccc6cc7c([*])cccc7cc56)sc4c3)cc2s1,GraphMPNN,50,0.0,0.0
[*]c1nc2ccc(-c3ccc4nc(-c5cccc6cc7c([*])cccc7cc56)sc4c3)cc2s1,[*]c1nc2ccc(-c3ccc4nc(-c5cccc6cc7c([*])cccc7cc56)sc4c3)cc2s1,Transformer,50,0.0,0.0
[*]C(S1)=CC=C1C(=S)C(S2)=CC=C2O[*],*[IH]c1ccc([IH](=S)c2ccc(*)s2)s1,GraphMPNN,50,1.7797167301177979,0.32633304595947266
[*]C(S1)=CC=C1C(=S)C(S2)=CC=C2O[*],*[IH][IH]1=[SH]I=C(C(=C)c2ccc(*)s2)C1,Transformer,50,0.9681482315063477,0.2950475215911865
[*]Oc1ccc(CC(NC(=O)CCc2ccc(OC(=O)CCCCCCC([*])=O)cc2)C(=O)OC(C)C)cc1,*Nc1ccc(CC(NS(=O)CNc2ccc(NC(=O)SSC[IH][IH]OC(*)=S)cc2)C(=S)OC(C)C)cc1,GraphMPNN,50,1.357865333557129,1.0986907482147217
[*]Oc1ccc(CC(NC(=O)CCc2ccc(OC(=O)CCCCCCC([*])=O)cc2)C(=O)OC(C)C)cc1,*Nc1ccc(SC(NC(=O)CCc2ccc(CC(=O)CSCCCSC(*)=C)cc2)S(=N)OC(C)Br)cc1,Transformer,50,1.2840399742126465,0.6296114921569824
[*]C=CC1CC([*])C(C(=O)OC)C1,*C=[SH]I1SC(C(=S)OS)[SH](*)[IH]1,GraphMPNN,50,4.495523929595947,2.2952191829681396
[*]C=CC1CC([*])C(C(=O)OC)C1,*[SH]=C[SH]1CC(*)[SH](S(=C)[IH]S)S1,Transformer,50,3.0884804725646973,0.5826396942138672
[*]NC(c1ccccc1)C(C)(C)C([*])=O,*NN(c1ccccc1)C(F)(Cl)C(*)=S,GraphMPNN,50,1.571199893951416,1.9039065837860107
[*]NC(c1ccccc1)C(C)(C)C([*])=O,*NI(c1ccccc1)[IH](N)(Br)C(*)=S,Transformer,50,2.278066635131836,0.9119524955749512
