source,candidate,drift_gnn,drift_tx,node_diff,edge_diff,degree_diff
[*]CNC(=O)CCCCCCCCC(=O)N[*],[*]CNC(=O)CCCCCCCC(=O)N[*],0.02152729034423828,0.1424546241760254,-1,-1,-0.007352941176470562
[*]Oc1ccc(CC(NC(=O)CCc2ccc(OC(=O)CCCCCCC([*])=O)cc2)C(=O)OC)cc1,[*]Oc1ccc(CC(C(=O)CCc2ccc(OC(=O)CCCCCCC([*])=O)cc2)C(=O)OC)cc1,0.004771232604980469,0.7455043792724609,-1,-1,0.0015015015015014122
[*]CCOCCOCCOc1cccc(NC(=O)c2cccc(C(=O)Nc3cccc(O[*])c3)c2)c1,[*]CCOCCOCCOc1cccc(NC(=O)c2cccc(C(=O)c3cccc(O[*])c3)c2)c1,0.03620576858520508,0.25754308700561523,-1,-1,0.0031746031746031633
[*]CC1CCC(COC(=O)CCCC(=O)O[*])CC1,[*]CC1CCC(COC(=O)CCCC(=O)[*])CC1,0.20485639572143555,0.05150318145751953,-1,-1,0.0
[*]C(C=C1)=CC=C1C(=S)C(S2)=CC=C2O[*],[*]C(C=C1)=CCC1C(=S)C(S2)=CC=C2O[*],0.008905649185180664,0.1749875545501709,0,0,0.0
[*]C(=O)Nc1cccc(NC(=O)c2ccc3[nH]c(-c4cccc(-c5nc6cc([*])ccc6[nH]5)c4)nc3c2)n1,[*]C(=O)c1cccc(NC(=O)c2ccc3[nH]c(-c4cccc(-c5nc6cc([*])ccc6[nH]5)c4)nc3c2)n1,0.11458325386047363,0.4718155860900879,-1,-1,0.007112375533428139
[*]Oc1c(Cl)cc(NC(=O)NCCCCCCNC([*])=O)cc1Cl,[*]Oc1c(Cl)cc(C(=O)NCCCCCCNC([*])=O)cc1Cl,0.005596637725830078,0.0793309211730957,-1,-1,0.0
[*]CCCOC(=O)c1cccc(-c2cccc(C(=O)O[*])c2)c1,[*]CCOC(=O)c1cccc(-c2cccc(C(=O)O[*])c2)c1,0.04029035568237305,0.42122888565063477,-1,-1,0.0039525691699604515
[*]C=C([*])c1cccc(C#C)c1,[*]CC([*])c1cccc(C#C)c1,1.605055809020996,3.1624584197998047,0,0,0.0
[*]CCCCCCCCCCOC(=O)c1ccc(C=Cc2ccc(C(=O)O[*])cc2)cc1,[*]CCCCCCCCCOC(=O)c1ccc(C=Cc2ccc(C(=O)O[*])cc2)cc1,0.020107507705688477,0.18421673774719238,-1,-1,0.002016129032258007
[*]c1cccc(-c2nnc([*])o2)c1,[*]c1cccc(-c2nn([*])o2)c1,0.08119750022888184,0.3065462112426758,-1,-1,0.012820512820512775
[*]CCCCCCCNC(=O)CCCCCCCCCCCCCCCCCCC(=O)N[*],[*]CCCCCCNC(=O)CCCCCCCCCCCCCCCCCCC(=O)N[*],0.021605491638183594,0.09538507461547852,-1,-1,-0.0018939393939394478
[*]CC(O[*])C1CC(F)(F)C1(F)F,[*]C(O[*])C1CC(F)(F)C1(F)F,0.04465627670288086,0.022191524505615234,-1,-1,0.0
[*]c1ccc(N2C(=O)c3ccc(P(=O)(c4ccccc4)c4ccc5c(c4)C(=O)N([*])C5=O)cc3C2=O)cc1,[*]c1ccc(N2C(=O)c3ccc(P(=O)(c4ccccc4)c4ccc5(c4)C(=O)N([*])C5=O)cc3C2=O)cc1,0.15279579162597656,0.15450286865234375,-1,-1,0.007112375533428139
[*]CC1CCCC(CNC(=O)CCCCCCCCCCC(=O)N[*])C1,[*]CC1CCCC(CNC(=O)CCCCCCCCCC(=O)N[*])C1,0.0015044212341308594,0.20364809036254883,-1,-1,0.0
[*]Cc1ccc(COC(=O)C2CCC(C(=O)O[*])CC2)cc1,[*]Cc1ccc(CC(=O)C2CCC(C(=O)O[*])CC2)cc1,0.09030389785766602,0.5669302940368652,-1,-1,0.0043290043290045155
[*]Nc1cc([*])ccc1CCCCCCCCCCCC,[*]Nc1cc([*])ccc1CCCCCCCCCCC,0.022121429443359375,0.06264281272888184,-1,-1,0.0
[*]OC(=O)CCS(=O)(=O)CCC([*])=O,[*]OC(=O)CCS(=O)(=O)CC([*])=O,0.5143423080444336,0.2740612030029297,-1,-1,-0.01098901098901095
[*]CCCCC(=O)NCCCCCCNC(=O)CCCCS[*],[*]CCCC(=O)NCCCCCCNC(=O)CCCCS[*],0.008269309997558594,0.16401100158691406,-1,-1,-0.0039525691699604515
[*]NC(S1)=CC=C1C(C=C2)=CC=C2C(=S)[*],[*]NC(S1)=CC=1C(C=C2)=CC=C2C(=S)[*],0.3473036289215088,0.3265981674194336,-1,-1,0.008333333333333304
[*]C=C([*])c1nc2ccccc2n1C,[*]=C([*])c1nc2ccccc2n1C,0.2115163803100586,0.9554791450500488,-1,-1,0.01098901098901095
[*]C(=O)c1ccc(C(=O)N2CCN([*])CC2)cc1,[*]C(=O)c1ccc(C(=O)N2CCN([*])C2)cc1,0.0979158878326416,0.0015301704406738281,-1,-1,0.006535947712418277
C([*])C(C)(C(=O)OCCCOC)([*]),C([*])(C)(C(=O)OCCCOC)([*]),0.1292095184326172,0.12900638580322266,-1,-1,-0.012820512820512997
[*]NC(S1)=CC=C1C(=O)O[*],[*]NC(S1)=CCC1C(=O)O[*],0.8406610488891602,0.989565372467041,0,0,0.0
[*]Nc1cc(OC)c([*])cc1OC,[*]Nc1cc(O)c([*])cc1OC,0.06222963333129883,0.10741376876831055,-1,-1,0.0
[*]c1ccc(-c2nnc([*])o2)c(OCC)c1,[*]c1ccc(-c2nnc([*])2)c(OCC)c1,0.773874044418335,0.12777924537658691,-1,-1,0.008333333333333304
[*]CC(CC)(CC)CS[*],[*]C(CC)(CC)CS[*],0.04629087448120117,0.509437084197998,-1,-1,-0.022222222222222365
[*]c1cc(CCCCCCCCCCCC(=O)Oc2ccc([N+](=O)[O-])cc2)c([*])s1,[*]c1cc(CCCCCCCCCCC(=O)Oc2ccc([N+](=O)[O-])cc2)c([*])s1,0.0026884078979492188,0.04381275177001953,-1,-1,0.0022988505747125743
[*]c1ccc(C)c(N2CC(=O)N([*])CC2=O)c1,[*]c1ccc(C)(N2CC(=O)N([*])CC2=O)c1,0.40233635902404785,0.18623828887939453,-1,-1,0.007352941176470562
[*]Oc1ccc(CC(NC(=O)CCc2ccc(OC(=O)CCC([*])=O)cc2)C(=O)OC(C)CC)cc1,[*]Oc1ccc(CC(NC(=O)CCc2ccc(OC(=O)CCC([*])=O)cc2)C(=O)OC(C)C)cc1,0.0020003318786621094,0.12810420989990234,-1,-1,0.0015873015873015817
[*]C(=O)Nc1ccc(NC(=O)c2ccc3c(c2)C(=O)N(c2ccc(Oc4ccc(N5C(=O)c6ccc([*])cc6C5=O)cc4)cc2)C3=O)cc1,[*]C(=O)c1ccc(NC(=O)c2ccc3c(c2)C(=O)N(c2ccc(Oc4ccc(N5C(=O)c6ccc([*])cc6C5=O)cc4)cc2)C3=O)cc1,0.10156822204589844,0.3972744941711426,-1,-1,0.005102040816326703
[*]CC(S1)=CC=C1OC(=S)[*],[*]CC(S1)=C=C1OC(=S)[*],0.2727999687194824,0.6928396224975586,-1,-1,0.0
[*]CC([*])C(=O)N1CCOCC1,[*]CC([*])C(=O)N1COCC1,0.048252105712890625,0.18229103088378906,-1,-1,0.0
[*]c1ccc2c(c1)c1cc([*])ccc1n2C(=O)NO,[*]1ccc2c(c1)c1cc([*])ccc1n2C(=O)NO,0.5305137634277344,0.2614266872406006,-1,-1,0.011695906432748426
[*]OC(=O)C(Cc1ccccc1)NC(=O)CCCCC(=O)NC(Cc1ccccc1)C(=O)OC1COC2C([*])COC12,[*]OC(=O)C(Cc1ccccc1)NC(=O)CCCCC(=O)NC(Cc1ccccc1)C(O)OC1COC2C([*])COC12,0.011209487915039062,0.26904749870300293,0,0,0.0
[*]CCOCCOCCOC(=O)C=CC(=O)NCCCCCCNC(=O)C=CC(=O)O[*],[*]CCOCCOCCOC(=O)C=CC(=O)NCCCCCNC(=O)C=CC(=O)O[*],0.015663623809814453,0.08212709426879883,-1,-1,-0.002016129032258007
[*]CCCCc1nc2cc3sc([*])nc3cc2s1,[*]CCCCc1nc2cc3s([*])nc3cc2s1,0.22537708282470703,0.8360395431518555,-1,-1,0.013071895424836555
[*]CC([*])C(=O)NCO,[*]C([*])C(=O)NCO,0.05179548263549805,0.12105989456176758,-1,-1,-0.02777777777777768
[*]Oc1ccc(C(C)(C)c2ccc(Oc3nc([*])nc(Cl)n3)cc2)cc1,[*]Oc1ccc(C(C)(C)c2ccc(Oc3nc([*])n(Cl)n3)cc2)cc1,0.18097496032714844,0.018526554107666016,-1,-1,0.0061538461538463984
[*]C=CC1CC([*])C2CC=CC12,[*]C=CC1CC([*])C2CC=C12,0.22271251678466797,0.08722496032714844,-1,-1,0.015151515151515138
[*]c1nc2ccc(-c3ccc4nc(-c5cccc6cc7c([*])cccc7cc56)sc4c3)cc2s1,[*]1nc2ccc(-c3ccc4nc(-c5cccc6cc7c([*])cccc7cc56)sc4c3)cc2s1,0.6111397743225098,0.48657679557800293,-1,-1,0.010695187165775444
[*]C(S1)=CC=C1C(=S)C(S2)=CC=C2O[*],[*]C(S1)=CCC1C(=S)C(S2)=CC=C2O[*],0.6896066665649414,0.9261040687561035,0,0,0.0
[*]Oc1ccc(CC(NC(=O)CCc2ccc(OC(=O)CCCCCCC([*])=O)cc2)C(=O)OC(C)C)cc1,[*]Oc1ccc(CC(NC(=O)CCc2ccc(OC(=O)CCCCCC([*])=O)cc2)C(=O)OC(C)C)cc1,0.010613441467285156,0.1731867790222168,-1,-1,0.0013495276653174848
[*]C=CC1CC([*])C(C(=O)OC)C1,[*]C=CC1CC([*])(C(=O)OC)C1,0.04638099670410156,0.16494369506835938,-1,-1,0.0
[*]NC(c1ccccc1)C(C)(C)C([*])=O,[*]NC(c1ccccc1)C(C)(C)C([*])O,0.0983724594116211,0.42038488388061523,0,0,0.0
[*]CCCCCCOC(=O)C(=O)O[*],[*]CCCCCCOC(=O)C(=O)[*],0.1805582046508789,0.28042078018188477,-1,-1,-0.01098901098901095
[*]CCCNC(=O)CCCCC(=O)NCCCO[*],[*]CCCNC(=O)CCCC(=O)NCCCO[*],0.04740333557128906,0.005263328552246094,-1,-1,-0.005847953216374213
[*]CCCCCCNC(=O)NCCCCNC(=O)N[*],[*]CCCCCCNC(=O)CCCCNC(=O)N[*],0.1003255844116211,0.08284807205200195,-1,-1,-0.0052631578947368585
[*]CC([*])(Cl)C(=O)OC,[*]CC([*])(Cl)C(=O)O,0.15907526016235352,0.0019674301147460938,-1,-1,-0.02777777777777768
[*]C#CC(CO)=C([*])n1c2ccccc2c2ccccc21,[*]C#CC(CO)C([*])n1c2ccccc2c2ccccc21,1.039630651473999,0.3577127456665039,0,0,0.0
[*]CC([*])OC,[*]C([*])OC,0.22490501403808594,0.2488079071044922,-1,-1,-0.06666666666666665
[*]CCCCCCCCCCOc1ccc(OC(=O)c2ccc(C(=O)Oc3ccc(O[*])cc3)cc2)cc1,[*]CCCCCCCCCOc1ccc(OC(=O)c2ccc(C(=O)Oc3ccc(O[*])cc3)cc2)cc1,0.010691642761230469,0.2106761932373047,-1,-1,0.002844950213371167
[*]CC(C)(C)CS([*])(=O)=O,[*]CC(C)(C)S([*])(=O)=O,0.10117626190185547,0.6128625869750977,-1,-1,-0.022222222222222365
[*]Oc1ccc(NC(=O)c2ccc(C(=O)Nc3ccc(Oc4ccc(C5(c6ccc([*])cc6)CC6CCC5C6)cc4)cc3)cc2)cc1,[*]Oc1ccc(NC(=O)c2ccc(C(=O)Nc3ccc(Oc4ccc(C5(c6ccc([*])cc6)C6CCC5C6)cc4)cc3)cc2)cc1,0.007433414459228516,0.18328309059143066,-1,-1,0.005550416281220993
[*]Oc1ccc(C(C)(C)c2ccc(OC(=O)OCCN(CCOC([*])=O)c3ccc(OC)cc3)cc2)cc1,[*]Oc1ccc(C(C)(C)c2ccc(OC(=O)OCN(CCOC([*])=O)c3ccc(OC)cc3)cc2)cc1,0.09476661682128906,0.043149471282958984,-1,-1,0.002844950213371167
[*]CCCCNC(=O)CCCCCCC(=O)NCCCCNC(=O)C(=O)N[*],[*]CCCCNC(=O)CCCCCCC(=O)NCCCNC(=O)C(=O)N[*],0.018869876861572266,0.02954721450805664,-1,-1,-0.002645502645502784
[*]CCOCCOC(=O)C(C)C(=O)O[*],[*]CCOCCOC(=O)C(C)C(=O)[*],0.3058137893676758,0.1538228988647461,-1,-1,-0.00952380952380949
[*]C(=O)OCCOC(=O)c1ccc([*])o1,[*]C(=O)OCCOC(=O)c1ccc([*])1,1.7361440658569336,0.28339338302612305,-1,-1,0.0
[*]CCCCCCC(=O)N[*],[*]CCCCCC(=O)N[*],0.04909229278564453,0.13991880416870117,-1,-1,-0.018181818181818077
[*]CCCOc1ccc(C(=O)OC(=O)c2ccccc2C(=O)OC(=O)c2ccc(O[*])cc2)cc1,[*]CCCc1ccc(C(=O)OC(=O)c2ccccc2C(=O)OC(=O)c2ccc(O[*])cc2)cc1,0.10159111022949219,0.2568361759185791,-1,-1,0.003361344537815114
[*]CCCCCc1ccc(CCCCCOC(=O)c2ccc(C(=O)O[*])cc2)cc1,[*]CCCCCc1ccc(CCCCCC(=O)c2ccc(C(=O)O[*])cc2)cc1,0.003310680389404297,0.07271051406860352,-1,-1,0.0022988505747125743
[*]NC(CCC(=O)OCc1ccc(Cl)cc1)C([*])=O,[*]NC(CCC(O)OCc1ccc(Cl)cc1)C([*])=O,0.04847002029418945,0.5321402549743652,0,0,0.0
[*]Nc1cc(NC(=O)Nc2ccc(NC([*])=O)cc2)cc(C(=O)Nc2cccc3c2C(=O)c2ccccc2C3=O)c1,[*]Nc1cc(NC(=O)c2ccc(NC([*])=O)cc2)cc(C(=O)Nc2cccc3c2C(=O)c2ccccc2C3=O)c1,0.02928304672241211,0.4221944808959961,-1,-1,0.004878048780487809
[*]NC(=O)C(=S)C(=O)[*],[*]C(=O)C(=S)C(=O)[*],0.04991579055786133,0.08608770370483398,-1,-1,-0.02777777777777768
[*]c1cc(-c2ccccc2)c([*])s1,[*]1cc(-c2ccccc2)c([*])s1,1.2036232948303223,0.17157292366027832,-1,-1,0.012820512820512775
[*]c1ccc(CCc2ccc(N3C(=O)C(=O)N([*])C3=O)cc2)cc1,[*]c1ccc(Cc2ccc(N3C(=O)C(=O)N([*])C3=O)cc2)cc1,0.1399083137512207,0.6086997985839844,-1,-1,0.007246376811594235
[*]CCCCNC(=O)O[*],[*]CCCCNC(=O)[*],0.37606143951416016,0.24095869064331055,-1,-1,-0.022222222222222365
[*]CCCCCCCCCCC(=O)N[*],[*]CCCCCCCCCCC(=O)[*],0.21485090255737305,0.11333227157592773,-1,-1,-0.00952380952380949
[*]c1cc(OCCCCCCCCCC)cc(-c2nc3cc4sc([*])nc4cc3s2)c1,[*]c1cc(OCCCCCCCCCC)cc(-c2nc3cc4sc([*])nc4cc32)c1,0.2198641300201416,0.06983780860900879,-1,-1,0.006451612903226156
[*]CCOCCOC(=O)CCCCC(=O)O[*],[*]CCOCCOC(=O)CCCCC(=O)[*],0.24258947372436523,0.1448202133178711,-1,-1,-0.007352941176470562
[*]COC(S1)=CC=C1O[*],[*]COC(S1)=C=C1O[*],0.3357558250427246,0.34308815002441406,-1,-1,0.0
[*]CC(=O)OC(=O)c1cccc(O[*])c1,[*]CC(=O)C(=O)c1cccc(O[*])c1,0.22561168670654297,0.49271106719970703,-1,-1,0.0
[*]CCCCCCNC(=O)NCCNC(=O)N[*],[*]CCCCCNC(=O)NCCNC(=O)N[*],0.05947399139404297,0.3283076286315918,-1,-1,-0.006535947712418277
[*]Nc1c(Cl)cc([*])cc1Cl,[*]c1c(Cl)cc([*])cc1Cl,0.1241154670715332,0.3872056007385254,-1,-1,0.0
[*]CCCCCCCCCNC(=O)CC(=O)N[*],[*]CCCCCCCCCNC(=O)C(=O)N[*],0.1866292953491211,0.07306766510009766,-1,-1,-0.006535947712418277
[*]CC(S1)=CC=C1C(=S)O[*],[*]CC(S1)=CC=C1C(S)O[*],0.4616575241088867,0.8289151191711426,0,0,0.0
[*]CCCOC(=O)C(=O)O[*],[*]CCCOC(O)C(=O)O[*],0.4100346565246582,0.5130629539489746,0,0,0.0
[*]CCCC(C)(C)CNC(=O)CCCCCCCC(=O)N[*],[*]CCCC(C)(C)CNC(=O)CCCCCCCC(=O)[*],0.1952967643737793,0.009070396423339844,-1,-1,-0.0043290043290045155
[*]C1=CSC(=C2SC=C(c3ccc([*])cc3)S2)S1,[*]C1=SC(=C2SC=C(c3ccc([*])cc3)S2)S1,0.26085948944091797,0.41544485092163086,-1,-1,0.013071895424836555
[*]Cc1cc(COC(=O)Nc2ccc(Cc3ccc(NC(=O)O[*])cc3)cc2)cc(C(C)(C)C)c1,[*]Cc1cc(OC(=O)Nc2ccc(Cc3ccc(NC(=O)O[*])cc3)cc2)cc(C(C)(C)C)c1,0.07745552062988281,0.06075477600097656,-1,-1,0.003361344537815114
[*]C1=C2OCCOC2=C(c2ccc(-c3ccc([*])s3)s2)S1(=O)=O,[*]C1=C2OCCOC2C(c2ccc(-c3ccc([*])s3)s2)S1(=O)=O,0.4331552982330322,0.7180712223052979,0,0,0.0
[*]NC(CCCNC(=O)c1ccc(F)cc1)C([*])=O,[*]N(CCCNC(=O)c1ccc(F)cc1)C([*])=O,0.24746084213256836,0.8174619674682617,-1,-1,0.0
[*]C=C([*])c1ccc([N+](=O)[O-])cc1,[*]CC([*])c1ccc([N+](=O)[O-])cc1,1.5800395011901855,1.753401279449463,0,0,0.0
[*]OC1(C)CC(C)(C)C(C)(N2CCCC([*])C2)C1C,[*]OC1(C)CC(C)(C)C(C)(N2CCC([*])C2)C1C,0.04110860824584961,0.09498167037963867,-1,-1,0.005847953216374435
C(O2)([*])=NN=C2C1=CC=C(C=C1)C2(C1=CC=CC=C1C(=O)O2)C1=CC=C(C=C1)O([*]),C(O2)([*])=NN=C2C1CC=C(C=C1)C2(C1=CC=CC=C1C(=O)O2)C1=CC=C(C=C1)O([*]),0.052846431732177734,0.3398146629333496,0,0,0.0
[*]c1ccc(-c2nc3cc(-c4ccc5nc([*])c(-c6ccccc6)nc5c4)ccc3nc2-c2ccccc2)cc1,[*]1ccc(-c2nc3cc(-c4ccc5nc([*])c(-c6ccccc6)nc5c4)ccc3nc2-c2ccccc2)cc1,0.2862982749938965,0.09332823753356934,-1,-1,0.007692307692307665
[*]C=CC(C[*])CCC,[*]C=CC([*])CCC,0.13463211059570312,0.1608133316040039,-1,-1,-0.02777777777777768
[*]C(=O)OCC(C)(C)COC(=O)N1CC(C)N([*])CC1C,[*]C(=O)OCC(C)(C)COC(=O)N1CC(C)N([*])C1C,0.04267406463623047,0.1147007942199707,-1,-1,0.0
[*]OC1CCC(OC(=O)NCCNC([*])=O)CC1,[*]OC1CCC(OC(=O)NCCNC([*])=O)C1,0.04751777648925781,0.06329917907714844,-1,-1,0.0
[*]CC(=O)CO[*],[*]C(=O)CO[*],0.11394643783569336,1.1003623008728027,-1,-1,-0.04761904761904745
[*]c1cc(CCCCCCCCCCCCCCC)c([*])s1,[*]c1cc(CCCCCCCCCCCCCC)c([*])s1,0.06415224075317383,0.03596997261047363,-1,-1,0.0
[*]Cc1ccc(COC(=O)CCCC(=O)O[*])cc1,[*]Cc1ccc(COC(=O)CCC(=O)O[*])cc1,0.05665159225463867,0.11125802993774414,-1,-1,0.0
[*]C=Cc1ccc(C=Cc2cc([*])nc(-c3ccccc3)n2)cc1,[*]=Cc1ccc(C=Cc2cc([*])nc(-c3ccccc3)n2)cc1,0.11122584342956543,1.1731040477752686,-1,-1,0.007246376811594235
[*]CCCCCCCc1nnc(CCCCc2nnc([*])o2)o1,[*]CCCCCCc1nnc(CCCCc2nnc([*])o2)o1,0.0016765594482421875,0.17204999923706055,-1,-1,0.0039525691699604515
[*]CCOC(=O)NCCCC(CCNC(=O)O[*])OC,[*]CCOC(=O)NCCC(CCNC(=O)O[*])OC,0.029535770416259766,0.1556544303894043,-1,-1,-0.0052631578947368585
[*]C=Cc1cc(CCCCCC)c([*])s1,[*]C=Cc1cc(CCCCC)c([*])s1,0.008805990219116211,0.6119301319122314,-1,-1,0.0
[*]NS(=O)Nc1cccc([*])n1,[*]S(=O)Nc1cccc([*])n1,0.17947840690612793,0.5472943782806396,-1,-1,0.0
[*]OC([*])C(C)C,[*]OC([*])C(C),0.1610116958618164,0.16091156005859375,-1,-1,-0.04761904761904745
[*]c1ccc(N2C(=O)c3ccc(C(=O)c4ccc5c(c4)C(=O)N(c4ccc6[nH]c([*])nc6c4)C5=O)cc3C2=O)cc1,[*]c1ccc(N2C(=O)c3ccc(C(=O)c4ccc5(c4)C(=O)N(c4ccc6[nH]c([*])nc6c4)C5=O)cc3C2=O)cc1,0.17641735076904297,0.2975590229034424,-1,-1,0.007317073170731714
[*]CCC(C=C1)=CC=C1O[*],[*]CCC(C=C1)=C=C1O[*],1.0497839450836182,0.14976119995117188,-1,-1,0.0
[*]CCCCCCCCCn1c(=O)c2cc3c(=O)n([*])c(=O)c3c(Br)c2c1=O,[*]CCCCCCCCCn1c(=O)c2cc3c(=O)n([*])c(=O)c3c(Br)2c1=O,0.8410730361938477,0.013828754425048828,-1,-1,0.005291005291005568
[*]CCCCCCSC(=O)NCCCCCCNC(=O)S[*],[*]CCCCCCSC(=O)NCCCCCNC(=O)S[*],0.0420074462890625,0.08232355117797852,-1,-1,-0.0043290043290045155
[*]C=CC(C)C([*])C(=O)OCCCC,[*]C=CC(C)C([*])C(O)OCCCC,0.009882926940917969,0.7134618759155273,0,0,0.0
[*]Nc1ccc(Cc2ccc(NC(=O)c3cc(NC(=O)c4ccncc4)cc(C([*])=O)c3)cc2)cc1,[*]Nc1ccc(Cc2ccc(NC(=O)c3cc(NC(O)c4ccncc4)cc(C([*])=O)c3)cc2)cc1,0.17762279510498047,0.2748990058898926,0,0,0.0
[*]CCCNC(=O)c1cccc(C(=O)N[*])c1,[*]CCCNC(=O)c1cccc(C(O)N[*])c1,0.3189382553100586,0.23941421508789062,0,0,0.0
[*]Oc1ccc(SSCCCCSSc2ccc([*])cc2)cc1,[*]Oc1ccc(SSCCCCSc2ccc([*])cc2)cc1,0.07887983322143555,0.12637758255004883,-1,-1,0.0039525691699604515
[*]OC(=O)OC1COC2C([*])COC12,[*]OC(O)OC1COC2C([*])COC12,0.22411394119262695,0.128021240234375,0,0,0.0
[*]c1ccc(Oc2ccc(Oc3ccc(N4C(=O)CC(=O)N([*])C4=S)cc3)cc2)cc1,[*]c1ccc(Oc2ccc(Oc3ccc(N4(=O)CC(=O)N([*])C4=S)cc3)cc2)cc1,0.7635223865509033,0.08225798606872559,-1,-1,0.006451612903226156
[*]CC([*])C(=O)OCCCSCC,[*]CC([*])C(O)OCCCSCC,0.031841278076171875,0.7258138656616211,0,0,0.0
[*]CCCCCCCCCCCCCCCCOC(=O)CC=CCC(=O)O[*],[*]CCCCCCCCCCCCCCCOC(=O)CC=CCC(=O)O[*],0.006503582000732422,0.04198789596557617,-1,-1,-0.002645502645502784
[*]Nc1ccc(NC(=O)c2ccc(C([*])=O)cc2)cc1,[*]Nc1ccc(C(=O)c2ccc(C([*])=O)cc2)cc1,0.04332590103149414,0.6676104068756104,-1,-1,0.005263157894736636
[*]CC([*])C=C,[*]C([*])C=C,0.16317033767700195,0.002448558807373047,-1,-1,-0.06666666666666665
[*]Cc1cccc(CN([*])c2ccccc2)c1O,[*]c1cccc(CN([*])c2ccccc2)c1O,0.43355464935302734,0.016613483428955078,-1,-1,0.006535947712418277
[*]c1ccc(S(=O)(=O)NCCCCCCNS([*])(=O)=O)cc1,[*]c1ccc(S(O)(=O)NCCCCCCNS([*])(=O)=O)cc1,0.16437101364135742,0.16762018203735352,0,0,0.0
[*]CC([*])(C)C(=O)OCC(=O)N1CCOCC1,[*]C([*])(C)C(=O)OCC(=O)N1CCOCC1,0.06350040435791016,0.22136688232421875,-1,-1,0.0
[*]NC(=O)C(C=C1)=CC=C1C(S2)=CC=C2[*],[*]C(=O)C(C=C1)=CC=C1C(S2)=CC=C2[*],0.050969839096069336,0.7161636352539062,-1,-1,0.008333333333333304
[*]Oc1ccc(-c2ccc(OC(=O)c3cccc(Oc4ccc(C([*])=O)cc4)c3)cc2)cc1,[*]Oc1ccc(-c2ccc(C(=O)c3cccc(Oc4ccc(C([*])=O)cc4)c3)cc2)cc1,0.06209969520568848,0.014135599136352539,-1,-1,0.005681818181818343
[*]CC([*])c1ccc(C(=O)OCCCCCC)cc1,[*]C([*])c1ccc(C(=O)OCCCCCC)cc1,0.05323648452758789,0.2652926445007324,-1,-1,0.0
[*]CC([*])N1CCCC1=O,[*]CC([*])N1CCC1=O,0.08568429946899414,0.0753321647644043,-1,-1,0.0
[*]Oc1ccc(NC(=O)c2ccc(-c3ccc(C(=O)Nc4ccc(Oc5ccc(C6(c7ccc([*])cc7)CC7CCC6C7)cc5)cc4)cc3)cc2)cc1,[*]Oc1ccc(NC(=O)c2ccc(-c3ccc(C(=O)c4ccc(Oc5ccc(C6(c7ccc([*])cc7)CC7CCC6C7)cc5)cc4)cc3)cc2)cc1,0.019503355026245117,0.19885802268981934,-1,-1,0.005079825834542806
[*]OC(=O)CCCCCCCCC(=O)OC1COC2C([*])COC12,[*]OC(=O)CCCCCCCC(=O)OC1COC2C([*])COC12,0.006349086761474609,0.0343475341796875,-1,-1,0.0036231884057968955
[*]NNC(=O)C=CC(=O)Nc1ccc(NC(=O)C=CC([*])=O)cc1,[*]NC(=O)C=CC(=O)Nc1ccc(NC(=O)C=CC([*])=O)cc1,0.1486663818359375,0.5646829605102539,-1,-1,0.0
[*]CCOCCOCCOc1ccc(C=C(C)c2ccc(O[*])cc2)cc1,[*]CCOCCCCOc1ccc(C=C(C)c2ccc(O[*])cc2)cc1,0.0038645267486572266,0.06024599075317383,-1,-1,0.002849002849003135
[*]c1cc(CCCC)c([*])s1,[*]c1cc(CCC)c([*])s1,0.016679763793945312,0.008661031723022461,-1,-1,0.0
[*]C=Cc1ccc(-c2ccc([*])s2)s1,[*]C=Cc1ccc(-c2ccc([*])s2)1,1.148332118988037,0.06315851211547852,-1,-1,0.01098901098901095
[*]c1nc2cc3nc(-c4ccc([*])o4)[nH]c3cc2[nH]1,[*]c1nc2cc3nc(-c4ccc([*])o4)[nH]c3cc21,0.2939620018005371,0.018700599670410156,-1,-1,0.01754385964912286
[*]Oc1ccc(NC(=O)NCCCCCCNC([*])=O)cc1C,[*]Oc1ccc(NC(=O)CCCCCCNC([*])=O)cc1C,0.0414118766784668,0.016492843627929688,-1,-1,0.0
[*]Nc1ccc(C([*])=O)cc1,[*]c1ccc(C([*])=O)cc1,0.029694795608520508,0.9289896488189697,-1,-1,0.0
[*]Oc1c(C)cc(C(=O)c2ccc([*])cc2)cc1C,[*]Oc1c(C)cc(C(O)c2ccc([*])cc2)cc1C,0.4610707759857178,0.07134675979614258,0,0,0.0
[*]CCC[Si](C)(C)O[Si](C)(C)CCCn1c(=O)c2cc3c(=O)n([*])c(=O)c3cc2c1=O,[*]CC[Si](C)(C)O[Si](C)(C)CCCn1c(=O)c2cc3c(=O)n([*])c(=O)c3cc2c1=O,0.02007460594177246,0.599261999130249,-1,-1,0.004301075268817289
[*]C(=O)Oc1ccc(OC(=O)c2ccc3c(c2)C(=O)N(c2ccc(Oc4ccc(N5C(=O)c6ccc([*])cc6C5=O)cc4)cc2)C3=O)c(-c2ccccc2)c1,[*]C(=O)Oc1ccc(OC(=O)c2ccc3c(c2)C(=O)N(c2ccc(Oc4ccc(N5C(O)c6ccc([*])cc6C5=O)cc4)cc2)C3=O)c(-c2ccccc2)c1,0.10427188873291016,0.5068213939666748,0,0,0.0
[*]CCCC(CCNC(=O)c1ccc(C(=O)N[*])cc1)C(C)C,[*]CCC(CCNC(=O)c1ccc(C(=O)N[*])cc1)C(C)C,0.02723407745361328,0.3535146713256836,-1,-1,0.0
[*]CC([*])C(=O)SC(C)CC,[*]CC([*])C(=O)S(C)CC,0.05760526657104492,0.04967546463012695,-1,-1,-0.018181818181818077
[*]OC(=O)CCSc1ccc(SCCC([*])=O)cc1,[*]OC(=O)CCc1ccc(SCCC([*])=O)cc1,0.3261585235595703,0.1059117317199707,-1,-1,0.0
[*]NC(CCCCNC(=O)NCCNC([*])=O)C(=O)OC,[*]NC(CCCCNC(=O)NCNC([*])=O)C(=O)OC,0.045247554779052734,0.07012224197387695,-1,-1,-0.004761904761904745
[*]CCCCCCCCCCCCCCCCCCCCOC(=O)CCC(=O)O[*],[*]CCCCCCCCCCCCCCCCCCCCC(=O)CCC(=O)O[*],0.04925823211669922,0.04267692565917969,-1,-1,-0.0022988505747125743
[*]Cc1ccc(Cc2ccc(CSC(=O)c3cccc(C(=O)S[*])c3)cc2)cc1,[*]Cc1ccc(Cc2ccc(CSC(=O)c3cccc(C(O)S[*])c3)cc2)cc1,0.07531309127807617,0.0984194278717041,0,0,0.0
[*]CCOCCOC(=O)NCCNC(=O)O[*],[*]CCOCCOC(=O)NCNC(=O)O[*],0.03489494323730469,0.19141054153442383,-1,-1,-0.007352941176470562
[*]CC([*])c1ccc(CCCCCCCCCCCCCCCC)cc1,[*]CC([*])c1ccc(CCCCCCCCCCCCCCC)cc1,0.025424957275390625,0.009857654571533203,-1,-1,0.0
[*]c1cccc(S(=O)(=O)NCCCCCNS([*])(=O)=O)c1,[*]c1cccc(S(=O)(=O)NCCCCNS([*])(=O)=O)c1,0.032846927642822266,0.021381378173828125,-1,-1,0.0
[*]C=NCCCCCCN=Cc1ccc(Sc2ccc([*])o2)o1,[*]C=NCCCCCCN=Cc1ccc(Sc2ccc([*])o2)1,1.1101982593536377,0.01957249641418457,-1,-1,0.0039525691699604515
[*]C=CC1CC([*])C(C#N)([Si](C)(C)O[Si](C)(C)C)C1,[*]C=CC1C([*])C(C#N)([Si](C)(C)O[Si](C)(C)C)C1,0.05587959289550781,0.17518854141235352,-1,-1,0.0
[*]CC(F)(F)C(F)(F)COC(=O)NCC(F)(F)C(F)(F)C(F)(F)C(F)(F)CNC(=O)O[*],[*]CC(F)(F)C(F)(F)OC(=O)NCC(F)(F)C(F)(F)C(F)(F)C(F)(F)CNC(=O)O[*],0.026319026947021484,0.16435480117797852,-1,-1,-0.002016129032258007
[*]CCCN1C(=O)C2C3C=CC(C4C(=O)N([*])C(=O)C34)C2C1=O,[*]CCCN1C(=O)C2C3C=CC(C4C(=O)N([*])C(O)C34)C2C1=O,0.26807594299316406,0.6161375045776367,0,0,0.0
[*]CCCCCCCCCCNCCCCCCN[*],[*]CCCCCCCCCNCCCCCCN[*],0.02908945083618164,0.21871566772460938,-1,-1,-0.0052631578947368585
[*]CC([*])(C)C(=O)OC1(C)CCOC(=O)C1,[*]CC([*])(C)C(=O)OC1(C)COC(=O)C1,0.010786056518554688,0.3088111877441406,-1,-1,0.0
[*]C(=O)C(S1)=CC=C1C(=S)O[*],[*]C(=O)C(S1)CC=C1C(=S)O[*],0.20251870155334473,0.6811850070953369,0,0,0.0
[*]c1cn([*])c2ccccc12,[*]1cn([*])c2ccccc12,1.1276555061340332,0.7917823791503906,-1,-1,0.01818181818181852
[*]CC(C=C1)=CC=C1NO[*],[*]CC(C=C1)CC=C1NO[*],0.34653806686401367,0.04658365249633789,0,0,0.0
[*]CCCCCCSC(=O)CCCCCCC(=O)S[*],[*]CCCCCCSC(=O)CCCCCC(=O)S[*],0.03709125518798828,0.045354366302490234,-1,-1,-0.0052631578947368585
[*]C(=O)Nc1ccc(C2(c3ccc(N4C(=O)c5ccc([*])cc5C4=O)cc3)CC(C)CC(C)(C)C2)cc1,[*]C(=O)Nc1ccc(C2(c3ccc(N4(=O)c5ccc([*])cc5C4=O)cc3)CC(C)CC(C)(C)C2)cc1,0.5442378520965576,0.407102108001709,-1,-1,0.006006006006006093
[*]CCOC(=O)c1ccccc1C(=O)O[*],[*]CCOC(=O)c1ccccc1C(O)O[*],0.23014068603515625,0.29966068267822266,0,0,0.0
[*]c1cc(CCCCCCOC(=O)COc2ccccc2)c([*])s1,[*]c1cc(CCCCCCOC(=O)COc2ccccc2)([*])s1,1.9710423946380615,0.4771132469177246,-1,-1,0.0036231884057968955
[*]CCCCCCNC(=O)CCCCC(=O)N[*],[*]CCCCCCNC(=O)CCCCC(=O)[*],0.16311120986938477,0.021063804626464844,-1,-1,-0.006535947712418277
[*]CCSC(=O)CCCCCCC(=O)S[*],[*]CCSC(=O)CCCCCC(=O)S[*],0.048890113830566406,0.11364030838012695,-1,-1,-0.008333333333333304
[*]CCCCC(=O)OCCCCCCOC(=O)c1ccc(O[*])cc1,[*]CCCCC(=O)OCCCCCCOC(O)c1ccc(O[*])cc1,0.3574666976928711,0.029266357421875,0,0,0.0
[*]CCCCCCCCCCCCC(=O)N[*],[*]CCCCCCCCCCCCC(=O)[*],0.21355342864990234,0.4039311408996582,-1,-1,-0.007352941176470562
[*]CCOCCOCCOC(=O)c1ccc(C(=O)O[*])cc1,[*]CCCCOCCOC(=O)c1ccc(C(=O)O[*])cc1,0.04306745529174805,0.4392108917236328,-1,-1,0.0
[*]CC([*])(F)C(=O)OCC(F)(F)C(F)(F)F,[*]CC([*])(F)C(=O)OC(F)(F)C(F)(F)F,0.03404426574707031,0.26536130905151367,-1,-1,-0.008333333333333304
[*]CC([*])C(=O)Nc1ccccc1Cl,[*]CC([*])C(=O)Nc1ccccc1,0.18907976150512695,0.11739706993103027,-1,-1,0.0
[*]CC([*])CO,[*]CC([*])O,0.24070405960083008,0.25551509857177734,-1,-1,-0.06666666666666665
[*]Sc1ccc(-c2ccc(SC(=O)CCCCCCCCC([*])=O)cc2)cc1,[*]Sc1ccc(-c2ccc(C(=O)CCCCCCCCC([*])=O)cc2)cc1,0.11845588684082031,0.11159992218017578,-1,-1,0.00264550264550234
[*]CC(=O)OC(=O)[*],[*]C(=O)OC(=O)[*],0.2911953926086426,0.2509603500366211,-1,-1,-0.03571428571428581
[*]OC(C)CCOC(=O)CCCCC([*])=O,[*]OC(C)CCOC(O)CCCCC([*])=O,0.05145978927612305,0.14211368560791016,0,0,0.0
[*]Nc1ccc(NC(=O)CCCCCCCCC([*])=O)cc1,[*]Nc1ccc(NC(=O)CCCCCCCC([*])=O)cc1,0.009106159210205078,0.04456758499145508,-1,-1,0.0
[*]NC(=O)C(=S)C(S1)=CC=C1[*],[*]C(=O)C(=S)C(S1)=CC=C1[*],0.07970428466796875,0.3852546215057373,-1,-1,0.0
[*]C=C([*])c1cc(C(F)(F)F)oc1C(F)(F)F,[*]=C([*])c1cc(C(F)(F)F)oc1C(F)(F)F,0.3279588222503662,0.9076414108276367,-1,-1,0.0
[*]Oc1ccc(C2(c3ccc(OC([*])=O)cc3)CC(C)CC(C)(C)C2)cc1,[*]Oc1ccc(C2(c3ccc(OC([*])=O)cc3)C(C)CC(C)(C)C2)cc1,0.03830671310424805,0.043126583099365234,-1,-1,0.005698005698005382
[*]Oc1ccc(CC(NC(=O)CCc2ccc(OC([*])=O)cc2)C(=O)OCC)cc1,[*]Oc1ccc(C(NC(=O)CCc2ccc(OC([*])=O)cc2)C(=O)OCC)cc1,0.20360851287841797,0.17260456085205078,-1,-1,0.0022988505747125743
[*]CCCOC(=O)c1ccc2cc(C(=O)O[*])ccc2c1,[*]CCCOC(=O)c1ccc2cc(C(=O)[*])ccc2c1,0.17997360229492188,0.18668031692504883,-1,-1,0.004761904761904745
[*]CC(OC(=O)OCC)C(COC(=O)O[*])OC(=O)OCC,[*]CC(OC(=O)OCC)C(CC(=O)O[*])OC(=O)OCC,0.039112091064453125,0.12197256088256836,-1,-1,-0.0043290043290045155
[*]NC(C=C1)=CC=C1C(=O)O[*],[*]NC(CC1)=CC=C1C(=O)O[*],0.39428162574768066,0.2960629463195801,0,0,0.0
[*]OC(C)CCOC(=O)CCCCCC([*])=O,[*]OC(C)CCOC(=O)CCCCCC([*])O,0.07418966293334961,0.027008056640625,0,0,0.0
[*]C(C=C1)=CC=C1C(C=C2)=CC=C2C(C=C3)=CC=C3O[*],[*]C(C=C1)=CC=C1C(C=C2)=CC=2C(C=C3)=CC=C3O[*],0.6986989974975586,0.5616037845611572,-1,-1,0.00952380952380949
[*]c1cc(CCCC(=O)OCC)c([*])[nH]1,[*]c1cc(CCCC(=O)CC)c([*])[nH]1,0.12968897819519043,0.48131251335144043,-1,-1,0.0
[*]C(=O)C1C(C)C1C(=O)N1CCN([*])CC1,[*]C(=O)C1C(C)C1C(=O)N1CC([*])CC1,0.3787212371826172,0.15389394760131836,-1,-1,0.008333333333333304
[*]CCCCCOC(=O)c1ccccc1-c1ccccc1C(=O)O[*],[*]CCCCCOC(O)c1ccccc1-c1ccccc1C(=O)O[*],0.20018243789672852,0.0683755874633789,0,0,0.0
[*]CCOC(=O)Nc1cc(NC(=O)O[*])ccc1C,[*]CCOC(=O)Nc1cc(C(=O)O[*])ccc1C,0.06277322769165039,0.29981088638305664,-1,-1,0.0
[*]C=Cc1ccc([*])n1C,[*]CCc1ccc([*])n1C,1.6865875720977783,3.075134038925171,0,0,0.0
[*]CC(CO[*])(COCC(F)(F)F)COCC(F)(F)F,[*]CC(CO[*])(COCC(F)(F)F)OCC(F)(F)F,0.10978889465332031,0.24889421463012695,-1,-1,-0.0052631578947368585
[*]C(C=C1)=CC=C1C(S2)=CC=C2OC(=S)[*],[*]C(C=C1)=CC=C1C(S2)=CC=C2OC(S)[*],0.5548992156982422,0.08225178718566895,0,0,0.0
[*]C([*])(F)F,[*]C([*])(F),0.8378362655639648,0.9750924110412598,-1,-1,-0.10000000000000009
[*]Nc1cccc(NC(=O)c2ccc(NC(=O)c3ccc([Si](C)(C)c4ccc(C(=O)Nc5ccc(C([*])=O)cc5)cc4)cc3)cc2)c1,[*]Nc1cccc(NC(=O)c2ccc(C(=O)c3ccc([Si](C)(C)c4ccc(C(=O)Nc5ccc(C([*])=O)cc5)cc4)cc3)cc2)c1,0.018872976303100586,0.06041979789733887,-1,-1,0.0037002775208141436
[*]CCCOC(=O)CCCCSCCCCC(=O)O[*],[*]CCCOC(=O)CCCCSCCCC(=O)O[*],0.0447382926940918,0.2068920135498047,-1,-1,-0.0052631578947368585
[*]CCCCCCCCc1nc2cc3sc([*])nc3cc2s1,[*]CCCCCCCc1nc2cc3sc([*])nc3cc2s1,0.024309158325195312,0.43711090087890625,-1,-1,0.008658008658009031
[*]Oc1ccc(-c2ccc(Oc3ccc(C(=O)c4ccc([*])cc4)cc3)cc2)cc1,[*]Oc1ccc(-c2ccc(Oc3ccc(C(O)c4ccc([*])cc4)cc3)cc2)cc1,0.24457025527954102,0.23042988777160645,0,0,0.0
[*]CC#CC#CCOC(=O)CCCCC(=O)O[*],[*]CC#CC#CCOC(O)CCCCC(=O)O[*],0.10826253890991211,0.26463985443115234,0,0,0.0
[*]Oc1c(Cl)cc([*])cc1Br,[*]c1c(Cl)cc([*])cc1Br,0.22948980331420898,1.425018310546875,-1,-1,0.0
[*]CC(=O)C(S1)=CC=C1C(S2)=CC=C2[*],[*]C(=O)C(S1)=CC=C1C(S2)=CC=C2[*],0.47902774810791016,0.8259918689727783,-1,-1,0.00952380952380949
[*]C(=O)C(=O)c1ccc(C=C2CCC(=Cc3ccc([*])cc3)C2=O)cc1,[*]C(=O)C(=O)c1ccc(CC2CCC(=Cc3ccc([*])cc3)C2=O)cc1,0.5239057540893555,0.39620447158813477,0,0,0.0
[*]Oc1cccc(Oc2ccc(-c3ccc([*])cc3)cc2)c1C#N,[*]Oc1cccc(Oc2ccc(-c3ccc([*])cc3)cc2)c1CN,0.2635207176208496,0.6515116691589355,0,0,0.0
[*]c1ccc2c(c1)c1cc([*])ccc1n2CC1CO1,[*]c1ccc2c(c1)c1cc([*])ccc1n2C1CO1,0.014879703521728516,0.29009556770324707,-1,-1,0.01754385964912286
[*]CCCCCCCCCCOC(=O)NCc1ccc(CNC(=O)O[*])cc1,[*]CCCCCCCCCOC(=O)NCc1ccc(CNC(=O)O[*])cc1,0.03926849365234375,0.08323097229003906,-1,-1,0.0
[*]CCCCOc1ccc(C=C2CCC(=Cc3ccc(O[*])cc3)C2=O)cc1,[*]CCCCOc1ccc(C=C2CCC(Cc3ccc(O[*])cc3)C2=O)cc1,0.5266852378845215,0.3314838409423828,0,0,0.0
[*]CC(CO[*])(CS(=O)(=O)CCC)CS(=O)(=O)CCC,[*]C(CO[*])(CS(=O)(=O)CCC)CS(=O)(=O)CCC,0.036065101623535156,0.05511617660522461,-1,-1,-0.0052631578947368585
[*]OC(=O)CCSCCC([*])=O,[*]OC(=O)CCSCC([*])=O,0.11319541931152344,0.032651424407958984,-1,-1,-0.015151515151515138
[*]c1ccc2cc([*])n(C(C(=O)NO)n3ccc4ccccc43)c2c1,[*]c1ccc2cc([*])n(C(C(=O)O)n3ccc4ccccc43)c2c1,0.02447199821472168,0.03463888168334961,-1,-1,0.009999999999999787
[*]CCC(C)CO[*],[*]CCC(C)C[*],0.15057134628295898,0.3820528984069824,-1,-1,-0.03571428571428581
[*]CC(C)C(C)COC(=O)c1ccc(C(=O)O[*])cc1,[*]CC(C)C(C)CC(=O)c1ccc(C(=O)O[*])cc1,0.009147167205810547,0.3083648681640625,-1,-1,0.0
[*]CCCOC(=O)CCCCC(=O)O[*],[*]CCCOC(O)CCCCC(=O)O[*],0.055271148681640625,0.05206012725830078,0,0,0.0
[*]C(F)C([*])(F)OC(F)(F)F,[*](F)C([*])(F)OC(F)(F)F,0.33792638778686523,0.9170331954956055,-1,-1,-0.018181818181818077
[*]CCN(CCOC(=O)c1cccc(C(=O)O[*])c1)c1ccccc1,[*]CCN(COC(=O)c1cccc(C(=O)O[*])c1)c1ccccc1,0.14184856414794922,0.557520866394043,-1,-1,0.0033333333333334103
[*]CC([*])c1ccc(CCl)cc1,[*]C([*])c1ccc(CCl)cc1,0.06079530715942383,1.2668020725250244,-1,-1,0.0
[*]c1cc(CCCCCCCCCC2COC(c3ccccc3)O2)c([*])s1,[*]c1cc(CCCCCCCCC2COC(c3ccccc3)O2)c([*])s1,0.04166388511657715,0.042096853256225586,-1,-1,0.005698005698005382
[*]Oc1c(Br)cc(C(C)(C)c2cc(Br)c(OC([*])=O)c(Br)c2)cc1Br,[*]Oc1(Br)cc(C(C)(C)c2cc(Br)c(OC([*])=O)c(Br)c2)cc1Br,0.23133373260498047,0.07970666885375977,-1,-1,0.0033333333333334103
[*]CCCCNC(=O)c1cccc(C(=O)N[*])c1,[*]CCCNC(=O)c1cccc(C(=O)N[*])c1,0.06838464736938477,0.15736961364746094,-1,-1,0.0
[*]CC([*])c1ccc(C(=O)CCN2CCOCC2)cc1,[*]C([*])c1ccc(C(=O)CCN2CCOCC2)cc1,0.06254196166992188,0.056147098541259766,-1,-1,0.005263157894736636
[*]NC(CCC([*])=O)C(=O)OC,[*]NC(CCC([*])=O)C(=O)C,0.2579059600830078,0.16551637649536133,-1,-1,-0.015151515151515138
[*]CCCCCCNC(=O)C(CCCCC)C(=O)N[*],[*]CCCCCCNC(=O)C(CCCCC)C(=O)[*],0.18372154235839844,0.1437687873840332,-1,-1,-0.0052631578947368585
[*]C(=O)C(C=C1)=CC=C1OC(=S)[*],[*]C(O)C(C=C1)=CC=C1OC(=S)[*],0.40534400939941406,0.6720304489135742,0,0,0.0
[*]c1ccc(NC(=O)c2cc(NC(=O)c3ccc(OC(C)=O)cc3)cc(C(=O)Nc3ccc(-c4nnc([*])o4)cc3)c2)cc1,[*]c1ccc(NC(=O)c2cc(NC(=O)c3ccc(OC(C)O)cc3)cc(C(=O)Nc3ccc(-c4nnc([*])o4)cc3)c2)cc1,0.04592275619506836,0.08038473129272461,0,0,0.0
[*]c1ccc([*])n1C(=O)NO,[*]c1ccc([*])n1C(=O)N,0.02006816864013672,0.32746028900146484,-1,-1,0.0
[*]c1ccc(-c2nc3ccc(-c4ccc5nc([*])sc5c4)cc3s2)cc1,[*]c1ccc(-c2nc3ccc(-c4ccc5n([*])sc5c4)cc3s2)cc1,0.22103285789489746,0.42282772064208984,-1,-1,0.012307692307692353
[*]CCCCCCCCNC(=O)CCCCCCCCCCCCCCCCCCC(=O)N[*],[*]CCCCCCCNC(=O)CCCCCCCCCCCCCCCCCCC(=O)N[*],0.02033376693725586,0.06719732284545898,-1,-1,-0.0017825311942958333
[*]c1sc([*])c2c1OCC(CCCCCC)O2,[*]c1sc([*])2c1OCC(CCCCCC)O2,2.788480043411255,0.10055208206176758,-1,-1,0.007352941176470562
[*]Oc1ccc(CC(NC(=O)CCc2ccc(OC(=O)CCC([*])=O)cc2)C(=O)OCCCCCC)cc1,[*]Oc1ccc(CC(NC(=O)CCc2ccc(OC(=O)CC([*])=O)cc2)C(=O)OCCCCCC)cc1,0.06575918197631836,0.10693788528442383,-1,-1,0.0014224751066853614
[*]NC(C=C)CC([*])=O,[*]NC(C=C)CC([*])O,0.09008407592773438,1.1870031356811523,0,0,0.0
[*]CCCCCCNC(=O)CC(=O)N[*],[*]CCCCCCNC(=O)C(=O)N[*],0.17399358749389648,0.08340883255004883,-1,-1,-0.00952380952380949
[*]CCOCCOCCOCCOC(=O)NCCCCCCNC(=O)O[*],[*]CCOCCOCCOCOC(=O)NCCCCCCNC(=O)O[*],0.03358745574951172,0.06323480606079102,-1,-1,-0.002849002849002691
[*]c1cc(-c2ccc(OCCCCCC)cc2)c([*])s1,[*]c1cc(-c2ccc(OCCCCCC)cc2)([*])s1,1.8778717517852783,0.4462246894836426,-1,-1,0.005263157894736636
[*]OP(=O)(Oc1ccc(C(C)(C)c2ccc([*])cc2)cc1)c1ccccc1,[*]P(=O)(Oc1ccc(C(C)(C)c2ccc([*])cc2)cc1)c1ccccc1,0.12641620635986328,0.44266581535339355,-1,-1,0.005698005698005382
[*]Oc1ccc(S(=O)(=O)c2ccc(Oc3ccc(-c4ccc([*])cc4)cc3)cc2)cc1,[*]c1ccc(S(=O)(=O)c2ccc(Oc3ccc(-c4ccc([*])cc4)cc3)cc2)cc1,0.4001336097717285,0.37325596809387207,-1,-1,0.006451612903226156
[*]c1ccc(N2C(=O)c3ccc(Oc4ccc5c(c4)C(=O)N([*])C5=O)cc3C2=O)cc1,[*]1ccc(N2C(=O)c3ccc(Oc4ccc5c(c4)C(=O)N([*])C5=O)cc3C2=O)cc1,0.3044588565826416,0.03747296333312988,-1,-1,0.008602150537634135
[*]OC(CCl)CC([*])=O,[*]OC(Cl)CC([*])=O,0.1537632942199707,0.1592540740966797,-1,-1,-0.02777777777777768
[*]C(=O)c1ccc2c(c1)C(=O)N(c1cc(C(=O)O)cc(N3C(=O)c4ccc([*])cc4C3=O)c1)C2=O,[*](=O)c1ccc2c(c1)C(=O)N(c1cc(C(=O)O)cc(N3C(=O)c4ccc([*])cc4C3=O)c1)C2=O,0.3424997329711914,0.17897915840148926,-1,-1,0.006722689075630228
[*]CCCCCCCCCNC(=O)c1cccc(C(=O)N[*])c1,[*]CCCCCCCCNC(=O)c1cccc(C(=O)N[*])c1,0.01650524139404297,0.10334396362304688,-1,-1,0.0
[*]c1ccc2ccc3c([*])cc(C#CC#C[Si](C)(C)C)c4ccc1c2c34,[*]1ccc2ccc3c([*])cc(C#CC#C[Si](C)(C)C)c4ccc1c2c34,0.5966622829437256,0.04626893997192383,-1,-1,0.009230769230769376
[*]OC1CCC(OC([*])=O)CC1,[*]OC1CC(OC([*])=O)CC1,0.024109363555908203,0.21186590194702148,-1,-1,0.0
[*]CCN1C(=O)C(=CC=C2SC(=S)N([*])C2=O)SC1=S,[*]CCN1C(=O)C(=CC=C2SC(=S)N([*])C2=O)C1=S,0.686378002166748,0.11817407608032227,-1,-1,0.005263157894736636
[*]CC([*])OCc1ccccc1,[*]C([*])OCc1ccccc1,0.05592775344848633,0.17081308364868164,-1,-1,0.0
[*]Nc1cccc2c(NC(=O)c3cccc(C([*])=O)c3)cccc12,[*]Nc1cccc2c(NC(=O)c3cccc(C([*])O)c3)cccc12,0.3800392150878906,0.5262172222137451,0,0,0.0
[*]CC([*])C(=O)OCCSCC#N,[*]C([*])C(=O)OCCSCC#N,0.002129077911376953,0.037055015563964844,-1,-1,-0.012820512820512997
[*]c1ccc([*])s1,[*]c1ccc([*])1,1.0349793434143066,1.3891935348510742,-1,-1,0.0
[*]c1ccc(Cc2ccccc2-n2c(=O)c3cc4c(=O)n([*])c(=O)c4cc3c2=O)cc1,[*]c1ccc(c2ccccc2-n2c(=O)c3cc4c(=O)n([*])c(=O)c4cc3c2=O)cc1,0.1873469352722168,0.00203704833984375,-1,-1,0.008602150537634135
[*]CCCCCNC(=O)c1cccc(C(=O)N[*])c1,[*]CCCCCC(=O)c1cccc(C(=O)N[*])c1,0.06890392303466797,0.2107071876525879,-1,-1,0.0
[*]c1ccc([*])n1C(C(=O)NO)n1ccc2ccccc21,[*]1ccc([*])n1C(C(=O)NO)n1ccc2ccccc21,0.8439977169036865,0.03997087478637695,-1,-1,0.00952380952380949
O([*])C(=O)Oc1c(C)cc(cc1)C(C)(C)c1cc(C)c(cc1)([*]),O([*])C(=O)c1c(C)cc(cc1)C(C)(C)c1cc(C)c(cc1)([*]),0.16152667999267578,0.21246910095214844,-1,-1,0.0039525691699604515
[*]c1ccc([*])c(C)n1,[*]1ccc([*])c(C)n1,0.6812930107116699,0.7805495262145996,-1,-1,0.0
[*]N1CCC(CCc2ccc(N3C(=O)c4ccc(N5C(=O)C(=O)N([*])C5=O)cc4C3=O)cc2)CC1,[*]N1CCC(Cc2ccc(N3C(=O)c4ccc(N5C(=O)C(=O)N([*])C5=O)cc4C3=O)cc2)CC1,0.023531675338745117,0.3548603057861328,-1,-1,0.006722689075630228
[*]CCNC(=O)CCCCCCC(=O)N[*],[*]CCNC(=O)CCCCCCC(O)N[*],0.020055294036865234,0.1520857810974121,0,0,0.0
[*]C(F)(F)C1(F)C(F)(F)C([*])(F)C1(F)F,[*]C(F)(F)C1(F)C(F)(F)C([*])(F)C1(F),0.051489830017089844,0.26792335510253906,-1,-1,0.0
[*]CCCCOC(=O)Nc1ccc(Cc2ccc(NC(=O)O[*])cc2)cc1,[*]CCCCOC(=O)Nc1ccc(c2ccc(NC(=O)O[*])cc2)cc1,0.37516307830810547,0.12119865417480469,-1,-1,0.002849002849003135
[*]NNC(=O)c1ccc(C([*])=O)cc1OCCCCCCCCCC,[*]NNC(=O)c1ccc(C([*])=O)cc1OCCCCCCCCC,0.018738746643066406,0.0448002815246582,-1,-1,0.0
[*]Oc1ccc(S(=O)(=O)c2ccc(Oc3ccc(Sc4ccc([*])cc4)cc3)cc2)cc1,[*]Oc1ccc(S(=O)(=O)c2ccc(Oc3ccc(c4ccc([*])cc4)cc3)cc2)cc1,0.18572258949279785,0.11769318580627441,-1,-1,0.006048387096774022
[*]CCCCCCCCCCC(Cl)C([*])Cl,[*]CCCCCCCCCC(Cl)C([*])Cl,0.0072116851806640625,0.1619281768798828,-1,-1,-0.008333333333333304
[*]CCc1cnc([*])cn1,[*]Cc1cnc([*])cn1,0.15179157257080078,0.8762555122375488,-1,-1,0.0
[*]CCCOc1ccc(C(=O)OC(=O)c2ccc(O[*])cc2)cc1,[*]CCCOc1ccc(C(=O)OC(=O)c2ccc([*])cc2)cc1,0.21062469482421875,0.008580207824707031,-1,-1,0.0036231884057968955
[*]CCCCCOc1cccc(C(=O)OC(=O)c2cccc(O[*])c2)c1,[*]CCCCCOc1cccc(C(=O)OC(=O)c2cccc([*])c2)c1,0.21914052963256836,0.1163187026977539,-1,-1,0.003076923076922977
[*]OC1(C)CCC([*])CC1CCCCCCCC,[*]OC1(C)CCC([*])CC1CCCCCCC,0.022428035736083984,0.020859241485595703,-1,-1,0.0
[*]CCCCCc1nnc([*])o1,[*]CCCCCc1nn([*])o1,0.019721508026123047,0.30147361755371094,-1,-1,0.0
[*]CC1(CO[*])CC=CCC1,[*]CC1(C[*])CC=CCC1,0.023581981658935547,0.0834798812866211,-1,-1,0.0
[*]CC([*])C(=O)OCC(C)C,[*]CC([*])C(=O)OCC(C),0.13953399658203125,0.022692203521728516,-1,-1,-0.018181818181818077
[*]Oc1ccc([*])cc1,[*]c1ccc([*])cc1,0.46759748458862305,0.8760986328125,-1,-1,0.0
[*]CC(CO[*])(CS(=O)(=O)C(C)C)CS(=O)(=O)C(C)C,[*]CC(O[*])(CS(=O)(=O)C(C)C)CS(=O)(=O)C(C)C,0.05244255065917969,0.13846158981323242,-1,-1,-0.0052631578947368585
[*]CC(=O)CC(=S)[*],[*]C(=O)CC(=S)[*],0.09497404098510742,0.06315183639526367,-1,-1,-0.03571428571428581
[*]CC(CO[*])(CS(=O)(=O)CCCCC)CS(=O)(=O)CCCCC,[*]C(CO[*])(CS(=O)(=O)CCCCC)CS(=O)(=O)CCCCC,0.052274227142333984,0.19428253173828125,-1,-1,-0.0036231884057971175
[*]CCCOC(=O)CCCCCCCCCCCCCCCCC(=O)O[*],[*]CCCOC(=O)CCCCCCCCCCCCCCCC(=O)O[*],0.019151687622070312,0.06718921661376953,-1,-1,-0.002849002849002691
[*]CCCCNC(=O)CCCCCCCCCCCCCCCCC(=O)N[*],[*]CCCCNC(=O)CCCCCCCCCCCCCCCC(=O)N[*],0.004542827606201172,0.12544584274291992,-1,-1,-0.002645502645502784
[*]OC(=O)c1ccc(C(C)(C)c2ccc(C([*])=O)cc2)cc1,[*]C(=O)c1ccc(C(C)(C)c2ccc(C([*])=O)cc2)cc1,0.3425889015197754,0.49408936500549316,-1,-1,0.0043290043290045155
[*]CCCCCCCC(=O)OC1COC([*])OC1,[*]CCCCCCC(=O)OC1COC([*])OC1,0.017052650451660156,0.14936351776123047,-1,-1,0.0
[*]C(=O)c1cccc(C(=O)c2ccc3c(c2)C(=O)N(c2ccc(Oc4ccc(N5C(=O)c6ccc([*])cc6C5=O)cc4)cc2)C3=O)c1,[*]C(=O)c1cccc(C(=O)c2ccc3(c2)C(=O)N(c2ccc(Oc4ccc(N5C(=O)c6ccc([*])cc6C5=O)cc4)cc2)C3=O)c1,0.14921998977661133,0.13480091094970703,-1,-1,0.005550416281220993
[*]CCCCCCCCCCOC(=O)CCCCCCCCCCCCCCCCC(=O)O[*],[*]CCCCCCCCCCOC(=O)CCCCCCCCCCCCCCCC(=O)O[*],0.012247085571289062,0.03225421905517578,-1,-1,-0.0017825311942958333
[*]CC(COCCOCCOC)O[*],[*]CC(CCCOCCOC)O[*],0.22063589096069336,0.20898723602294922,-1,-1,-0.01098901098901095
[*]CCOCCOCCOC(=O)CCCCC(=O)O[*],[*]CCOCOCCOC(=O)CCCCC(=O)O[*],0.06319904327392578,0.10100078582763672,-1,-1,-0.0052631578947368585
[*]Nc1ccc(NC(=O)c2c(F)c(F)c(C([*])=O)c(F)c2F)cc1,[*]Nc1ccc(NC(=O)c2(F)c(F)c(C([*])=O)c(F)c2F)cc1,0.12876486778259277,0.07594943046569824,-1,-1,0.0036231884057968955
[*]CCCCCOc1ccc(CCc2ccc(O[*])cc2C)cc1,[*]CCCCCc1ccc(CCc2ccc(O[*])cc2C)cc1,0.1476597785949707,0.01682758331298828,-1,-1,0.0036231884057968955
[*]C(c1ccccc1)C([*])(C#N)C#N,[*](c1ccccc1)C([*])(C#N)C#N,0.075592041015625,1.2503645420074463,-1,-1,0.0
[*]CCCS(=O)(=O)CCCS(=O)(=O)CCCOC(=O)c1ccccc1C(=O)O[*],[*]CCS(=O)(=O)CCCS(=O)(=O)CCCOC(=O)c1ccccc1C(=O)O[*],0.024674415588378906,0.0735788345336914,-1,-1,0.0
[*]CCCCCCSCCCCS[*],[*]CCCCCCSCCCS[*],0.016375064849853516,0.06201982498168945,-1,-1,-0.01098901098901095
[*]CC([*])N,[*]C([*])N,0.19044113159179688,0.3679509162902832,-1,-1,-0.10000000000000009
[*]C#Cc1sc(C#Cc2ccc([*])nc2)c([N+](=O)[O-])c1[N+](=O)[O-],[*]C#Cc1sc(CCc2ccc([*])nc2)c([N+](=O)[O-])c1[N+](=O)[O-],0.43318843841552734,0.05324244499206543,0,0,0.0
[*]c1ccc(-c2ccc(-c3ccc([*])s3)s2)[nH]1,[*]c1ccc(-c2ccc(-c3ccc([*])s3)2)[nH]1,0.7459321022033691,0.9539170265197754,-1,-1,0.014705882352941124
[*]OC(C)CCCC(C)C([*])=O,[*]OC(C)CCC(C)C([*])=O,0.025636672973632812,0.055751800537109375,-1,-1,-0.015151515151515138
[*]CCc1nnc([*])n1N,[*]Cc1nnc([*])n1N,0.20882511138916016,0.2551298141479492,-1,-1,0.0
[*]NC(CC(=O)OCCc1ccccc1)C([*])=O,[*]C(CC(=O)OCCc1ccccc1)C([*])=O,0.1596846580505371,0.04008150100708008,-1,-1,0.0
[*]CCC(C)=C([*])Cl,[*]CC(C)=C([*])Cl,0.1807093620300293,0.16049432754516602,-1,-1,-0.03571428571428581
[*]CC(=O)C1CCC([*])C1=O,[*]CC(=O)C1CCC([*])C1O,0.15448284149169922,0.6576871871948242,0,0,0.0
[*]NC(COC(C)=O)C([*])=O,[*]NC(COC(C)=O)C([*])O,0.12903356552124023,0.23298883438110352,0,0,0.0
[*]c1[nH]c([*])c2c1CCCCC2,[*]c1[nH]c([*])c2c1CCCC2,0.044203758239746094,0.018873214721679688,-1,-1,0.015151515151515138
[*]NC1CCC(CCC2CCC(NC(=O)CCCCCCCCCCC([*])=O)CC2)CC1,[*]NC1CCC(CCC2CCC(NC(=O)CCCCCCCCCC([*])=O)CC2)CC1,0.008485794067382812,0.14894771575927734,-1,-1,0.002016129032258007
[*]CCCCCCCCc1nnc(-c2cccc(-c3nnc([*])o3)c2)o1,[*]CCCCCCCc1nnc(-c2cccc(-c3nnc([*])o3)c2)o1,0.011947154998779297,0.40024232864379883,-1,-1,0.0061538461538463984
[*]Oc1ccc(CC(C#N)(C#N)Cc2ccc([*])cc2)cc1,[*]Oc1ccc(CC(C#N)(CN)Cc2ccc([*])cc2)cc1,0.09700202941894531,0.0020465850830078125,0,0,0.0
[*]Nc1ccc([*])cc1N,[*]c1ccc([*])cc1N,0.12838482856750488,0.07681655883789062,-1,-1,0.0
[*]c1cc(-c2sc(-c3cc(CCCC)c([*])s3)cc2CCCC)c2cccccc1-2,[*]c1cc(-c2sc(-c3cc(CCCC)c([*])s3)cc2CCCC)2cccccc1-2,0.709026575088501,0.019728899002075195,-1,-1,0.006896551724137723
[*]CC([*])OC(=O)C(F)(F)F,[*]C([*])OC(=O)C(F)(F)F,0.13964128494262695,0.43982458114624023,-1,-1,-0.018181818181818077
[*]CCCC(=O)[*],[*]CCC(=O)[*],0.05273151397705078,0.37145185470581055,-1,-1,-0.04761904761904745
[*]C=C([*])c1ccc2ccc3cccc4ccc1c2c34,[*]CC([*])c1ccc2ccc3cccc4ccc1c2c34,1.266570806503296,0.8682644367218018,0,0,0.0
[*]OC1OC([*])C2CCCCC12,[*]C1OC([*])C2CCCCC12,0.07644224166870117,0.4983067512512207,-1,-1,0.015151515151515138
[*]C1CC(C)(C)OC1[*],[*]C1C(C)(C)OC1[*],0.05695915222167969,0.020771026611328125,-1,-1,0.0
[*]Cc1ccc(Cc2ccc(CSC(=O)c3ccccc3C(=O)S[*])cc2)cc1,[*]Cc1ccc(Cc2ccc(SC(=O)c3ccccc3C(=O)S[*])cc2)cc1,0.034210920333862305,0.0024046897888183594,-1,-1,0.0049261083743843415
[*]Sc1ccc(-c2ccc(SC(=O)CCCCCCC([*])=O)cc2)cc1,[*]Sc1ccc(-c2ccc(SC(=O)CCCCCC([*])=O)cc2)cc1,0.033883094787597656,0.045444488525390625,-1,-1,0.003076923076922977
[*]Nc1cccc(NC(=O)Cc2cc(CC([*])=O)c(C)cc2C)c1,[*]Nc1cccc(NC(=O)Cc2cc(C([*])=O)c(C)cc2C)c1,0.28589439392089844,0.2188854217529297,-1,-1,0.0036231884057968955
[*]c1sc(-c2cc(SCC(C)CC)c([*])s2)cc1SCC(C)CC,[*]c1sc(-c2cc(SCC(C)C)c([*])s2)cc1SCC(C)CC,0.022530555725097656,0.027424335479736328,-1,-1,0.0036231884057968955
[*]C(=NCCCCCC)N([*])CCCCCC,[*]C(NCCCCCC)N([*])CCCCCC,1.002967357635498,0.11868953704833984,0,0,0.0
[*]OC1CCC(C=C)CC1[*],[*]OC1CCC(C=C)C1[*],0.03442192077636719,0.08507251739501953,-1,-1,0.0
[*]c1ccc(-c2ccc(-n3c(=O)c4cc5c(=O)n([*])c(=O)c5c(C(F)(F)F)c4c3=O)cc2C(F)(F)F)c(C(F)(F)F)c1,[*]c1ccc(-c2ccc(-n3c(=O)c4cc5c(=O)n([*])c(=O)c5c(C(F)(F)F)4c3=O)cc2C(F)(F)F)c(C(F)(F)F)c1,0.14700031280517578,0.13783740997314453,-1,-1,0.004645760743321681
[*]C=C([*])CNS(=O)(=O)Cc1ccccc1,[*]C=C([*])CNS(=O)(=O)c1ccccc1,0.07717561721801758,0.1690959930419922,-1,-1,0.0
[*]c1ccc(-c2csc(-c3nc([*])cs3)n2)cc1,[*]c1ccc(-c2cc(-c3nc([*])cs3)n2)cc1,0.6882033348083496,0.15424847602844238,-1,-1,0.013071895424836555
[*]CC([*])CCCC1CCCCC1,[*]CC([*])CCC1CCCCC1,0.014369010925292969,0.01639270782470703,-1,-1,0.0
[*]NC(C)(C)CC([*])=O,[*]C(C)(C)CC([*])=O,0.5830025672912598,0.38537120819091797,-1,-1,-0.02777777777777768
[*]CCC(F)(F)C([*])(F)F,[*]CCC(F)(F)C([*])(F),0.33931922912597656,0.33544445037841797,-1,-1,-0.022222222222222365
[*]C(=O)c1ccc2c(c1)C(=O)N(c1cccc(Nc3ncnc(Nc4cccc(N5C(=O)c6ccc([*])cc6C5=O)c4)n3)c1)C2=O,[*]C(=O)c1ccc2c(c1)C(=O)N(c1cccc(Nc3ncnc(Nc4cccc(N5C(=O)c6ccc([*])cc6C5=O)c4)n3)c1)C2O,0.12366867065429688,0.2759537696838379,0,0,0.0
[*]CC([*])(C)C(=O)OCCCCn1c2ccccc2c2ccccc21,[*]CC([*])(C)C(O)OCCCCn1c2ccccc2c2ccccc21,0.010112285614013672,0.512366771697998,0,0,0.0
[*]CC(F)(F)C(F)(F)C(F)(F)COC(=O)CSCSCC(=O)O[*],[*]CC(F)(F)C(F)(F)C(F)(F)COC(=O)CSCSCC(=O)[*],0.2245631217956543,0.06918048858642578,-1,-1,-0.0036231884057971175
[*]C(=O)c1ccc2c(c1)C(=O)N(c1ccc(-c3ccc(N4C(=O)c5ccc([*])cc5C4=O)cc3C)c(C)c1)C2=O,[*]C(=O)c1ccc2c(c1)C(=O)N(c1ccc(-c3ccc(N4C(=O)c5ccc([*])cc5C4O)cc3C)c(C)c1)C2=O,0.13831639289855957,0.2972593307495117,0,0,0.0
[*]Oc1ccc(-c2ccc(OC(=O)Nc3cccc(P(=O)(c4ccccc4)c4cccc(NC([*])=O)c4)c3)cc2)cc1,[*]c1ccc(-c2ccc(OC(=O)Nc3cccc(P(=O)(c4ccccc4)c4cccc(NC([*])=O)c4)c3)cc2)cc1,0.23499774932861328,0.8137116432189941,-1,-1,0.004645760743321681
[*]C(=O)c1ccc(N([*])CCCCCCCC)cc1,[*]C(=O)c1ccc(N([*])CCCCCCC)cc1,0.014757156372070312,0.01308584213256836,-1,-1,0.0
[*]CCC(C)C([*])C,[*]CC(C)C([*])C,0.05096912384033203,0.23307228088378906,-1,-1,-0.03571428571428581
[*]CC(=O)Nc1ccc(Oc2ccc(Oc3ccc(NC(=O)CN4C(=O)c5ccc(C(=O)c6ccc7c(c6)C(=O)N([*])C7=O)cc5C4=O)cc3)cc2)cc1,[*]CC(=O)Nc1ccc(Oc2ccc(Oc3ccc(C(=O)CN4C(=O)c5ccc(C(=O)c6ccc7c(c6)C(=O)N([*])C7=O)cc5C4=O)cc3)cc2)cc1,0.02265453338623047,0.04966473579406738,-1,-1,0.00419287211740027
[*]CC(OC(=O)C(=O)OCC)C(COC(=O)O[*])OC(=O)C(=O)OCC,[*]CC(OC(=O)C(=O)OCC)C(OC(=O)O[*])OC(=O)C(=O)OCC,0.0474553108215332,0.15134716033935547,-1,-1,-0.0030769230769231992
[*]CCCCCCCCCOc1ccc(C=CC=Cc2ccc(O[*])c(C)c2)cc1C,[*]CCCCCCCCOc1ccc(C=CC=Cc2ccc(O[*])c(C)c2)cc1C,0.01857471466064453,0.3615446090698242,-1,-1,0.0021505376344088667
[*]c1cc(COCCCCCCCCOc2ccc(-c3ccc(OC)cc3)cc2)c([*])s1,[*]c1cc(CCCCCCCCCOc2ccc(-c3ccc(OC)cc3)cc2)c([*])s1,0.024246931076049805,0.5390920639038086,-1,-1,0.004032258064516014
[*]OC(C)CCCCC([*])=O,[*]OC(C)CCCC([*])=O,0.028392791748046875,0.11879301071166992,-1,-1,-0.018181818181818077
[*]CC(C#N)(C#N)CC(C#N)(C#N)C(C#N)C(C#N)(C#N)[*],[*]CC(C#N)(C#N)CC(C#N)(CN)C(C#N)C(C#N)(C#N)[*],0.1190042495727539,0.02061176300048828,0,0,0.0
[*]c1cc(C=NC(=S)Nc2ccc(-n3c(=O)c4cc5c(=O)n([*])c(=O)c5cc4c3=O)cc2)ccc1Cl,[*]c1cc(C=NC(=S)c2ccc(-n3c(=O)c4cc5c(=O)n([*])c(=O)c5cc4c3=O)cc2)ccc1Cl,0.10900998115539551,0.0817422866821289,-1,-1,0.006349206349206327
[*]CNCC(S1)=CC=C1[*],[*]CNCC(S1)=C=C1[*],0.057749271392822266,0.01817464828491211,-1,-1,0.0
[*]CC(S1)=CC=C1C(C=C2)=CC=C2C(S3)=CC=C3[*],[*]CC(S1)=CC=1C(C=C2)=CC=C2C(S3)=CC=C3[*],0.16298127174377441,0.3002622127532959,-1,-1,0.011695906432748426
[*]c1nnc(C2CCCC([*])C2)o1,[*]c1nnc(C2CCC([*])C2)o1,0.03623628616333008,0.1059722900390625,-1,-1,0.012820512820512775
[*]CCCCC(=O)NCCCCCCNC(=O)CCCO[*],[*]CCCCC(=O)NCCCCCNC(=O)CCCO[*],0.03497886657714844,0.21709918975830078,-1,-1,-0.0043290043290045155
[*]COC(=O)OCC1OC(OCC)(OCC)OC1[*],[*]COC(=O)CC1OC(OCC)(OCC)OC1[*],0.0649709701538086,0.23862075805664062,-1,-1,0.0
[*]c1ccc(-c2cnc3cc(S(=O)(=O)c4ccc5nc([*])cnc5c4)ccc3n2)cc1,[*]c1ccc(-c2cnc3cc(S(=O)(O)c4ccc5nc([*])cnc5c4)ccc3n2)cc1,0.08281493186950684,0.04815244674682617,0,0,0.0
[*]C1OCOC(C([*])(F)F)C1(F)F,[*]C1OCOC(C([*])(F))C1(F)F,0.269350528717041,0.12324762344360352,-1,-1,0.0
[*]CC(C)(COC(=O)NCCCCCCNC(=O)O[*])C(=O)O,[*]CC(C)(OC(=O)NCCCCCCNC(=O)O[*])C(=O)O,0.029304027557373047,0.07003116607666016,-1,-1,-0.0039525691699604515
[*]OC(CCOc1ccccc1)CC([*])=O,[*]OC(CCOc1ccccc1)CC([*])O,0.060977935791015625,0.08214616775512695,0,0,0.0
[*]CCCC(C)CCC(=O)N[*],[*]CCCC(C)CCC(=O)[*],0.2641634941101074,0.26072168350219727,-1,-1,-0.015151515151515138
[*]C(OC)=C(OC)c1ccc([*])cc1,[*]C(O)=C(OC)c1ccc([*])cc1,0.17195487022399902,0.11189603805541992,-1,-1,0.0
C([*])C(C#N)(C(=O)OCC(C)OCC=C)([*]),C([*])C(C#N)(C(=O)OCC(C)OC=C)([*]),0.12659788131713867,0.005396842956542969,-1,-1,-0.008333333333333304
[*]NC(CCC(=O)OCCCC)C([*])=O,[*]N(CCC(=O)OCCCC)C([*])=O,0.3134627342224121,0.21655797958374023,-1,-1,-0.00952380952380949
[*]CC(C)(C)COC(=O)Nc1ccc(Cc2ccc(NC(=O)O[*])c(C)c2)cc1C,[*]CC(C)(C)CC(=O)Nc1ccc(Cc2ccc(NC(=O)O[*])c(C)c2)cc1C,0.055518150329589844,0.027236461639404297,-1,-1,0.0022988505747125743
[*]CCCCOC(=O)NCCCCNC(=O)O[*],[*]CCCCC(=O)NCCCCNC(=O)O[*],0.14070463180541992,0.32112932205200195,-1,-1,-0.006535947712418277
[*]CC([*])C(=O)N(O)c1ccc(C)cc1,[*]CC([*])C(O)N(O)c1ccc(C)cc1,0.14841175079345703,0.5869755744934082,0,0,0.0
[*]CCCCCOC(=O)NCCSCCSCCNC(=O)O[*],[*]CCCCCOC(=O)NCCSCCSCCNC(O)O[*],0.10744333267211914,0.058585166931152344,0,0,0.0
[*]CCCCCOc1ccc(OCCCCCc2nnc(-c3ccc(-c4nnc([*])o4)cc3)o2)c(C)c1,[*]CCCCCOc1ccc(CCCCCc2nnc(-c3ccc(-c4nnc([*])o4)cc3)o2)c(C)c1,0.1354060173034668,0.35988521575927734,-1,-1,0.0045045045045042365
[*]CCCCCCCCCCOC(=O)c1ccc(NC(=O)O[*])cc1,[*]CCCCCCCCCOC(=O)c1ccc(NC(=O)O[*])cc1,0.008318424224853516,0.43959856033325195,-1,-1,0.0
[*]CC(CC)(C(=O)O[*])c1ccccc1,[*]CC(C)(C(=O)O[*])c1ccccc1,0.03608894348144531,0.07191181182861328,-1,-1,0.0
[*]CS[*],[*]C[*],1.506403923034668,1.4720754623413086,-1,-1,-0.16666666666666674
[*]Oc1ccc(Oc2ccc(OC(=O)c3cccc(C([*])=O)c3)cc2)cc1,[*]c1ccc(Oc2ccc(OC(=O)c3cccc(C([*])=O)c3)cc2)cc1,0.38170766830444336,0.031203508377075195,-1,-1,0.005698005698005382
[*]CC(O[*])C(C)C,[*]C(O[*])C(C)C,0.050045013427734375,0.22897005081176758,-1,-1,-0.03571428571428581
[*]OC(=O)c1ccc(CCCc2ccc(C([*])=O)cc2)cc1,[*]C(=O)c1ccc(CCCc2ccc(C([*])=O)cc2)cc1,0.29520654678344727,0.547353982925415,-1,-1,0.0043290043290045155
[*]Oc1ccc(C(C)(C)c2ccc(OC(=O)SCCCSC([*])=O)cc2)cc1,[*]Oc1ccc(C(C)(C)c2ccc(OC(=O)SCCCSC([*])O)cc2)cc1,0.0512852668762207,0.1782393455505371,0,0,0.0
[*]C=Cc1cc(OC)c([*])cc1Br,[*]=Cc1cc(OC)c([*])cc1Br,0.24445319175720215,1.6375083923339844,-1,-1,0.0
[*]C(=O)c1cccc(C(=O)N2CCN([*])CC2)c1,[*]C(=O)c1cccc(C(=O)N2CN([*])CC2)c1,0.11531305313110352,0.0013108253479003906,-1,-1,0.006535947712418277
[*]c1ccc2c([*])c(C)[nH]c2c1,[*]c1ccc2c([*])(C)[nH]c2c1,0.8808331489562988,0.0796957015991211,-1,-1,0.015151515151515138
[*]CC([*])C(=O)NCCO,[*]CC([*])C(=O)NCO,0.006104469299316406,0.16368770599365234,-1,-1,-0.022222222222222365
[*]Oc1ccc(C(C)(C)c2ccc(OC(=O)c3c(F)c(F)c(C([*])=O)c(F)c3F)cc2)cc1,[*]Oc1ccc(C(C)(C)c2ccc(OC(=O)c3c(F)c(F)c(C([*])=O)(F)c3F)cc2)cc1,0.13176202774047852,0.2281475067138672,-1,-1,0.0037878787878788955
[*]OC(=O)Oc1ccc(OC(=O)OC2CC3CC([*])CC(C2)O3)cc1,[*]C(=O)Oc1ccc(OC(=O)OC2CC3CC([*])CC(C2)O3)cc1,0.06659746170043945,0.1557474136352539,-1,-1,0.0066666666666663765
[*]CCCCCCCCCC#CC#CCCCCCCCCCOC(=O)CCC(=O)O[*],[*]CCCCCCCCCC#CC#CCCCCCCCCCOC(=O)CC(=O)O[*],0.0726618766784668,0.11330842971801758,-1,-1,-0.002016129032258007
[*]N=Nc1cc([*])ccc1C,[*]=Nc1cc([*])ccc1C,0.10962486267089844,1.03285551071167,-1,-1,0.0
[*]CCCP(=O)(CCCNC(=O)CCCCC(=O)N[*])c1ccccc1,[*]CCCP(=O)(CCCNC(=O)CCCC(=O)N[*])c1ccccc1,0.031231403350830078,0.24364185333251953,-1,-1,0.0
[*]CC(F)(F)C(F)(F)C(F)(F)C(F)(F)COC(=O)CCCC(=O)O[*],[*]CC(F)(F)C(F)(F)C(F)(F)C(F)(F)COC(=O)CCC(=O)O[*],0.022099971771240234,0.15720748901367188,-1,-1,-0.0033333333333331883
[*]CCCCCCOCCCCCCOCCCCCO[*],[*]CCCCCCOCCCCCCOCCCCC[*],0.07647514343261719,0.08028984069824219,-1,-1,-0.0043290043290045155
[*]CCCCCCCCCO[*],[*]CCCCCCCCC[*],0.1401829719543457,0.5848960876464844,-1,-1,-0.015151515151515138
[*]c1sc([*])c(OCCCCCC)c1C,[*]c1sc([*])c(CCCCCC)c1C,0.14360976219177246,0.39737462997436523,-1,-1,0.0
[*]Oc1ccc(C(C)(C)c2ccc(OC(=O)c3ccc(CC([*])=O)cc3)cc2)cc1,[*]Oc1ccc(C(C)(C)c2ccc(OC(O)c3ccc(CC([*])=O)cc3)cc2)cc1,0.18487024307250977,0.035811424255371094,0,0,0.0
[*]c1ccc(Oc2ccc(S(=O)(=O)c3ccc(Oc4ccc(-c5c6c(c([*])c7ccccc57)C(=O)N(c5ccccc5)C6=O)cc4)cc3)cc2)cc1,[*]c1ccc(Oc2ccc(S(=O)(=O)c3ccc(Oc4ccc(-c5c6c(c([*])c7ccccc57)C(=O)N(c5ccccc5)6=O)cc4)cc3)cc2)cc1,0.3226923942565918,0.036605119705200195,-1,-1,0.005279034690799378
[*]CCCCCCOC(=O)NCCCCCCNC(=O)O[*],[*]CCCCCCOC(O)NCCCCCCNC(=O)O[*],0.1048121452331543,0.09606409072875977,0,0,0.0
[*]CC1CCC(CNC(=O)c2cccc(C(=O)N[*])c2)CC1,[*]CC1CCC(CC(=O)c2cccc(C(=O)N[*])c2)CC1,0.07298660278320312,0.09608030319213867,-1,-1,0.0043290043290045155
[*]CCN([*])C(=O)C1CCCCC1,[*]CCN([*])C(=O)C1CCCC1,0.06778240203857422,0.019893646240234375,-1,-1,0.0
[*]CC(=O)Nc1ccc(Oc2cccc(NC(=O)CN3C(=O)c4ccc(C(=O)c5ccc6c(c5)C(=O)N([*])C6=O)cc4C3=O)c2)cc1,[*]C(=O)Nc1ccc(Oc2cccc(NC(=O)CN3C(=O)c4ccc(C(=O)c5ccc6c(c5)C(=O)N([*])C6=O)cc4C3=O)c2)cc1,0.08977484703063965,0.3723738193511963,-1,-1,0.0046253469010175685
[*]C(=O)OCCCCCCOC(=O)N1CCN([*])CC1,[*](=O)OCCCCCCOC(=O)N1CCN([*])CC1,0.28084611892700195,0.1664438247680664,-1,-1,0.0
[*]c1ccc([*])n1C,[*]1ccc([*])n1C,1.104358196258545,1.6445393562316895,-1,-1,0.0
[*]Oc1ccc(C2(c3ccc(OC(=O)OC4C(C)(C)C(OC([*])=O)C4(C)C)cc3)CC3CCC2C3)cc1,[*]Oc1ccc(C2(c3ccc(OC(=O)OC4C(C)(C)C(OC([*])=O)C4(C)C)cc3)CC3CC2C3)cc1,0.0056858062744140625,0.08006668090820312,-1,-1,0.006006006006006093
[*]OC(=O)CS(=O)(=O)Cc1ccc(CS(=O)(=O)CC([*])=O)cc1,[*]OC(=O)CS(=O)(=O)Cc1ccc(CS(=O)(=O)C([*])=O)cc1,0.14714813232421875,0.11117315292358398,-1,-1,0.0
[*]CNC(=O)CCCCCC(=O)N[*],[*]CNC(=O)CCCCCC(O)N[*],0.02292013168334961,0.03816986083984375,0,0,0.0
[*]C1=NC2=CC([*])C=CC2=C1,[*]C1=NC2=CC([*])CCC2=C1,0.7005329132080078,0.5363574028015137,0,0,0.0
[*]NNC(=O)C([*])=O,[*]NNC(=O)C([*])O,0.5261073112487793,1.0998587608337402,0,0,0.0
[*]CCCCCCCCCCOC(=O)CCCCCCCCCCC(=O)O[*],[*]CCCCCCCCCOC(=O)CCCCCCCCCCC(=O)O[*],0.01817607879638672,0.11442947387695312,-1,-1,-0.002645502645502784
[*]CCCCCCCC(=O)O[*],[*]CCCCCCCC(=O)[*],0.31994009017944336,0.7831597328186035,-1,-1,-0.015151515151515138
[*]CC(S1)=CC=C1C(S2)=CC=C2C(=S)[*],[*]CC(S1)=C=C1C(S2)=CC=C2C(=S)[*],0.11798238754272461,0.18837404251098633,-1,-1,0.00952380952380949
[*]Nc1ccc(NC(=O)c2cc(NC(=O)c3ccccc3)cc(C([*])=O)c2)cc1,[*]Nc1ccc(NC(=O)c2cc(C(=O)c3ccccc3)cc(C([*])=O)c2)cc1,0.03368806838989258,0.3072178363800049,-1,-1,0.0049261083743843415
[*]N=P([*])(OCC(C)C)OC(C)C,[*]N=P([*])(OCC(C)C)C(C)C,0.6013579368591309,0.4225764274597168,-1,-1,-0.012820512820512997
[*]c1ccc(-c2cnc3ccc(-c4ccc5ncc([*])nc5c4)cc3n2)cc1,[*]1ccc(-c2cnc3ccc(-c4ccc5ncc([*])nc5c4)cc3n2)cc1,0.41295886039733887,0.18730807304382324,-1,-1,0.010582010582010692
[*]CC([*])(C)C#N,[*]CC([*])(C)CN,0.7018375396728516,1.6984519958496094,0,0,0.0
[*]c1sc([*])c(OCCOCCCC)c1C,[*]c1c([*])c(OCCOCCCC)c1C,0.02350640296936035,1.2022390365600586,-1,-1,0.0
[*]CC(O)COc1cccc(O[*])c1,[*]C(O)COc1cccc(O[*])c1,0.02489948272705078,0.3631744384765625,-1,-1,0.0
[*]C(=O)SSCCCCCCSSC(=O)N1CCN([*])CC1,[*]C(=O)SSCCCCCSSC(=O)N1CCN([*])CC1,0.039339542388916016,0.18872404098510742,-1,-1,0.0
[*]NC(C)C(C)C([*])=O,[*]N(C)C(C)C([*])=O,0.29999732971191406,0.44298553466796875,-1,-1,-0.02777777777777768
[*]CC1CC([*])CN(c2nc(N)nc(N)n2)C1,[*]CC1CC([*])CN(c2nc(N)n(N)n2)C1,0.16019105911254883,0.4250774383544922,-1,-1,0.007352941176470562
[*]C=Nc1ccc(N=Cc2ccc(Sc3ccc([*])o3)o2)cc1,[*]C=Nc1ccc(N=Cc2ccc(c3ccc([*])o3)o2)cc1,0.3852231502532959,0.059778451919555664,-1,-1,0.007905138339920903
[*]CC(C#N)(C#N)CC(C#N)(C#N)CC(C#N)(C#N)C(C#N)C(C#N)(C#N)[*],[*]CC(C#N)(C#N)CC(C#N)(C#N)CC(C#N)(C#N)C(CN)C(C#N)(C#N)[*],0.01152181625366211,0.10104990005493164,0,0,0.0
[*]c1ccc(N2C(=O)c3ccc(-c4ccc5c(c4)C(=O)N([*])C5=O)cc3C2=O)c(C)c1,[*]c1ccc(N2C(=O)c3ccc(-c4ccc5c(c4)C(=O)N([*])5=O)cc3C2=O)c(C)c1,0.8773655891418457,0.2655212879180908,-1,-1,0.008602150537634135
[*]NC(=O)C(S1)=CC=C1C(C=C2)=CC=C2[*],[*]NC(=O)C(S1)=CC=1C(C=C2)=CC=C2[*],0.4026148319244385,0.3920023441314697,-1,-1,0.008333333333333304
[*]CC(CC)(CC)CO[*],[*]C(CC)(CC)CO[*],0.07455635070800781,0.31674909591674805,-1,-1,-0.022222222222222365
[*]C=CC(C#N)C[*],[*]C=C(C#N)C[*],1.2078399658203125,0.027569293975830078,-1,-1,-0.03571428571428581
[*]CCCCCCC(Cl)C([*])Cl,[*]CCCCCC(Cl)C([*])Cl,0.013111114501953125,0.1861863136291504,-1,-1,-0.015151515151515138
[*]c1ccc([*])o1,[*]1ccc([*])o1,0.896641731262207,0.63680100440979,-1,-1,0.0
C([*])(CC)=CCC([*]),C([*])(CC)=CC([*]),0.18196868896484375,0.1268601417541504,-1,-1,-0.03571428571428581
[*]C1C(=O)OC(=O)C1C1C2CC(C(=O)OC3CCCCC3)C(C2)C1[*],[*]C1C(=O)OC(O)C1C1C2CC(C(=O)OC3CCCCC3)C(C2)C1[*],0.08099985122680664,0.3403153419494629,0,0,0.0
[*]CNOC(S1)=CC=C1[*],[*]NOC(S1)=CC=C1[*],0.04633188247680664,0.5797052383422852,-1,-1,0.0
[*]c1ccc(-c2nc3cc4sc([*])nc4cc3s2)cc1,[*]c1ccc(-c2nc3cc4c([*])nc4cc3s2)cc1,0.022557497024536133,0.12866878509521484,-1,-1,0.015789473684210797
[*]OC1C(C)(C)C(OC([*])=O)C1(C)C,[*]C1C(C)(C)C(OC([*])=O)C1(C)C,0.0361475944519043,0.06738090515136719,-1,-1,0.0
[*]CC1CC1COC(=O)NCCCCCCNC(=O)O[*],[*]CC1CC1COC(=O)NCCCCCNC(=O)O[*],0.020630836486816406,0.0769343376159668,-1,-1,0.0
[*]CCNC(=O)c1ccc(O[*])cc1,[*]CCNC(O)c1ccc(O[*])cc1,0.3875741958618164,0.0454716682434082,0,0,0.0
[*]c1ccc(-c2sc(-c3cc(SCCCCCCCC)c([*])s3)cc2SCCCCCCCC)cc1,[*]c1ccc(-c2sc(-c3cc(SCCCCCCC)c([*])s3)cc2SCCCCCCCC)cc1,0.0067675113677978516,0.271014928817749,-1,-1,0.0031746031746031633
[*]C(=O)NCCCCCCCCNC(=O)c1cncc([*])c1,[*]C(=O)NCCCCCCCNC(=O)c1cncc([*])c1,0.004994869232177734,0.07122039794921875,-1,-1,0.0
[*]Nc1ccc([*])cc1[N+](=O)[O-],[*]Nc1ccc([*])cc1[N+](=O),0.09261369705200195,0.28075718879699707,-1,-1,0.0
[*]c1ccc(C)c(N2C(=O)c3ccc(S(=O)(=O)c4ccc5c(c4)C(=O)N([*])C5=O)cc3C2=O)c1,[*]c1ccc(C)c(N2C(=O)c3ccc(S(=O)(=O)c4ccc5c(c4)C(=O)N([*])5=O)cc3C2=O)c1,0.7970247268676758,0.027832746505737305,-1,-1,0.007130124777183333
[*]C#CC(CCCCOC(=O)NCCC)=C([*])CCCCOC(=O)NCCC,[*]C#CC(CCCCOC(=O)NCCC)=C([*])CCCCOC(=O)CCC,0.018573284149169922,0.7642998695373535,-1,-1,-0.002645502645502784
[*]c1ccc(-c2nnc(-c3cccc(-c4nnc([*])o4)n3)o2)cc1,[*]c1ccc(-c2nn(-c3cccc(-c4nnc([*])o4)n3)o2)cc1,0.026808738708496094,0.20952343940734863,-1,-1,0.01086956521739113
[*]Oc1c(C)cc(C2(c3cc(C)c(OC(=O)c4cccc(C([*])=O)c4)c(C)c3)CCC3CCCCC3C2)cc1C,[*]Oc1c(C)cc(C2(c3cc(C)c(OC(=O)c4cccc(C([*])O)c4)c(C)c3)CCC3CCCCC3C2)cc1C,0.2588367462158203,0.6454806327819824,0,0,0.0
[*]CC(F)(F)C(F)(F)C(F)(F)C(F)(F)COC(=O)NCC(F)(F)C(F)(F)C(F)(F)C(F)(F)CNC(=O)O[*],[*]CC(F)(F)C(F)(F)C(F)(F)C(F)(F)CC(=O)NCC(F)(F)C(F)(F)C(F)(F)C(F)(F)CNC(=O)O[*],0.03372049331665039,0.3118734359741211,-1,-1,-0.0014224751066855834
[*]CCCCCCCNC(=O)CCCCCCCC(=O)N[*],[*]CCCCCCCNC(=O)CCCCCCC(=O)N[*],0.0006504058837890625,0.09796810150146484,-1,-1,-0.0043290043290045155
[*]CCOCCOC(=O)CCCCCCCCCCCCCCCCC(=O)O[*],[*]CCOCCOC(=O)CCCCCCCCCCCCCCCC(=O)O[*],0.012450218200683594,0.06110668182373047,-1,-1,-0.0024630541871921707
[*]CCCCCCCCNC(=O)Cc1ccc(CC(=O)N[*])cc1,[*]CCCCCCCCC(=O)Cc1ccc(CC(=O)N[*])cc1,0.07174110412597656,0.5247011184692383,-1,-1,0.0
[*]CCCCCCCCCCCNC(=O)CCCCCCCCC(=O)N[*],[*]CCCCCCCCCCCNC(O)CCCCCCCCC(=O)N[*],0.023468971252441406,0.17031288146972656,0,0,0.0
[*]Oc1ccc(OC(=O)c2ccc(C([*])=O)cc2)cc1C1CC2CCC1C2,[*]c1ccc(OC(=O)c2ccc(C([*])=O)cc2)cc1C1CC2CCC1C2,0.44181323051452637,0.12800288200378418,-1,-1,0.008547008547008517
[*]CC1CCC(COC(=O)C(=O)O[*])CC1,[*]CC1CC(COC(=O)C(=O)O[*])CC1,0.04591989517211914,0.4603891372680664,-1,-1,0.0
[*]C#Cc1ccc(C#Cc2sc([*])c([N+](=O)[O-])c2[N+](=O)[O-])cc1,[*]C#Cc1ccc(C#Cc2sc([*])([N+](=O)[O-])c2[N+](=O)[O-])cc1,0.49965476989746094,0.06694722175598145,-1,-1,0.0039525691699604515
[*]C(OC(F)(F)F)C([*])(F)F,[*]C(OC(F)(F)F)C([*])(F),0.30238914489746094,0.2768983840942383,-1,-1,-0.018181818181818077
[*]CNC(S1)=CC=C1O[*],[*]CNC(S1)CC=C1O[*],0.5773124694824219,0.1523127555847168,0,0,0.0
[*]c1ccc(C(=O)c2cccc(C(=O)c3ccc(S([*])(=O)=O)cc3)c2)cc1,[*]c1ccc(C(O)c2cccc(C(=O)c3ccc(S([*])(=O)=O)cc3)c2)cc1,0.2706336975097656,0.5183460712432861,0,0,0.0
[*]CCCCCCOC(=O)CCC(=O)O[*],[*]CCCCCOC(=O)CCC(=O)O[*],0.004071235656738281,0.3583073616027832,-1,-1,-0.008333333333333304
[*]Oc1ccc(OC(=O)c2ccc(OCCCOc3ccc(C([*])=O)cc3)cc2)cc1C,[*]Oc1ccc(OC(=O)c2ccc(OCCCc3ccc(C([*])=O)cc3)cc2)cc1C,0.13832497596740723,0.22068309783935547,-1,-1,0.004032258064516014
[*]CC1CCCC(CNC(=O)CCCCC(=O)N[*])C1,[*]C1CCCC(CNC(=O)CCCCC(=O)N[*])C1,0.004636287689208984,0.07878589630126953,-1,-1,0.0
[*]CC1CCC(COC(=O)CCCCC(=O)O[*])CC1,[*]CC1CCC(COC(=O)CCCC(=O)O[*])CC1,0.005726814270019531,0.181854248046875,-1,-1,0.0
[*]CCC(C(=O)OC)C([*])C(=O)OC,[*]CC(C(=O)OC)C([*])C(=O)OC,0.04938077926635742,0.10013961791992188,-1,-1,-0.01098901098901095
[*]NC(=S)C(S1)=CC=C1O[*],[*]NC(=S)C(S1)=CC=1O[*],0.39698338508605957,0.0005087852478027344,-1,-1,0.0
[*]NC(=O)C=CC(=O)Nc1nc([*])nc(N)n1,[*]NC(=O)C=CC(=O)Nc1nc([*])n(N)n1,0.3060145378112793,0.28139448165893555,-1,-1,0.0
[*]Oc1ccc(NC(=O)c2cc(NC(=O)c3ccncc3)cc(C(=O)Nc3ccc([*])cc3)c2)cc1,[*]Oc1ccc(NC(=O)c2cc(NC(=O)c3ccncc3)cc(C(=O)c3ccc([*])cc3)c2)cc1,0.02939462661743164,0.2672841548919678,-1,-1,0.004761904761904745
[*]Cc1ccc(COC(=O)CCCCCC(=O)O[*])cc1,[*]Cc1ccc(COC(=O)CCCCCC(O)O[*])cc1,0.09710979461669922,0.016025543212890625,0,0,0.0
[*]COC(=O)NCCCCCCNC(=O)OCc1cccc([*])n1,[*]COC(=O)NCCCCCNC(=O)OCc1cccc([*])n1,0.023093223571777344,0.05789995193481445,-1,-1,0.0
[*]CCCCCOC(=O)NCCSCCCCCSCCNC(=O)O[*],[*]CCCCOC(=O)NCCSCCCCCSCCNC(=O)O[*],0.02669048309326172,0.6732683181762695,-1,-1,-0.0030769230769231992
[*]C=CCCCCCCCCCC[*],[*]C=CCCCCCCCCC[*],0.0613856315612793,0.21965503692626953,-1,-1,-0.01098901098901095
[*]OC1=CC(=O)C([*])=CC1=O,[*]OC1CC(=O)C([*])=CC1=O,0.9584469795227051,2.6354787349700928,0,0,0.0
[*]Oc1cccc(Oc2cccc(OC([*])=O)c2)c1,[*]Oc1cccc(Oc2cccc(OC([*])O)c2)c1,0.036576271057128906,0.017353534698486328,0,0,0.0
[*]N=Cc1ccc(-c2ccc(C=Nc3ccc4c(c3)c3cc([*])ccc3n4CCCC)s2)s1,[*]N=Cc1ccc(-c2ccc(C=Nc3ccc4c(c3)c3cc([*])ccc3n4CCC)s2)s1,0.01517939567565918,0.05138134956359863,-1,-1,0.007575757575757791
[*]CC(C)(CO[*])COCC(F)(F)C(F)(F)C(F)(F)C(F)(F)C(F)(F)C(F)(F)C(F)(F)F,[*]CC(C)(CO[*])COCC(F)(F)C(F)(F)C(F)(F)C(F)(F)C(F)(F)C(F)(F)C(F)(F),0.006301403045654297,0.027772903442382812,-1,-1,-0.002016129032258007
[*]CCOCCOCCOC(=O)CCCCCCC(=O)O[*],[*]CCOCCOCCOC(=O)CCCCCC(=O)O[*],0.020531177520751953,0.16139698028564453,-1,-1,-0.0043290043290045155
[*]c1ccc(Oc2ccc(N3C(=O)c4cccc(Oc5cccc(Oc6cccc7c6C(=O)N([*])C7=O)c5)c4C3=O)cc2)cc1,[*]c1ccc(Oc2ccc(N3C(=O)c4cccc(Oc5cccc(Oc6cccc7c6C(=O)N([*])C7=O)c5)c4C3O)cc2)cc1,0.1284923553466797,0.39144277572631836,0,0,0.0
[*]OC1CCC(OC(=O)C([*])=O)CC1,[*]OC1CCC(C(=O)C([*])=O)CC1,0.05724048614501953,0.05138397216796875,-1,-1,0.0
[*]NC(C([*])=O)C(Cc1ccccc1)c1c[nH]cn1,[*]C(C([*])=O)C(Cc1ccccc1)c1c[nH]cn1,0.10842657089233398,0.4743509292602539,-1,-1,0.005847953216374435
[*]C=Cc1csc(C=Cc2cccc([*])n2)c1CCCCCCCC,[*]C=Cc1csc(C=Cc2cccc([*])n2)c1CCCCCCC,0.012678861618041992,0.04849815368652344,-1,-1,0.0033333333333334103
[*]Oc1ccc(C(C)(CC)c2ccc(OC([*])=O)c(Cl)c2)cc1Cl,[*]c1ccc(C(C)(CC)c2ccc(OC([*])=O)c(Cl)c2)cc1Cl,0.1580810546875,0.5831317901611328,-1,-1,0.0036231884057968955
[*]Cc1c(C)c(C)c(CNC(=O)CCCC(=O)N[*])c(C)c1C,[*]Cc1c(C)c(C)c(CNC(=O)CCC(=O)N[*])c(C)c1C,0.06318426132202148,0.46355104446411133,-1,-1,0.0
[*]CCOCCOCC#CC#CCOCCOCCOC(=O)NCCCCCCNC(=O)O[*],[*]CCOCCOC#CC#CCOCCOCCOC(=O)NCCCCCCNC(=O)O[*],0.13786888122558594,0.2408428192138672,-1,-1,-0.0017825311942958333
[*]CC1CCC(COC(=O)C2CCC(C(=O)O[*])CC2)CC1,[*]CC1CCC(COC(=O)C2CCC(C(=O)O[*])C2)CC1,0.016794204711914062,0.018898487091064453,-1,-1,0.0043290043290045155
[*]CCCCCCOC(=O)SSC(=O)O[*],[*]CCCCCOC(=O)SSC(=O)O[*],0.06671953201293945,0.7425704002380371,-1,-1,-0.008333333333333304
[*]C=Cc1ccc([*])n1CCCCCCCCCCCC,[*]=Cc1ccc([*])n1CCCCCCCCCCCC,0.3031342029571533,1.438800573348999,-1,-1,0.0
[*]CCCCP(C)(=O)CCCNC(=O)CCCCC(=O)N[*],[*]CCCCP(C)(=O)CCCNC(=O)CCCC(=O)N[*],0.0233612060546875,0.08418416976928711,-1,-1,-0.0043290043290045155
[*]C(F)(F)C([*])(F)OC(F)(F)C(F)(F)F,[*]C(F)(F)C([*])(F)OC(F)(F)C(F)(F),0.017729759216308594,0.056273460388183594,-1,-1,-0.00952380952380949
[*]NC(=O)NC(=S)[*],[*]NC(O)NC(=S)[*],0.21910643577575684,0.54193115234375,0,0,0.0
[*]CCCCCCCCCCCCCCOC(=O)c1ccc(C(=O)NCCCCCNC(=O)c2ccc(C(=O)O[*])cc2)cc1,[*]CCCCCCCCCCCCCCC(=O)c1ccc(C(=O)NCCCCCNC(=O)c2ccc(C(=O)O[*])cc2)cc1,0.019763946533203125,0.044594764709472656,-1,-1,0.0010101010101011276
[*]Oc1ccc(C(C)(C)c2ccc(OC([*])=O)c(C(C)C)c2)cc1C(C)C,[*]Oc1ccc(C(C)(C)c2ccc(OC([*])O)c(C(C)C)c2)cc1C(C)C,0.0010352134704589844,0.015296459197998047,0,0,0.0
[*]CCCCCCCCCCCCOC(=O)c1cccc(C(=O)O[*])c1,[*]CCCCCCCCCCCOC(=O)c1cccc(C(=O)O[*])c1,0.015120983123779297,0.24307584762573242,-1,-1,0.0
[*]OC(C)CNC(=O)CC([*])C,[*]OC(C)CNC(=O)C([*])C,0.0003352165222167969,0.15357160568237305,-1,-1,-0.015151515151515138
[*]CCS[*],[*]CC[*],1.3200831413269043,1.0828886032104492,-1,-1,-0.10000000000000009
[*]CCCOC(=O)NCCCCCCNC(=O)O[*],[*]CCCOC(=O)NCCCCCNC(=O)O[*],0.01977396011352539,0.19557476043701172,-1,-1,-0.005847953216374213
[*]CCC(=O)N([*])C,[*]CC(=O)N([*])C,0.17055749893188477,0.0068073272705078125,-1,-1,-0.03571428571428581
[*]OC(C)CCOC(=O)COCC([*])=O,[*]OC(C)CCOC(O)COCC([*])=O,0.06100797653198242,0.054297447204589844,0,0,0.0
[*]C#Cc1cc(C#Cc2cc(N)c([*])cc2[N+](=O)[O-])c(OCCOCCOC)cc1OCCOCCOC,[*]C#Cc1cc(C#Cc2cc(N)c([*])cc2[N+](=O))c(OCCOCCOC)cc1OCCOCCOC,0.04467296600341797,0.2342243194580078,-1,-1,0.0014224751066853614
[*]c1cc(-c2cc(CCCCCCCC)ccc2CCCCCCCC)c([*])s1,[*]c1cc(-c2cc(CCCCCCCC)ccc2CCCCCCC)c([*])s1,0.0062525272369384766,0.06432628631591797,-1,-1,0.0024630541871921707
[*]c1cc(-c2ccc(OCCCC)cc2)c([*])s1,[*]c1cc(-c2ccc(CCCC)cc2)c([*])s1,0.16624712944030762,1.1593663692474365,-1,-1,0.006535947712418277
[*]c1c(C)cc(Cc2cc(C)c(N3C(=O)c4ccc(Oc5cccc6c(Oc7ccc8c(c7)C(=O)N([*])C8=O)cccc56)cc4C3=O)c(C)c2)cc1C,[*]c1c(C)cc(Cc2cc(C)c(N3C(=O)c4ccc(Oc5cccc6c(c7ccc8c(c7)C(=O)N([*])C8=O)cccc56)cc4C3=O)c(C)c2)cc1C,0.01686406135559082,0.29685544967651367,-1,-1,0.005079825834542806
[*]CCCNC(=O)CCCCCCCCC(=O)NCCCOCCOCCO[*],[*]CCCNC(=O)CCCCCCCCC(=O)NCCCOCCOCC[*],0.07907962799072266,0.05858278274536133,-1,-1,-0.0024630541871921707
[*]C(=O)C=C(C)C(=O)N1CCN([*])CC1,[*]C(=O)C=C(C)C(=O)N1CCN([*])C1,0.11431884765625,0.0759897232055664,-1,-1,0.0
[*]Nc1ccc(-c2ccc([*])cc2)c(OC)c1,[*]c1ccc(-c2ccc([*])cc2)c(OC)c1,0.17995405197143555,0.05440664291381836,-1,-1,0.007352941176470562
[*]OC1CC(C)CC([*])O1,[*]OC1CC(C)C([*])O1,0.012165546417236328,0.0908660888671875,-1,-1,0.0
N([*])CC(C)(C)CC(C)CNC(=O)CCCCC(=O)([*]),N([*])CC(C)(C)CC(C)CNC(=O)CCCC(=O)([*]),0.04418182373046875,0.1410541534423828,-1,-1,-0.0052631578947368585
[*]C(=O)c1ccc2c(c1)C(=O)N(c1cc(-c3nc4ccccc4oc3=O)cc(N3C(=O)c4ccc([*])cc4C3=O)c1)C2=O,[*]C(=O)c1ccc2c(c1)C(=O)N(c1cc(-c3nc4ccccc4oc3=O)cc(N3C(O)c4ccc([*])cc4C3=O)c1)C2=O,0.1315288543701172,0.16489601135253906,0,0,0.0
[*]OP(=O)(Oc1ccc(-c2ccc([*])cc2)cc1)OC1CCCCC1,[*]OP(=O)(Oc1ccc(-c2ccc([*])cc2)cc1)OC1CCCC1,0.029785633087158203,0.009515762329101562,-1,-1,0.0066666666666663765
[*]c4ccc(C3Nc2cc1NC([*])Oc1cc2O3)cc4,[*]c4ccc(C3Nc2cc1NC([*])c1cc2O3)cc4,0.030218124389648438,0.4761955738067627,-1,-1,0.015789473684210797
[*]OC(C([*])=O)C(C)C,[*]OC(C([*])=O)(C)C,0.0385899543762207,0.01710653305053711,-1,-1,-0.02777777777777768
[*]CC([*])O[N+](=O)[O-],[*]CC([*])O[N+](O)[O-],0.9964532852172852,1.1169075965881348,0,0,0.0
[*]Oc1ccc(OC([*])=O)cc1,[*]Oc1ccc(OC([*])O)cc1,0.05452394485473633,0.016233444213867188,0,0,0.0
[*]OC1CCC(OC(=O)NCCCCCCNC([*])=O)CC1,[*]OC1CCC(OC(=O)NCCCCCCNC([*])=O)C1,0.0047550201416015625,0.00077056884765625,-1,-1,0.0
[*]CC([*])(CO)C(=O)OCC,[*]C([*])(CO)C(=O)OCC,0.1492328643798828,0.39154958724975586,-1,-1,-0.018181818181818077
[*]c1nc2ccc(-c3ccc4nc(C5CC6(CC([*])C6)C5)oc4c3)cc2o1,[*]c1nc2ccc(-c3ccc4nc(C5C6(CC([*])C6)C5)oc4c3)cc2o1,0.039981842041015625,0.5757708549499512,-1,-1,0.014245014245014342
[*]Oc1ccc(-c2ccc(OC(=O)CCCCCCC([*])=O)cc2)cc1,[*]Oc1ccc(-c2ccc(OC(=O)CCCCCC([*])=O)cc2)cc1,0.03924274444580078,0.004999637603759766,-1,-1,0.003076923076922977
[*]C=CC(C)=CC=CC=C(C)C=Cc1nc(-c2csc([*])n2)cs1,[*]C=CC(C)=CC=CC=C(C)C=Cc1nc(-c2cc([*])n2)cs1,0.26082801818847656,0.1352832317352295,-1,-1,0.0036231884057968955
[*]CNCC(C=C1)=CC=C1[*],[*]CNCC(C=C1)CC=C1[*],0.5805482864379883,0.9083437919616699,0,0,0.0
[*]Oc1ccc(NC(=O)NCCCCCCNC([*])=O)c(C)c1,[*]Oc1ccc(NC(=O)NCCCCCNC([*])=O)c(C)c1,0.036971092224121094,0.019197940826416016,-1,-1,0.0
[*]Oc1c(Cl)cc(NC(=O)Nc2ccc(Cc3ccc(NC([*])=O)cc3)cc2)cc1Cl,[*]Oc1c(Cl)cc(NC(=O)Nc2ccc(c3ccc(NC([*])=O)cc3)cc2)cc1Cl,0.16644048690795898,0.15515518188476562,-1,-1,0.004301075268817289
[*]C1C=C(C)C([*])S1,[*]C1C=C(C)C([*])1,0.5472812652587891,0.5695466995239258,-1,-1,0.0
[*]CC(C=C1)=CC=C1C(S2)=CC=C2C(C=C3)=CC=C3[*],[*]CC(C=C1)=CC=C1C(S2)=CC=C2C(C=C3)=CC=3[*],0.616248607635498,0.10085153579711914,-1,-1,0.010526315789473717
[*]CCCCSC(=O)CCCCCCC(=O)S[*],[*]CCCCC(=O)CCCCCCC(=O)S[*],0.30295467376708984,0.6517739295959473,-1,-1,-0.006535947712418277
[*]CCCP(CCCCCCCC)CCCNC(=O)C(=O)N[*],[*]CCCP(CCCCCCC)CCCNC(=O)C(=O)N[*],0.014719963073730469,0.011120796203613281,-1,-1,-0.0039525691699604515
[*]c1ccc(-c2sc(-c3cc(SCCCC)c([*])s3)cc2SCCCC)cc1,[*]c1ccc(-c2sc(-c3cc(SCCCC)c([*])3)cc2SCCCC)cc1,0.1688370704650879,0.2671828269958496,-1,-1,0.005291005291005568
O([*])COCCSSCCCC([*]),O([*])COCSSCCCC([*]),0.12910032272338867,0.1056666374206543,-1,-1,-0.012820512820512997
[*]C(=O)OC(=O)O[*],[*]C(=O)OC(=O)[*],0.09575748443603516,0.5941572189331055,-1,-1,-0.03571428571428581
[*]c1ccc(-c2ccc(-c3cnc4cc(-c5ccc6nc([*])cnc6c5)ccc4n3)cc2)cc1,[*]c1ccc(-c2ccc(-c3cnc4cc(-c5ccc6nc([*])cn6c5)ccc4n3)cc2)cc1,0.007294178009033203,0.018514394760131836,-1,-1,0.008912655971479833
[*]CCCCCCCCCCCCCCCCOC(=O)NCc1ccc(CNC(=O)O[*])cc1,[*]CCCCCCCCCCCCCCCOC(=O)NCc1ccc(CNC(=O)O[*])cc1,0.009064197540283203,0.037546634674072266,-1,-1,0.0
[*]CC(=O)C(=S)C(S1)=CC=C1[*],[*]CC(=O)C(S)C(S1)=CC=C1[*],0.6682500839233398,0.4017066955566406,0,0,0.0
[*]Nc1ccc(NC(=O)c2ccc(NC(=O)c3ccc([Si](C)(C)c4ccc(C(=O)Nc5ccc(C([*])=O)cc5)cc4)cc3)cc2)cc1,[*]c1ccc(NC(=O)c2ccc(NC(=O)c3ccc([Si](C)(C)c4ccc(C(=O)Nc5ccc(C([*])=O)cc5)cc4)cc3)cc2)cc1,0.05934619903564453,0.2738816738128662,-1,-1,0.0037002775208141436
[*]C1C=C(C)C([*])C1,[*]C1=C(C)C([*])C1,0.5181093215942383,0.26336097717285156,-1,-1,0.0
[*]c1ccc2c(c1)Cc1cc([*])ccc1-2,[*]1ccc2c(c1)Cc1cc([*])ccc1-2,0.5893385410308838,0.0273897647857666,-1,-1,0.01904761904761898
[*]CC([*])OC(=O)CC1CCCC1,[*]CC([*])OC(=O)CC1CCC1,0.013260364532470703,0.07236576080322266,-1,-1,0.0
[*]CCCCCCOC(=O)CCC=CCCC(=O)O[*],[*]CCCCCCOC(=O)CC=CCCC(=O)O[*],0.0017299652099609375,0.15833759307861328,-1,-1,-0.0052631578947368585
[*]CC([*])c1nc(C)nc(C)n1,[*]C([*])c1nc(C)nc(C)n1,0.04218578338623047,0.10550403594970703,-1,-1,0.0
[*]Oc1ccc(C(=O)NCC(C)(C)CCCNC(=O)c2ccc([*])cc2)cc1,[*]Oc1ccc(C(=O)NCC(C)(C)CCNC(=O)c2ccc([*])cc2)cc1,0.02375650405883789,0.28405094146728516,-1,-1,0.00264550264550234
[*]CC([*])(C)C(=O)Oc1ccc(N=Nc2ccc(C#N)cc2)cc1,[*]CC([*])(C)C(O)Oc1ccc(N=Nc2ccc(C#N)cc2)cc1,0.0172882080078125,0.36542701721191406,0,0,0.0
[*]c1ccc(-c2nc3ccc(Oc4ccc5nc([*])c(-c6ccccc6)nc5c4)cc3nc2-c2ccccc2)cc1,[*]c1ccc(-c2n3ccc(Oc4ccc5nc([*])c(-c6ccccc6)nc5c4)cc3nc2-c2ccccc2)cc1,0.04539823532104492,0.22326946258544922,-1,-1,0.007317073170731714
[*]OP(=O)(Oc1ccccc1)Oc1c(Br)cc(C(c2cc(Br)c([*])c(Br)c2)(C(F)(F)F)C(F)(F)F)cc1Br,[*]OP(=O)(Oc1ccccc1)Oc1(Br)cc(C(c2cc(Br)c([*])c(Br)c2)(C(F)(F)F)C(F)(F)F)cc1Br,0.2560396194458008,0.023341894149780273,-1,-1,0.002844950213371167
[*]CC(CS(C)(=O)=O)O[*],[*]CC(CS(C)(O)=O)O[*],0.0661153793334961,0.6322507858276367,0,0,0.0
[*]Cc1cccc(CNC(=O)C2=C(C(=O)N[*])C3C=CC2C3)c1,[*]c1cccc(CNC(=O)C2=C(C(=O)N[*])C3C=CC2C3)c1,0.4629230499267578,0.5616447925567627,-1,-1,0.007905138339920903
[*]CC(C)(C)COC(=O)Nc1ccc(NC(=O)O[*])cc1,[*]CC(C)(C)COC(=O)Nc1ccc(NC(=O)[*])cc1,0.1533641815185547,0.10300874710083008,-1,-1,0.0
[*]Oc1ccc(C(C)c2ccc(OC([*])=O)cc2)cc1,[*]Oc1ccc(C(C)c2ccc(C([*])=O)cc2)cc1,0.23145103454589844,0.13258600234985352,-1,-1,0.005263157894736636
[*]NC(=O)Nc1ccc(Cc2ccc(NC(=O)Nc3cccc([*])n3)cc2)cc1,[*]NC(=O)Nc1ccc(Cc2ccc(C(=O)Nc3cccc([*])n3)cc2)cc1,0.050365447998046875,0.030717134475708008,-1,-1,0.0049261083743843415
[*]CC([*])(C)C(=O)OCc1ccc(Cl)cc1Cl,[*]CC([*])(C)C(=O)Oc1ccc(Cl)cc1Cl,0.1990189552307129,0.17398977279663086,-1,-1,0.0
[*]CCCCCCCCCCCCCCCCCCNC(=O)NCCCCCCCCCCNC(=O)N[*],[*]CCCCCCCCCCCCCCCCCCC(=O)NCCCCCCCCCCNC(=O)N[*],0.05628204345703125,0.00044345855712890625,-1,-1,-0.0014224751066855834
[*]CCCCCCCCOC(=O)O[*],[*]CCCCCCCOC(=O)O[*],0.009874820709228516,0.20479965209960938,-1,-1,-0.01098901098901095
[*]CCCCCCCCCCCCCCCCCCCCCC(=O)N[*],[*]CCCCCCCCCCCCCCCCCCCCC(=O)N[*],0.036238670349121094,0.15647125244140625,-1,-1,-0.0030769230769231992
[*]CCCCCCCCC([*])Cl,[*]CCCCCCCC([*])Cl,0.005346775054931641,0.043973445892333984,-1,-1,-0.015151515151515138
[*]CC(CO[*])(CS(=O)(=O)CCCC)CS(=O)(=O)CCCC,[*]CC(CO[*])(CS(=O)(O)CCCC)CS(=O)(=O)CCCC,0.02677297592163086,0.37056398391723633,0,0,0.0
[*]CC(=S)NO[*],[*]CC(=S)N[*],0.32913780212402344,0.008270263671875,-1,-1,-0.04761904761904745
[*]c1cc(CCCCCCCCC)c([*])s1,[*]1cc(CCCCCCCCC)c([*])s1,1.6756739616394043,0.3662405014038086,-1,-1,0.0
[*]c1ccc(Oc2ccc(-c3nc4cc5sc([*])nc5cc4s3)cc2)cc1,[*]c1ccc(Oc2ccc(-c3nc4cc5c([*])nc5cc4s3)cc2)cc1,0.014424800872802734,0.1834568977355957,-1,-1,0.011396011396011207
[*]CCCCOC(=O)c1ccc([Si](C)(C)c2ccc(C(=O)O[*])cc2)cc1,[*]CCCCC(=O)c1ccc([Si](C)(C)c2ccc(C(=O)O[*])cc2)cc1,0.006187915802001953,0.1193704605102539,-1,-1,0.002849002849003135
[*]CC([*])c1cc(O)ccc1O,[*]C([*])c1cc(O)ccc1O,0.13683032989501953,0.1136007308959961,-1,-1,0.0
[*]Oc1ccc(P(=O)(c2ccccc2)c2ccc([*])cc2)cc1,[*]Oc1ccc(P(O)(c2ccccc2)c2ccc([*])cc2)cc1,0.13963699340820312,0.0531764030456543,0,0,0.0
[*]C(=O)C1CC(OC(C)=O)CN1[*],[*]C(=O)C1CC(OC(C)=O)C1[*],0.4186725616455078,0.15500354766845703,-1,-1,0.0
[*]NC(=O)OC(=S)[*],[*]NC(=O)OC(S)[*],2.10803484916687,1.3460404872894287,0,0,0.0
[*]CCC(=O)OC(=O)CCc1ccc([*])s1,[*]CCC(O)OC(=O)CCc1ccc([*])s1,0.009670257568359375,0.7859809398651123,0,0,0.0
[*]c1sc([*])c(CCCCCCCC)c1C,[*]c1sc([*])c(CCCCCCCC)c1,0.02827596664428711,0.01923394203186035,-1,-1,0.0
[*]c1ccc2c(c1)nc1c3cc4c(=O)n5c6cc([*])ccc6nc5c4cc3c(=O)n21,[*]c1ccc2c(c1)nc1c3cc4c(=O)n5c6cc([*])ccc6n5c4cc3c(=O)n21,0.09262514114379883,0.1305224895477295,-1,-1,0.01379310344827589
[*]Oc1ccc(C(C)(c2ccc(Oc3ccc(C(=O)c4ccc([*])cc4)cc3)cc2)C(F)(F)F)cc1,[*]c1ccc(C(C)(c2ccc(Oc3ccc(C(=O)c4ccc([*])cc4)cc3)cc2)C(F)(F)F)cc1,0.29897594451904297,0.08338236808776855,-1,-1,0.004761904761904745
[*]COCC(C)O[*],[*]OCC(C)O[*],0.16085004806518555,0.005727291107177734,-1,-1,-0.03571428571428581
[*]c1cc(C(=O)OC)cc(N2C(=O)CC(C3Cc4ccccc4C4C(=O)N([*])C(=O)C43)C2=O)c1,[*]c1cc(C(=O)OC)cc(N2C(=O)CC(C3Cc4ccccc4C4C(=O)N([*])(=O)C43)C2=O)c1,1.1739861965179443,0.6746253967285156,-1,-1,0.007130124777183333
[*]CCCCCCCCOC(=O)c1cccc(C(=O)O[*])c1,[*]CCCCCCCOC(=O)c1cccc(C(=O)O[*])c1,0.03714179992675781,0.06369733810424805,-1,-1,0.0
[*]COC(S1)=CC=C1C(C=C2)=CC=C2[*],[*]COC(S1)=CC=1C(C=C2)=CC=C2[*],0.3250150680541992,0.6588115692138672,-1,-1,0.00952380952380949
[*]c1ccc(C(=O)c2ccc(C(=O)c3ccc(Oc4ccc(-c5nn([*])c(=O)c6ccccc56)c(F)c4)cc3)cc2)cc1,[*]c1ccc(C(=O)c2ccc(C(=O)c3ccc(c4ccc(-c5nn([*])c(=O)c6ccccc56)c(F)c4)cc3)cc2)cc1,0.029020071029663086,0.09121203422546387,-1,-1,0.005537098560354448
[*]CCCCCCN(CC)C(=O)CCCCCCCCCCC(=O)N([*])CC,[*]CCCCCCN(C)C(=O)CCCCCCCCCCC(=O)N([*])CC,0.021953105926513672,0.03037261962890625,-1,-1,-0.002645502645502784
[*]NNC(=O)CCCCCCCCCCCCCCCCC([*])=O,[*]NNC(=O)CCCCCCCCCCCCCCCC([*])=O,0.002552509307861328,0.11883687973022461,-1,-1,-0.0036231884057971175
[*]CC(COc1ccc(Cl)cc1)O[*],[*]CC(Cc1ccc(Cl)cc1)O[*],0.22461795806884766,0.2683124542236328,-1,-1,0.0
[*]CCCCCCOc1ccc(C(C)(C)c2ccc(O[*])cc2)cc1,[*]CCCCCOc1ccc(C(C)(C)c2ccc(O[*])cc2)cc1,0.042305946350097656,0.12729454040527344,-1,-1,0.0033333333333334103
[*]c1ccc(C2C(C(=O)OC)C([*])C2C(=O)OC)cc1,[*]c1ccc(C2C(C(=O)OC)C([*])C2C(=O)C)cc1,0.07065248489379883,0.3562459945678711,-1,-1,0.005263157894736636
[*]CCCCC(=O)NCCCCCOCCCCCNC(=O)CCCCO[*],[*]CCCCC(=O)NCCCCCOCCCCNC(=O)CCCCO[*],0.0052547454833984375,0.0289306640625,-1,-1,-0.002645502645502784
[*]CCC(C)CC(C)(C)CNC(=O)c1ccc(C(=O)N[*])cc1,[*]CCC(C)CC(C)(C)CNC(=O)c1ccc(C(=O)[*])cc1,0.0513005256652832,0.021558761596679688,-1,-1,0.0
[*]CC(=O)C(=S)C(=O)[*],[*]CC(=O)C(=S)C(O)[*],0.4909489154815674,0.6126010417938232,0,0,0.0
[*]CC(O[*])C(F)(F)F,[*]C(O[*])C(F)(F)F,0.1372694969177246,1.1085596084594727,-1,-1,-0.02777777777777768
[*]CC(OC=O)C(COC(=O)O[*])OC=O,[*]CC(OC=O)C(COC(=O)O[*])C=O,0.08427906036376953,0.3170337677001953,-1,-1,-0.008333333333333304
[*]CCCNC(=O)CCCCCCCCCCCCCCCCCCC(=O)N[*],[*]CCCNC(=O)CCCCCCCCCCCCCCCCCC(=O)N[*],0.011242389678955078,0.07029533386230469,-1,-1,-0.0024630541871921707
[*]CC1CC([*])OCO1,[*]CC1CC([*])OC1,0.07240819931030273,0.11077165603637695,-1,-1,0.0
[*]CC(C=C1)=CC=C1NC(=S)[*],[*]CC(C=C1)=C=C1NC(=S)[*],1.112114429473877,0.8757855892181396,-1,-1,0.0
[*]Oc1ccc2cc(C([*])=O)ccc2c1-c1ccccc1,[*]Oc1ccc2cc(C([*])=O)ccc21-c1ccccc1,0.8619060516357422,0.23990440368652344,-1,-1,0.00952380952380949
[*]C=NCCN=Cc1ccc(Sc2ccc([*])o2)o1,[*]C=NCCN=Cc1ccc(Sc2ccc([*])2)o1,0.9767179489135742,0.07683658599853516,-1,-1,0.005847953216374435
[*]CCCCCNC(=O)C(OC)C(OC)C(=O)N[*],[*]CCCCCNC(=O)C(OC)C(OC)C(O)N[*],0.02945089340209961,0.19125127792358398,0,0,0.0
[*]Oc1ccc(N=Cc2ccc(N(c3ccccc3)c3ccc(C=Nc4ccc([*])cc4)cc3)cc2)cc1,[*]Oc1ccc(NCc2ccc(N(c3ccccc3)c3ccc(C=Nc4ccc([*])cc4)cc3)cc2)cc1,0.1944282054901123,0.17711496353149414,0,0,0.0
[*]CCOCCOCCOC(=O)c1ccccc1C(=O)O[*],[*]CCOCOCCOC(=O)c1ccccc1C(=O)O[*],0.014296531677246094,0.28444480895996094,-1,-1,0.0
[*]CCCCCOC(=O)NNC(=O)CCCCCCCCC(=O)NNC(=O)O[*],[*]CCCCCOC(=O)NNC(=O)CCCCCCCCC(=O)NNC(O)O[*],0.02115154266357422,0.01623249053955078,0,0,0.0
[*]Oc1ccc(Oc2ccc(OC([*])=O)cc2)cc1,[*]Oc1ccc(c2ccc(OC([*])=O)cc2)cc1,0.0866537094116211,0.2816038131713867,-1,-1,0.005847953216374435
[*]CC(CC([*])(C#N)C#N)c1ccc(OC(C)=O)cc1,[*]CC(CC([*])(C#N)CN)c1ccc(OC(C)=O)cc1,0.13529205322265625,0.09359169006347656,0,0,0.0
[*]CC([*])(C)C(=O)OCCOCC,[*]C([*])(C)C(=O)OCCOCC,0.12014961242675781,0.026064395904541016,-1,-1,-0.012820512820512997
[*]CCCCC(=O)NCCCCCCC(=O)NCCC(=O)N[*],[*]CCCCC(=O)NCCCCCCC(=O)NCCC(O)N[*],0.03579902648925781,0.05097818374633789,0,0,0.0
[*]OC([*])CCC,[*]C([*])CCC,0.10963821411132812,0.5610637664794922,-1,-1,-0.04761904761904745
[*]NC(S1)=CC=C1C(S2)=CC=C2C(=O)[*],[*]NC(S1)=CC=1C(S2)=CC=C2C(=O)[*],0.2746567726135254,0.37015628814697266,-1,-1,0.00952380952380949
[*]OC1CCCC([*])O1,[*]C1CCCC([*])O1,0.05732583999633789,0.22354888916015625,-1,-1,0.0
[*]Oc1ccc(OC(=O)Oc2ccc(-c3ccc(OC([*])=O)cc3)cc2)cc1,[*]Oc1ccc(C(=O)Oc2ccc(-c3ccc(OC([*])=O)cc3)cc2)cc1,0.08759427070617676,0.3538932800292969,-1,-1,0.005291005291005568
[*]CCCCCCNC(=O)CCP(C)(=O)CCC(=O)N[*],[*]CCCCCCNC(=O)CCP(C)(=O)CC(=O)N[*],0.292203426361084,0.19037246704101562,-1,-1,-0.004761904761904745
[*]CCCOC(=O)c1cccc(C(=O)O[*])c1,[*]CCCOC(=O)c1cccc(C(=O)[*])c1,0.19590473175048828,0.20952749252319336,-1,-1,0.0
[*]CCCCCC(=O)N[*],[*]CCCCCC(O)N[*],0.049123287200927734,0.0878896713256836,0,0,0.0
[*]CC([*])C(=O)OCCCCC,[*]C([*])C(=O)OCCCCC,0.08716630935668945,0.15456342697143555,-1,-1,-0.015151515151515138
[*]c1ccc(Oc2ccc(-c3cnc4ccc(-c5ccc6nc([*])cnc6c5)cc4n3)cc2)cc1,[*]c1ccc(Oc2ccc(-c3cn4ccc(-c5ccc6nc([*])cnc6c5)cc4n3)cc2)cc1,0.0023241043090820312,0.10661506652832031,-1,-1,0.008403361344537785
[*]CC(F)(F)C(F)(F)COC(=O)NCCCCCCNC(=O)O[*],[*]CC(F)(F)C(F)(F)COC(=O)NCCCCCNC(=O)O[*],0.012585639953613281,0.17541980743408203,-1,-1,-0.0036231884057971175
[*]Nc1cc(NC(=O)CCCCCCCCC([*])=O)cc(-c2nnc(-c3ccccn3)o2)c1,[*]Nc1cc(NC(=O)CCCCCCCC([*])=O)cc(-c2nnc(-c3ccccn3)o2)c1,0.018246173858642578,0.06279659271240234,-1,-1,0.0037878787878788955
[*]C=Cc1ccc([*])s1,[*]C=Cc1ccc([*])1,1.553490161895752,0.25363993644714355,-1,-1,0.0
[*]C(=O)c1cccc(C(=O)N2COCN2[*])c1,[*](=O)c1cccc(C(=O)N2COCN2[*])c1,0.39521217346191406,0.012558937072753906,-1,-1,0.007352941176470562
[*]CCCCCCOC(=O)CCCCCCCC(=O)O[*],[*]CCCCCCOC(=O)CCCCCCC(=O)O[*],0.004312038421630859,0.08131122589111328,-1,-1,-0.004761904761904745
[*]C(=O)CCCCCCCCC(=O)N1CCN([*])CC1,[*]C(=O)CCCCCCCC(=O)N1CCN([*])CC1,0.04848957061767578,0.009368419647216797,-1,-1,0.0
[*]CCc1ccc(Cc2ccc([*])cc2)cc1,[*]Cc1ccc(Cc2ccc([*])cc2)cc1,0.11405134201049805,0.43189334869384766,-1,-1,0.007352941176470562
[*]CC([*])C(=O)OCC(F)(F)C(F)(F)C(F)(F)F,[*]C([*])C(=O)OCC(F)(F)C(F)(F)C(F)(F)F,0.03301429748535156,0.08061075210571289,-1,-1,-0.006535947712418277
[*]CCCCCCCCCCCCCCCCCCCCOC(=O)c1ccccc1C(=O)O[*],[*]CCCCCCCCCCCCCCCCCCCOC(=O)c1ccccc1C(=O)O[*],0.00799560546875,0.6720685958862305,-1,-1,0.0
