defense,attack,source_id,clean_source_probability_under_defense,candidate_probability_under_defense,absolute_probability_change,prediction_flip
cnn_clean,random,18666,0.6653796434402466,0.4662024974822998,0.19917714595794678,True
cnn_random_aug,random,18666,0.8777365684509277,0.7871167063713074,0.09061986207962036,False
cnn_adv_mixed,random,18666,0.2387365996837616,0.1868162304162979,0.051920369267463684,False
cnn_clean,random,3636,0.45415014028549194,0.6940415501594543,0.2398914098739624,True
cnn_random_aug,random,3636,0.3544577360153198,0.3860664665699005,0.03160873055458069,False
cnn_adv_mixed,random,3636,0.7563077807426453,0.7909827828407288,0.034675002098083496,False
cnn_clean,random,13810,0.13559195399284363,0.2765812575817108,0.1409893035888672,False
cnn_random_aug,random,13810,0.20146016776561737,0.14099161326885223,0.06046855449676514,False
cnn_adv_mixed,random,13810,0.32670822739601135,0.29866278171539307,0.028045445680618286,False
cnn_clean,random,9408,0.31289204955101013,0.4894979000091553,0.17660585045814514,False
cnn_random_aug,random,9408,0.9094688892364502,0.9315645098686218,0.02209562063217163,False
cnn_adv_mixed,random,9408,0.8251733183860779,0.7981953620910645,0.026977956295013428,False
cnn_clean,random,13312,0.8082295656204224,0.6666101813316345,0.14161938428878784,False
cnn_random_aug,random,13312,0.7825122475624084,0.8166822195053101,0.03416997194290161,False
cnn_adv_mixed,random,13312,0.3589579164981842,0.45580044388771057,0.09684252738952637,False
cnn_clean,random,13162,0.5769733190536499,0.2563369572162628,0.3206363618373871,True
cnn_random_aug,random,13162,0.7333307266235352,0.7027243971824646,0.030606329441070557,False
cnn_adv_mixed,random,13162,0.6265082955360413,0.656044065952301,0.029535770416259766,False
cnn_clean,random,9785,0.23360806703567505,0.5025387406349182,0.26893067359924316,True
cnn_random_aug,random,9785,0.26651984453201294,0.2215588092803955,0.04496103525161743,False
cnn_adv_mixed,random,9785,0.9323808550834656,0.9408429861068726,0.008462131023406982,False
cnn_clean,random,17659,0.982491672039032,0.9572281837463379,0.025263488292694092,False
cnn_random_aug,random,17659,0.6760940551757812,0.7400113940238953,0.06391733884811401,False
cnn_adv_mixed,random,17659,0.5812959671020508,0.47785452008247375,0.10344144701957703,True
cnn_clean,random,690,0.009371818043291569,0.016749532893300056,0.007377714850008488,False
cnn_random_aug,random,690,0.19495077431201935,0.2321094423532486,0.03715866804122925,False
cnn_adv_mixed,random,690,0.370707631111145,0.32792818546295166,0.04277944564819336,False
cnn_clean,random,13687,0.4804913401603699,0.21808698773384094,0.26240435242652893,False
cnn_random_aug,random,13687,0.5097997188568115,0.5991378426551819,0.08933812379837036,False
cnn_adv_mixed,random,13687,0.5363215804100037,0.3510982096195221,0.18522337079048157,True
cnn_clean,random,601,0.5267961621284485,0.2625589370727539,0.2642372250556946,True
cnn_random_aug,random,601,0.848267138004303,0.7665316462516785,0.08173549175262451,False
cnn_adv_mixed,random,601,0.8061959147453308,0.7811172008514404,0.02507871389389038,False
cnn_clean,random,13354,0.7185173034667969,0.8915717005729675,0.17305439710617065,False
cnn_random_aug,random,13354,0.27331167459487915,0.2723921537399292,0.0009195208549499512,False
cnn_adv_mixed,random,13354,0.5612719058990479,0.4837145209312439,0.07755738496780396,True
cnn_clean,random,11514,0.9064962267875671,0.8032066226005554,0.10328960418701172,False
cnn_random_aug,random,11514,0.4190210998058319,0.4314362406730652,0.012415140867233276,False
cnn_adv_mixed,random,11514,0.701517641544342,0.6798287630081177,0.021688878536224365,False
cnn_clean,random,6005,0.80347740650177,0.6525096297264099,0.1509677767753601,False
cnn_random_aug,random,6005,0.546915590763092,0.6334688663482666,0.08655327558517456,False
cnn_adv_mixed,random,6005,0.17672224342823029,0.22585643827915192,0.04913419485092163,False
cnn_clean,random,3827,0.06066436320543289,0.18752390146255493,0.12685954570770264,False
cnn_random_aug,random,3827,0.5767037272453308,0.5513845682144165,0.025319159030914307,False
cnn_adv_mixed,random,3827,0.7919050455093384,0.7253029346466064,0.06660211086273193,False
cnn_clean,random,2857,0.3556325137615204,0.4828447699546814,0.127212256193161,False
cnn_random_aug,random,2857,0.4677693545818329,0.4586516320705414,0.009117722511291504,False
cnn_adv_mixed,random,2857,0.6234806776046753,0.6370673775672913,0.013586699962615967,False
cnn_clean,random,7684,0.44395196437835693,0.6280786395072937,0.18412667512893677,True
cnn_random_aug,random,7684,0.5646631717681885,0.5279049277305603,0.036758244037628174,False
cnn_adv_mixed,random,7684,0.7214711308479309,0.717189610004425,0.004281520843505859,False
cnn_clean,random,1318,0.9236491322517395,0.8165591955184937,0.10708993673324585,False
cnn_random_aug,random,1318,0.6560011506080627,0.6334561705589294,0.0225449800491333,False
cnn_adv_mixed,random,1318,0.733298659324646,0.6442732810974121,0.08902537822723389,False
cnn_clean,random,16882,0.55266273021698,0.7895199060440063,0.23685717582702637,False
cnn_random_aug,random,16882,0.5447351932525635,0.6235325336456299,0.0787973403930664,False
cnn_adv_mixed,random,16882,0.7149285674095154,0.7555264830589294,0.04059791564941406,False
cnn_clean,random,18547,0.12544187903404236,0.23945574462413788,0.11401386559009552,False
cnn_random_aug,random,18547,0.3832095265388489,0.3626461327075958,0.020563393831253052,False
cnn_adv_mixed,random,18547,0.7107955813407898,0.7721447348594666,0.06134915351867676,False
cnn_clean,random,6959,0.9574182033538818,0.8801270723342896,0.07729113101959229,False
cnn_random_aug,random,6959,0.492910772562027,0.5084409117698669,0.015530139207839966,True
cnn_adv_mixed,random,6959,0.8325185179710388,0.8230832815170288,0.00943523645401001,False
cnn_clean,random,17052,0.4486943483352661,0.6626453995704651,0.21395105123519897,True
cnn_random_aug,random,17052,0.1999412328004837,0.2115066647529602,0.011565431952476501,False
cnn_adv_mixed,random,17052,0.7349037528038025,0.7241368293762207,0.010766923427581787,False
cnn_clean,random,19803,0.4789082109928131,0.2287830114364624,0.2501251995563507,False
cnn_random_aug,random,19803,0.7302262187004089,0.6599079966545105,0.07031822204589844,False
cnn_adv_mixed,random,19803,0.7172443270683289,0.6857744455337524,0.031469881534576416,False
cnn_clean,random,11163,0.7264100313186646,0.45948556065559387,0.2669244706630707,True
cnn_random_aug,random,11163,0.8180075883865356,0.7915366291999817,0.026470959186553955,False
cnn_adv_mixed,random,11163,0.37780171632766724,0.32024675607681274,0.05755496025085449,False
cnn_clean,random,19245,0.6423093676567078,0.873386025428772,0.2310766577720642,False
cnn_random_aug,random,19245,0.4879532754421234,0.5019091963768005,0.013955920934677124,True
cnn_adv_mixed,random,19245,0.45467105507850647,0.5220016241073608,0.06733056902885437,True
cnn_clean,random,1016,0.6643320918083191,0.41636916995048523,0.24796292185783386,True
cnn_random_aug,random,1016,0.7509323954582214,0.7664748430252075,0.015542447566986084,False
cnn_adv_mixed,random,1016,0.9219505786895752,0.8920859694480896,0.029864609241485596,False
cnn_clean,random,12164,0.6480952501296997,0.45614415407180786,0.19195109605789185,True
cnn_random_aug,random,12164,0.08149341493844986,0.08739802986383438,0.0059046149253845215,False
cnn_adv_mixed,random,12164,0.8901612162590027,0.8927782773971558,0.002617061138153076,False
cnn_clean,random,10040,0.6540648341178894,0.3634723126888275,0.2905925214290619,True
cnn_random_aug,random,10040,0.15555620193481445,0.13274472951889038,0.022811472415924072,False
cnn_adv_mixed,random,10040,0.44153329730033875,0.3975961208343506,0.04393717646598816,False
cnn_clean,random,8194,0.24553054571151733,0.5058822631835938,0.2603517174720764,True
cnn_random_aug,random,8194,0.10903678089380264,0.13681542873382568,0.02777864784002304,False
cnn_adv_mixed,random,8194,0.30691006779670715,0.38767293095588684,0.08076286315917969,False
cnn_clean,random,344,0.09070408344268799,0.22538533806800842,0.13468125462532043,False
cnn_random_aug,random,344,0.3193892240524292,0.2929159700870514,0.026473253965377808,False
cnn_adv_mixed,random,344,0.22393430769443512,0.23297055065631866,0.009036242961883545,False
cnn_clean,random,6568,0.1934359222650528,0.3484605550765991,0.15502463281154633,False
cnn_random_aug,random,6568,0.24926415085792542,0.22826716303825378,0.02099698781967163,False
cnn_adv_mixed,random,6568,0.3702978193759918,0.39000990986824036,0.019712090492248535,False
cnn_clean,random,9816,0.02828659676015377,0.05774248391389847,0.029455887153744698,False
cnn_random_aug,random,9816,0.31296077370643616,0.2437220811843872,0.06923869252204895,False
cnn_adv_mixed,random,9816,0.40533655881881714,0.2699531614780426,0.13538339734077454,False
cnn_clean,random,5912,0.31029123067855835,0.13962002098560333,0.17067120969295502,False
cnn_random_aug,random,5912,0.5347995758056641,0.47034600377082825,0.06445357203483582,True
cnn_adv_mixed,random,5912,0.6262956857681274,0.4132017195224762,0.21309396624565125,True
cnn_clean,random,9466,0.7594209909439087,0.5004672408103943,0.2589537501335144,False
cnn_random_aug,random,9466,0.11656509339809418,0.09190642833709717,0.02465866506099701,False
cnn_adv_mixed,random,9466,0.5815227627754211,0.48171254992485046,0.09981021285057068,True
cnn_clean,random,11129,0.9207763671875,0.8528681397438049,0.06790822744369507,False
cnn_random_aug,random,11129,0.9578867554664612,0.9452358484268188,0.012650907039642334,False
cnn_adv_mixed,random,11129,0.4628910422325134,0.3836813271045685,0.07920971512794495,False
cnn_clean,random,4682,0.25521162152290344,0.49500131607055664,0.2397896945476532,False
cnn_random_aug,random,4682,0.3902359902858734,0.3429146111011505,0.0473213791847229,False
cnn_adv_mixed,random,4682,0.2671312987804413,0.2313724011182785,0.03575889766216278,False
cnn_clean,random,16552,0.6739042401313782,0.43695446848869324,0.23694977164268494,True
cnn_random_aug,random,16552,0.26221543550491333,0.19542911648750305,0.06678631901741028,False
cnn_adv_mixed,random,16552,0.5826248526573181,0.6418663263320923,0.05924147367477417,False
cnn_clean,random,13333,0.4378577172756195,0.22784531116485596,0.21001240611076355,False
cnn_random_aug,random,13333,0.07199570536613464,0.07464541494846344,0.0026497095823287964,False
cnn_adv_mixed,random,13333,0.8343545198440552,0.7880829572677612,0.046271562576293945,False
cnn_clean,random,11106,0.8560131788253784,0.5780442357063293,0.2779689431190491,False
cnn_random_aug,random,11106,0.5159345269203186,0.5115578770637512,0.004376649856567383,False
cnn_adv_mixed,random,11106,0.7217473387718201,0.7820875644683838,0.06034022569656372,False
cnn_clean,random,2640,0.5331407189369202,0.20305755734443665,0.3300831615924835,True
cnn_random_aug,random,2640,0.4682992994785309,0.39058277010917664,0.07771652936935425,False
cnn_adv_mixed,random,2640,0.8661901354789734,0.878084123134613,0.011893987655639648,False
cnn_clean,random,1284,0.46008679270744324,0.23623886704444885,0.22384792566299438,False
cnn_random_aug,random,1284,0.8914589285850525,0.9074854850769043,0.016026556491851807,False
cnn_adv_mixed,random,1284,0.6042341589927673,0.5592725872993469,0.04496157169342041,False
cnn_clean,random,19290,0.8108797669410706,0.6675590872764587,0.14332067966461182,False
cnn_random_aug,random,19290,0.7257086634635925,0.7452012300491333,0.01949256658554077,False
cnn_adv_mixed,random,19290,0.12819533050060272,0.1761709451675415,0.04797561466693878,False
cnn_clean,random,2607,0.06232749670743942,0.15572060644626617,0.09339310973882675,False
cnn_random_aug,random,2607,0.6782830357551575,0.7991832494735718,0.1209002137184143,False
cnn_adv_mixed,random,2607,0.9442230463027954,0.9431909322738647,0.001032114028930664,False
cnn_clean,random,6035,0.24982625246047974,0.40644732117652893,0.1566210687160492,False
cnn_random_aug,random,6035,0.24555665254592896,0.32937803864479065,0.0838213860988617,False
cnn_adv_mixed,random,6035,0.785030722618103,0.8452759385108948,0.06024521589279175,False
cnn_clean,random,16163,0.8428213000297546,0.6836916208267212,0.15912967920303345,False
cnn_random_aug,random,16163,0.8382912874221802,0.6858776211738586,0.15241366624832153,False
cnn_adv_mixed,random,16163,0.8890693783760071,0.8158316612243652,0.07323771715164185,False
cnn_clean,random,8511,0.525640606880188,0.7495959401130676,0.22395533323287964,False
cnn_random_aug,random,8511,0.6668145060539246,0.7609720826148987,0.09415757656097412,False
cnn_adv_mixed,random,8511,0.5895380973815918,0.6234009861946106,0.0338628888130188,False
cnn_clean,random,5281,0.6413124203681946,0.8711745142936707,0.22986209392547607,False
cnn_random_aug,random,5281,0.3099750280380249,0.32456594705581665,0.014590919017791748,False
cnn_adv_mixed,random,5281,0.6477973461151123,0.6606112122535706,0.012813866138458252,False
cnn_clean,random,9272,0.6635370850563049,0.44563788175582886,0.21789920330047607,True
cnn_random_aug,random,9272,0.6459421515464783,0.4766538441181183,0.16928830742835999,True
cnn_adv_mixed,random,9272,0.5810230374336243,0.6145167946815491,0.033493757247924805,False
cnn_clean,random,724,0.16925229132175446,0.3885294497013092,0.21927715837955475,False
cnn_random_aug,random,724,0.31479984521865845,0.32311925292015076,0.00831940770149231,False
cnn_adv_mixed,random,724,0.14972221851348877,0.16434000432491302,0.014617785811424255,False
cnn_clean,random,16531,0.8890122771263123,0.7524785399436951,0.1365337371826172,False
cnn_random_aug,random,16531,0.6983498930931091,0.619480311870575,0.07886958122253418,False
cnn_adv_mixed,random,16531,0.9006296992301941,0.9099543690681458,0.00932466983795166,False
cnn_clean,mcmc,18666,0.6653796434402466,0.9954333901405334,0.33005374670028687,False
cnn_random_aug,mcmc,18666,0.8777365684509277,0.7999553084373474,0.07778126001358032,False
cnn_adv_mixed,mcmc,18666,0.2387365996837616,0.25047555565834045,0.011738955974578857,False
cnn_clean,mcmc,3636,0.45415014028549194,0.9952552318572998,0.5411050915718079,True
cnn_random_aug,mcmc,3636,0.3544577360153198,0.6963164806365967,0.34185874462127686,True
cnn_adv_mixed,mcmc,3636,0.7563077807426453,0.6932661533355713,0.06304162740707397,False
cnn_clean,mcmc,13810,0.13559195399284363,0.9204641580581665,0.7848721742630005,True
cnn_random_aug,mcmc,13810,0.20146016776561737,0.255825936794281,0.054365769028663635,False
cnn_adv_mixed,mcmc,13810,0.32670822739601135,0.518750786781311,0.19204255938529968,True
cnn_clean,mcmc,9408,0.31289204955101013,0.06679700314998627,0.24609504640102386,False
cnn_random_aug,mcmc,9408,0.9094688892364502,0.8770452737808228,0.03242361545562744,False
cnn_adv_mixed,mcmc,9408,0.8251733183860779,0.8531337976455688,0.027960479259490967,False
cnn_clean,mcmc,13312,0.8082295656204224,0.9560597538948059,0.14783018827438354,False
cnn_random_aug,mcmc,13312,0.7825122475624084,0.7609929442405701,0.02151930332183838,False
cnn_adv_mixed,mcmc,13312,0.3589579164981842,0.33595994114875793,0.02299797534942627,False
cnn_clean,mcmc,13162,0.5769733190536499,0.0028823495376855135,0.5740909576416016,True
cnn_random_aug,mcmc,13162,0.7333307266235352,0.5787625908851624,0.1545681357383728,False
cnn_adv_mixed,mcmc,13162,0.6265082955360413,0.5984769463539124,0.028031349182128906,False
cnn_clean,mcmc,9785,0.23360806703567505,0.9849692583084106,0.7513611912727356,True
cnn_random_aug,mcmc,9785,0.26651984453201294,0.4421902298927307,0.17567038536071777,False
cnn_adv_mixed,mcmc,9785,0.9323808550834656,0.9452896118164062,0.012908756732940674,False
cnn_clean,mcmc,17659,0.982491672039032,0.9978493452072144,0.015357673168182373,False
cnn_random_aug,mcmc,17659,0.6760940551757812,0.928519606590271,0.25242555141448975,False
cnn_adv_mixed,mcmc,17659,0.5812959671020508,0.5126792788505554,0.06861668825149536,False
cnn_clean,mcmc,690,0.009371818043291569,0.6024134159088135,0.5930415987968445,True
cnn_random_aug,mcmc,690,0.19495077431201935,0.2601841688156128,0.06523339450359344,False
cnn_adv_mixed,mcmc,690,0.370707631111145,0.5680849552154541,0.19737732410430908,True
cnn_clean,mcmc,13687,0.4804913401603699,0.9960709810256958,0.5155796408653259,True
cnn_random_aug,mcmc,13687,0.5097997188568115,0.1596948802471161,0.35010483860969543,True
cnn_adv_mixed,mcmc,13687,0.5363215804100037,0.762001097202301,0.22567951679229736,False
cnn_clean,mcmc,601,0.5267961621284485,0.9690139293670654,0.44221776723861694,False
cnn_random_aug,mcmc,601,0.848267138004303,0.9543302655220032,0.1060631275177002,False
cnn_adv_mixed,mcmc,601,0.8061959147453308,0.5984380841255188,0.207757830619812,False
cnn_clean,mcmc,13354,0.7185173034667969,0.991877555847168,0.2733602523803711,False
cnn_random_aug,mcmc,13354,0.27331167459487915,0.905306875705719,0.6319952011108398,True
cnn_adv_mixed,mcmc,13354,0.5612719058990479,0.5908366441726685,0.029564738273620605,False
cnn_clean,mcmc,11514,0.9064962267875671,0.2041294425725937,0.7023667693138123,True
cnn_random_aug,mcmc,11514,0.4190210998058319,0.3556147515773773,0.06340634822845459,False
cnn_adv_mixed,mcmc,11514,0.701517641544342,0.7348164916038513,0.03329885005950928,False
cnn_clean,mcmc,6005,0.80347740650177,0.07534413784742355,0.7281332612037659,True
cnn_random_aug,mcmc,6005,0.546915590763092,0.5318365693092346,0.015079021453857422,False
cnn_adv_mixed,mcmc,6005,0.17672224342823029,0.5490671992301941,0.372344970703125,True
cnn_clean,mcmc,3827,0.06066436320543289,0.0040328954346477985,0.05663146823644638,False
cnn_random_aug,mcmc,3827,0.5767037272453308,0.4411020576953888,0.13560166954994202,True
cnn_adv_mixed,mcmc,3827,0.7919050455093384,0.8406241536140442,0.04871910810470581,False
cnn_clean,mcmc,2857,0.3556325137615204,0.008629810065031052,0.34700271487236023,False
cnn_random_aug,mcmc,2857,0.4677693545818329,0.5609025359153748,0.09313318133354187,True
cnn_adv_mixed,mcmc,2857,0.6234806776046753,0.5895366072654724,0.03394407033920288,False
cnn_clean,mcmc,7684,0.44395196437835693,0.9971439242362976,0.5531919598579407,True
cnn_random_aug,mcmc,7684,0.5646631717681885,0.5288434624671936,0.03581970930099487,False
cnn_adv_mixed,mcmc,7684,0.7214711308479309,0.8735560178756714,0.15208488702774048,False
cnn_clean,mcmc,1318,0.9236491322517395,0.9982047080993652,0.07455557584762573,False
cnn_random_aug,mcmc,1318,0.6560011506080627,0.5271373391151428,0.12886381149291992,False
cnn_adv_mixed,mcmc,1318,0.733298659324646,0.5657379031181335,0.16756075620651245,False
cnn_clean,mcmc,16882,0.55266273021698,0.9799429774284363,0.4272802472114563,False
cnn_random_aug,mcmc,16882,0.5447351932525635,0.5346274375915527,0.010107755661010742,False
cnn_adv_mixed,mcmc,16882,0.7149285674095154,0.5717529058456421,0.1431756615638733,False
cnn_clean,mcmc,18547,0.12544187903404236,0.0067440215498209,0.11869785934686661,False
cnn_random_aug,mcmc,18547,0.3832095265388489,0.5951537489891052,0.21194422245025635,True
cnn_adv_mixed,mcmc,18547,0.7107955813407898,0.7091591358184814,0.0016364455223083496,False
cnn_clean,mcmc,6959,0.9574182033538818,0.017403293401002884,0.9400148987770081,True
cnn_random_aug,mcmc,6959,0.492910772562027,0.3813543915748596,0.11155638098716736,False
cnn_adv_mixed,mcmc,6959,0.8325185179710388,0.8510839939117432,0.018565475940704346,False
cnn_clean,mcmc,17052,0.4486943483352661,0.04943409562110901,0.3992602527141571,False
cnn_random_aug,mcmc,17052,0.1999412328004837,0.07602977752685547,0.12391145527362823,False
cnn_adv_mixed,mcmc,17052,0.7349037528038025,0.10792367160320282,0.6269800662994385,True
cnn_clean,mcmc,19803,0.4789082109928131,0.027406761422753334,0.4515014588832855,False
cnn_random_aug,mcmc,19803,0.7302262187004089,0.21175901591777802,0.5184671878814697,True
cnn_adv_mixed,mcmc,19803,0.7172443270683289,0.7160153985023499,0.001228928565979004,False
cnn_clean,mcmc,11163,0.7264100313186646,0.020997244864702225,0.7054128050804138,True
cnn_random_aug,mcmc,11163,0.8180075883865356,0.3594241142272949,0.4585834741592407,True
cnn_adv_mixed,mcmc,11163,0.37780171632766724,0.1043979749083519,0.27340373396873474,False
cnn_clean,mcmc,19245,0.6423093676567078,0.03758733719587326,0.6047220230102539,True
cnn_random_aug,mcmc,19245,0.4879532754421234,0.2736656069755554,0.214287668466568,False
cnn_adv_mixed,mcmc,19245,0.45467105507850647,0.20306682586669922,0.25160422921180725,False
cnn_clean,mcmc,1016,0.6643320918083191,0.030968517065048218,0.6333636045455933,True
cnn_random_aug,mcmc,1016,0.7509323954582214,0.34785494208335876,0.40307745337486267,True
cnn_adv_mixed,mcmc,1016,0.9219505786895752,0.7007490396499634,0.22120153903961182,False
cnn_clean,mcmc,12164,0.6480952501296997,0.03212243318557739,0.6159728169441223,True
cnn_random_aug,mcmc,12164,0.08149341493844986,0.08671458810567856,0.005221173167228699,False
cnn_adv_mixed,mcmc,12164,0.8901612162590027,0.8171378374099731,0.07302337884902954,False
cnn_clean,mcmc,10040,0.6540648341178894,0.9958093166351318,0.34174448251724243,False
cnn_random_aug,mcmc,10040,0.15555620193481445,0.6610119342803955,0.505455732345581,True
cnn_adv_mixed,mcmc,10040,0.44153329730033875,0.6363818049430847,0.19484850764274597,True
cnn_clean,mcmc,8194,0.24553054571151733,0.9916861653327942,0.7461556196212769,True
cnn_random_aug,mcmc,8194,0.10903678089380264,0.13777661323547363,0.02873983234167099,False
cnn_adv_mixed,mcmc,8194,0.30691006779670715,0.7833253741264343,0.4764153063297272,True
cnn_clean,mcmc,344,0.09070408344268799,0.0019311540527269244,0.08877293020486832,False
cnn_random_aug,mcmc,344,0.3193892240524292,0.33979323506355286,0.020404011011123657,False
cnn_adv_mixed,mcmc,344,0.22393430769443512,0.04048965126276016,0.18344464898109436,False
cnn_clean,mcmc,6568,0.1934359222650528,0.002125331200659275,0.1913105845451355,False
cnn_random_aug,mcmc,6568,0.24926415085792542,0.34114864468574524,0.09188449382781982,False
cnn_adv_mixed,mcmc,6568,0.3702978193759918,0.3190650939941406,0.051232725381851196,False
cnn_clean,mcmc,9816,0.02828659676015377,0.002507966011762619,0.02577863074839115,False
cnn_random_aug,mcmc,9816,0.31296077370643616,0.39165303111076355,0.07869225740432739,False
cnn_adv_mixed,mcmc,9816,0.40533655881881714,0.3705019950866699,0.03483456373214722,False
cnn_clean,mcmc,5912,0.31029123067855835,0.9639067053794861,0.6536154747009277,True
cnn_random_aug,mcmc,5912,0.5347995758056641,0.4256860613822937,0.10911351442337036,True
cnn_adv_mixed,mcmc,5912,0.6262956857681274,0.8888470530509949,0.26255136728286743,False
cnn_clean,mcmc,9466,0.7594209909439087,0.004603179171681404,0.75481778383255,True
cnn_random_aug,mcmc,9466,0.11656509339809418,0.07676446437835693,0.039800629019737244,False
cnn_adv_mixed,mcmc,9466,0.5815227627754211,0.3739757835865021,0.20754697918891907,True
cnn_clean,mcmc,11129,0.9207763671875,0.08566834032535553,0.8351080417633057,True
cnn_random_aug,mcmc,11129,0.9578867554664612,0.24166321754455566,0.7162235379219055,True
cnn_adv_mixed,mcmc,11129,0.4628910422325134,0.31089457869529724,0.1519964635372162,False
cnn_clean,mcmc,4682,0.25521162152290344,0.02878798544406891,0.22642363607883453,False
cnn_random_aug,mcmc,4682,0.3902359902858734,0.3774421513080597,0.01279383897781372,False
cnn_adv_mixed,mcmc,4682,0.2671312987804413,0.5133293271064758,0.24619802832603455,True
cnn_clean,mcmc,16552,0.6739042401313782,0.028684217482805252,0.6452200412750244,True
cnn_random_aug,mcmc,16552,0.26221543550491333,0.2630579173564911,0.0008424818515777588,False
cnn_adv_mixed,mcmc,16552,0.5826248526573181,0.6168957948684692,0.03427094221115112,False
cnn_clean,mcmc,13333,0.4378577172756195,0.021765420213341713,0.41609230637550354,False
cnn_random_aug,mcmc,13333,0.07199570536613464,0.22708506882190704,0.1550893634557724,False
cnn_adv_mixed,mcmc,13333,0.8343545198440552,0.3702087700366974,0.4641457498073578,True
cnn_clean,mcmc,11106,0.8560131788253784,0.9912859797477722,0.1352728009223938,False
cnn_random_aug,mcmc,11106,0.5159345269203186,0.4775489568710327,0.03838557004928589,True
cnn_adv_mixed,mcmc,11106,0.7217473387718201,0.4838736057281494,0.23787373304367065,True
cnn_clean,mcmc,2640,0.5331407189369202,0.005754110403358936,0.5273866057395935,True
cnn_random_aug,mcmc,2640,0.4682992994785309,0.37095364928245544,0.09734565019607544,False
cnn_adv_mixed,mcmc,2640,0.8661901354789734,0.800334632396698,0.06585550308227539,False
cnn_clean,mcmc,1284,0.46008679270744324,0.0018738902872428298,0.4582129120826721,False
cnn_random_aug,mcmc,1284,0.8914589285850525,0.4657578468322754,0.4257010817527771,True
cnn_adv_mixed,mcmc,1284,0.6042341589927673,0.5125582814216614,0.09167587757110596,False
cnn_clean,mcmc,19290,0.8108797669410706,0.1452455222606659,0.665634274482727,True
cnn_random_aug,mcmc,19290,0.7257086634635925,0.7065037488937378,0.019204914569854736,False
cnn_adv_mixed,mcmc,19290,0.12819533050060272,0.5660265684127808,0.43783122301101685,True
cnn_clean,mcmc,2607,0.06232749670743942,0.9465234875679016,0.8841959834098816,True
cnn_random_aug,mcmc,2607,0.6782830357551575,0.8519439101219177,0.17366087436676025,False
cnn_adv_mixed,mcmc,2607,0.9442230463027954,0.9382655024528503,0.005957543849945068,False
cnn_clean,mcmc,6035,0.24982625246047974,0.9668776392936707,0.7170513868331909,True
cnn_random_aug,mcmc,6035,0.24555665254592896,0.2882704436779022,0.04271379113197327,False
cnn_adv_mixed,mcmc,6035,0.785030722618103,0.8608936667442322,0.07586294412612915,False
cnn_clean,mcmc,16163,0.8428213000297546,0.9933852553367615,0.15056395530700684,False
cnn_random_aug,mcmc,16163,0.8382912874221802,0.8610880374908447,0.02279675006866455,False
cnn_adv_mixed,mcmc,16163,0.8890693783760071,0.8019276857376099,0.08714169263839722,False
cnn_clean,mcmc,8511,0.525640606880188,0.9792317152023315,0.45359110832214355,False
cnn_random_aug,mcmc,8511,0.6668145060539246,0.9121871590614319,0.24537265300750732,False
cnn_adv_mixed,mcmc,8511,0.5895380973815918,0.8981841802597046,0.3086460828781128,False
cnn_clean,mcmc,5281,0.6413124203681946,0.05762157589197159,0.5836908221244812,True
cnn_random_aug,mcmc,5281,0.3099750280380249,0.3486686646938324,0.038693636655807495,False
cnn_adv_mixed,mcmc,5281,0.6477973461151123,0.3752289414405823,0.27256840467453003,True
cnn_clean,mcmc,9272,0.6635370850563049,0.9901718497276306,0.3266347646713257,False
cnn_random_aug,mcmc,9272,0.6459421515464783,0.8054965734481812,0.15955442190170288,False
cnn_adv_mixed,mcmc,9272,0.5810230374336243,0.7476531863212585,0.16663014888763428,False
cnn_clean,mcmc,724,0.16925229132175446,0.00785281602293253,0.1613994687795639,False
cnn_random_aug,mcmc,724,0.31479984521865845,0.4101753532886505,0.09537550806999207,False
cnn_adv_mixed,mcmc,724,0.14972221851348877,0.06778264045715332,0.08193957805633545,False
cnn_clean,mcmc,16531,0.8890122771263123,0.787492573261261,0.10151970386505127,False
cnn_random_aug,mcmc,16531,0.6983498930931091,0.6813399195671082,0.017009973526000977,False
cnn_adv_mixed,mcmc,16531,0.9006296992301941,0.8631258606910706,0.037503838539123535,False
cnn_clean,evolutionary,18666,0.6653796434402466,0.04871485382318497,0.6166647672653198,True
cnn_random_aug,evolutionary,18666,0.8777365684509277,0.795240044593811,0.0824965238571167,False
cnn_adv_mixed,evolutionary,18666,0.2387365996837616,0.1140030100941658,0.1247335895895958,False
cnn_clean,evolutionary,3636,0.45415014028549194,0.12149401754140854,0.3326561152935028,False
cnn_random_aug,evolutionary,3636,0.3544577360153198,0.8153550624847412,0.4608973264694214,True
cnn_adv_mixed,evolutionary,3636,0.7563077807426453,0.7697620987892151,0.013454318046569824,False
cnn_clean,evolutionary,13810,0.13559195399284363,0.8396971225738525,0.7041051387786865,True
cnn_random_aug,evolutionary,13810,0.20146016776561737,0.20942682027816772,0.007966652512550354,False
cnn_adv_mixed,evolutionary,13810,0.32670822739601135,0.4546034336090088,0.12789520621299744,False
cnn_clean,evolutionary,9408,0.31289204955101013,0.11039499193429947,0.20249706506729126,False
cnn_random_aug,evolutionary,9408,0.9094688892364502,0.7789568305015564,0.1305120587348938,False
cnn_adv_mixed,evolutionary,9408,0.8251733183860779,0.7435060143470764,0.08166730403900146,False
cnn_clean,evolutionary,13312,0.8082295656204224,0.21064680814743042,0.5975827574729919,True
cnn_random_aug,evolutionary,13312,0.7825122475624084,0.6902551651000977,0.09225708246231079,False
cnn_adv_mixed,evolutionary,13312,0.3589579164981842,0.5237194299697876,0.1647615134716034,True
cnn_clean,evolutionary,13162,0.5769733190536499,0.9548473358154297,0.3778740167617798,False
cnn_random_aug,evolutionary,13162,0.7333307266235352,0.9346022009849548,0.20127147436141968,False
cnn_adv_mixed,evolutionary,13162,0.6265082955360413,0.7878170609474182,0.16130876541137695,False
cnn_clean,evolutionary,9785,0.23360806703567505,0.027566753327846527,0.20604130625724792,False
cnn_random_aug,evolutionary,9785,0.26651984453201294,0.33721843361854553,0.07069858908653259,False
cnn_adv_mixed,evolutionary,9785,0.9323808550834656,0.8302565813064575,0.10212427377700806,False
cnn_clean,evolutionary,17659,0.982491672039032,0.9989386200904846,0.016446948051452637,False
cnn_random_aug,evolutionary,17659,0.6760940551757812,0.9153374433517456,0.23924338817596436,False
cnn_adv_mixed,evolutionary,17659,0.5812959671020508,0.7829049229621887,0.20160895586013794,False
cnn_clean,evolutionary,690,0.009371818043291569,0.06746350228786469,0.05809168517589569,False
cnn_random_aug,evolutionary,690,0.19495077431201935,0.38140180706977844,0.1864510327577591,False
cnn_adv_mixed,evolutionary,690,0.370707631111145,0.5503033995628357,0.17959576845169067,True
cnn_clean,evolutionary,13687,0.4804913401603699,0.9659161567687988,0.48542481660842896,True
cnn_random_aug,evolutionary,13687,0.5097997188568115,0.7418554425239563,0.23205572366714478,False
cnn_adv_mixed,evolutionary,13687,0.5363215804100037,0.7009922862052917,0.16467070579528809,False
cnn_clean,evolutionary,601,0.5267961621284485,0.9511961340904236,0.4243999719619751,False
cnn_random_aug,evolutionary,601,0.848267138004303,0.9615090489387512,0.11324191093444824,False
cnn_adv_mixed,evolutionary,601,0.8061959147453308,0.7753143310546875,0.03088158369064331,False
cnn_clean,evolutionary,13354,0.7185173034667969,0.9906589984893799,0.272141695022583,False
cnn_random_aug,evolutionary,13354,0.27331167459487915,0.5895019769668579,0.31619030237197876,True
cnn_adv_mixed,evolutionary,13354,0.5612719058990479,0.39623796939849854,0.16503393650054932,True
cnn_clean,evolutionary,11514,0.9064962267875671,0.49582505226135254,0.4106711745262146,True
cnn_random_aug,evolutionary,11514,0.4190210998058319,0.4653894603252411,0.04636836051940918,False
cnn_adv_mixed,evolutionary,11514,0.701517641544342,0.5254404544830322,0.17607718706130981,False
cnn_clean,evolutionary,6005,0.80347740650177,0.25817373394966125,0.5453037023544312,True
cnn_random_aug,evolutionary,6005,0.546915590763092,0.54401034116745,0.00290524959564209,False
cnn_adv_mixed,evolutionary,6005,0.17672224342823029,0.2150370180606842,0.03831477463245392,False
cnn_clean,evolutionary,3827,0.06066436320543289,0.004449828527867794,0.05621453374624252,False
cnn_random_aug,evolutionary,3827,0.5767037272453308,0.5525819063186646,0.02412182092666626,False
cnn_adv_mixed,evolutionary,3827,0.7919050455093384,0.6316568851470947,0.16024816036224365,False
cnn_clean,evolutionary,2857,0.3556325137615204,0.9184548258781433,0.5628223419189453,True
cnn_random_aug,evolutionary,2857,0.4677693545818329,0.4655779302120209,0.0021914243698120117,False
cnn_adv_mixed,evolutionary,2857,0.6234806776046753,0.7911251187324524,0.1676444411277771,False
cnn_clean,evolutionary,7684,0.44395196437835693,0.984485387802124,0.5405334234237671,True
cnn_random_aug,evolutionary,7684,0.5646631717681885,0.8085070252418518,0.24384385347366333,False
cnn_adv_mixed,evolutionary,7684,0.7214711308479309,0.8617450594902039,0.14027392864227295,False
cnn_clean,evolutionary,1318,0.9236491322517395,0.08093664050102234,0.8427125215530396,True
cnn_random_aug,evolutionary,1318,0.6560011506080627,0.260687917470932,0.39531323313713074,True
cnn_adv_mixed,evolutionary,1318,0.733298659324646,0.5506303906440735,0.1826682686805725,False
cnn_clean,evolutionary,16882,0.55266273021698,0.9922887682914734,0.4396260380744934,False
cnn_random_aug,evolutionary,16882,0.5447351932525635,0.6532705426216125,0.10853534936904907,False
cnn_adv_mixed,evolutionary,16882,0.7149285674095154,0.737663745880127,0.022735178470611572,False
cnn_clean,evolutionary,18547,0.12544187903404236,0.029249200597405434,0.09619268029928207,False
cnn_random_aug,evolutionary,18547,0.3832095265388489,0.17598067224025726,0.2072288542985916,False
cnn_adv_mixed,evolutionary,18547,0.7107955813407898,0.5153493285179138,0.19544625282287598,False
cnn_clean,evolutionary,6959,0.9574182033538818,0.16254127025604248,0.7948769330978394,True
cnn_random_aug,evolutionary,6959,0.492910772562027,0.35620272159576416,0.13670805096626282,False
cnn_adv_mixed,evolutionary,6959,0.8325185179710388,0.8957952260971069,0.06327670812606812,False
cnn_clean,evolutionary,17052,0.4486943483352661,0.06344018131494522,0.3852541744709015,False
cnn_random_aug,evolutionary,17052,0.1999412328004837,0.17664740979671478,0.02329382300376892,False
cnn_adv_mixed,evolutionary,17052,0.7349037528038025,0.6278058290481567,0.10709792375564575,False
cnn_clean,evolutionary,19803,0.4789082109928131,0.006492620799690485,0.47241559624671936,False
cnn_random_aug,evolutionary,19803,0.7302262187004089,0.5003623366355896,0.22986388206481934,False
cnn_adv_mixed,evolutionary,19803,0.7172443270683289,0.49212077260017395,0.2251235544681549,True
cnn_clean,evolutionary,11163,0.7264100313186646,0.03206148371100426,0.6943485736846924,True
cnn_random_aug,evolutionary,11163,0.8180075883865356,0.5434118509292603,0.2745957374572754,False
cnn_adv_mixed,evolutionary,11163,0.37780171632766724,0.37593966722488403,0.0018620491027832031,False
cnn_clean,evolutionary,19245,0.6423093676567078,0.17204159498214722,0.47026777267456055,True
cnn_random_aug,evolutionary,19245,0.4879532754421234,0.6653281450271606,0.17737486958503723,True
cnn_adv_mixed,evolutionary,19245,0.45467105507850647,0.4738253653049469,0.01915431022644043,False
cnn_clean,evolutionary,1016,0.6643320918083191,0.07615706324577332,0.5881750583648682,True
cnn_random_aug,evolutionary,1016,0.7509323954582214,0.6112210750579834,0.13971132040023804,False
cnn_adv_mixed,evolutionary,1016,0.9219505786895752,0.8251957297325134,0.09675484895706177,False
cnn_clean,evolutionary,12164,0.6480952501296997,0.10486681759357452,0.5432284474372864,True
cnn_random_aug,evolutionary,12164,0.08149341493844986,0.15437927842140198,0.07288586348295212,False
cnn_adv_mixed,evolutionary,12164,0.8901612162590027,0.8987528085708618,0.00859159231185913,False
cnn_clean,evolutionary,10040,0.6540648341178894,0.017649108543992043,0.6364157199859619,True
cnn_random_aug,evolutionary,10040,0.15555620193481445,0.04727292060852051,0.10828328132629395,False
cnn_adv_mixed,evolutionary,10040,0.44153329730033875,0.5748436450958252,0.13331034779548645,True
cnn_clean,evolutionary,8194,0.24553054571151733,0.9889276027679443,0.743397057056427,True
cnn_random_aug,evolutionary,8194,0.10903678089380264,0.14483484625816345,0.03579806536436081,False
cnn_adv_mixed,evolutionary,8194,0.30691006779670715,0.5128071308135986,0.20589706301689148,True
cnn_clean,evolutionary,344,0.09070408344268799,0.005575402639806271,0.08512867987155914,False
cnn_random_aug,evolutionary,344,0.3193892240524292,0.17289462685585022,0.14649459719657898,False
cnn_adv_mixed,evolutionary,344,0.22393430769443512,0.2193301022052765,0.00460420548915863,False
cnn_clean,evolutionary,6568,0.1934359222650528,0.7924914956092834,0.5990555882453918,True
cnn_random_aug,evolutionary,6568,0.24926415085792542,0.3124581277370453,0.06319397687911987,False
cnn_adv_mixed,evolutionary,6568,0.3702978193759918,0.37054243683815,0.0002446174621582031,False
cnn_clean,evolutionary,9816,0.02828659676015377,0.5895724892616272,0.5612859129905701,True
cnn_random_aug,evolutionary,9816,0.31296077370643616,0.22698159515857697,0.08597917854785919,False
cnn_adv_mixed,evolutionary,9816,0.40533655881881714,0.5888651609420776,0.1835286021232605,True
cnn_clean,evolutionary,5912,0.31029123067855835,0.020346131175756454,0.2899450957775116,False
cnn_random_aug,evolutionary,5912,0.5347995758056641,0.5610125064849854,0.02621293067932129,False
cnn_adv_mixed,evolutionary,5912,0.6262956857681274,0.6093313694000244,0.016964316368103027,False
cnn_clean,evolutionary,9466,0.7594209909439087,0.025353748351335526,0.7340672612190247,True
cnn_random_aug,evolutionary,9466,0.11656509339809418,0.1906144618988037,0.07404936850070953,False
cnn_adv_mixed,evolutionary,9466,0.5815227627754211,0.4829882085323334,0.09853455424308777,True
cnn_clean,evolutionary,11129,0.9207763671875,0.22925598919391632,0.6915203928947449,True
cnn_random_aug,evolutionary,11129,0.9578867554664612,0.787956178188324,0.1699305772781372,False
cnn_adv_mixed,evolutionary,11129,0.4628910422325134,0.09760238230228424,0.3652886748313904,False
cnn_clean,evolutionary,4682,0.25521162152290344,0.015056192874908447,0.240155428647995,False
cnn_random_aug,evolutionary,4682,0.3902359902858734,0.22917109727859497,0.16106489300727844,False
cnn_adv_mixed,evolutionary,4682,0.2671312987804413,0.12132193148136139,0.1458093672990799,False
cnn_clean,evolutionary,16552,0.6739042401313782,0.1265411078929901,0.5473631620407104,True
cnn_random_aug,evolutionary,16552,0.26221543550491333,0.27146849036216736,0.009253054857254028,False
cnn_adv_mixed,evolutionary,16552,0.5826248526573181,0.6893667578697205,0.10674190521240234,False
cnn_clean,evolutionary,13333,0.4378577172756195,0.018229899927973747,0.4196278154850006,False
cnn_random_aug,evolutionary,13333,0.07199570536613464,0.12354886531829834,0.051553159952163696,False
cnn_adv_mixed,evolutionary,13333,0.8343545198440552,0.3029184639453888,0.5314360857009888,True
cnn_clean,evolutionary,11106,0.8560131788253784,0.9927576780319214,0.13674449920654297,False
cnn_random_aug,evolutionary,11106,0.5159345269203186,0.5737717151641846,0.05783718824386597,False
cnn_adv_mixed,evolutionary,11106,0.7217473387718201,0.7672703266143799,0.045522987842559814,False
cnn_clean,evolutionary,2640,0.5331407189369202,0.026212027296423912,0.5069286823272705,True
cnn_random_aug,evolutionary,2640,0.4682992994785309,0.7019897699356079,0.23369047045707703,True
cnn_adv_mixed,evolutionary,2640,0.8661901354789734,0.9124287366867065,0.046238601207733154,False
cnn_clean,evolutionary,1284,0.46008679270744324,0.06756427884101868,0.39252251386642456,False
cnn_random_aug,evolutionary,1284,0.8914589285850525,0.8612397909164429,0.03021913766860962,False
cnn_adv_mixed,evolutionary,1284,0.6042341589927673,0.7844047546386719,0.18017059564590454,False
cnn_clean,evolutionary,19290,0.8108797669410706,0.18740439414978027,0.6234753727912903,True
cnn_random_aug,evolutionary,19290,0.7257086634635925,0.5863769054412842,0.13933175802230835,False
cnn_adv_mixed,evolutionary,19290,0.12819533050060272,0.14098070561885834,0.012785375118255615,False
cnn_clean,evolutionary,2607,0.06232749670743942,0.8984485864639282,0.8361210823059082,True
cnn_random_aug,evolutionary,2607,0.6782830357551575,0.8687559366226196,0.19047290086746216,False
cnn_adv_mixed,evolutionary,2607,0.9442230463027954,0.9249693155288696,0.01925373077392578,False
cnn_clean,evolutionary,6035,0.24982625246047974,0.8439313173294067,0.594105064868927,True
cnn_random_aug,evolutionary,6035,0.24555665254592896,0.43049153685569763,0.18493488430976868,False
cnn_adv_mixed,evolutionary,6035,0.785030722618103,0.8496694564819336,0.06463873386383057,False
cnn_clean,evolutionary,16163,0.8428213000297546,0.993939995765686,0.1511186957359314,False
cnn_random_aug,evolutionary,16163,0.8382912874221802,0.7994728684425354,0.038818418979644775,False
cnn_adv_mixed,evolutionary,16163,0.8890693783760071,0.9010154604911804,0.01194608211517334,False
cnn_clean,evolutionary,8511,0.525640606880188,0.052729617804288864,0.47291100025177,True
cnn_random_aug,evolutionary,8511,0.6668145060539246,0.7308642864227295,0.06404978036880493,False
cnn_adv_mixed,evolutionary,8511,0.5895380973815918,0.6186363101005554,0.029098212718963623,False
cnn_clean,evolutionary,5281,0.6413124203681946,0.1811753511428833,0.4601370692253113,True
cnn_random_aug,evolutionary,5281,0.3099750280380249,0.2131498157978058,0.09682521224021912,False
cnn_adv_mixed,evolutionary,5281,0.6477973461151123,0.4507150650024414,0.1970822811126709,True
cnn_clean,evolutionary,9272,0.6635370850563049,0.01821593940258026,0.6453211307525635,True
cnn_random_aug,evolutionary,9272,0.6459421515464783,0.27167654037475586,0.3742656111717224,True
cnn_adv_mixed,evolutionary,9272,0.5810230374336243,0.5419210195541382,0.039102017879486084,False
cnn_clean,evolutionary,724,0.16925229132175446,0.005564233288168907,0.163688063621521,False
cnn_random_aug,evolutionary,724,0.31479984521865845,0.5136275887489319,0.19882774353027344,True
cnn_adv_mixed,evolutionary,724,0.14972221851348877,0.1053815558552742,0.04434066265821457,False
cnn_clean,evolutionary,16531,0.8890122771263123,0.4135730564594269,0.4754392206668854,True
cnn_random_aug,evolutionary,16531,0.6983498930931091,0.5008845925331116,0.19746530055999756,False
cnn_adv_mixed,evolutionary,16531,0.9006296992301941,0.6670920848846436,0.23353761434555054,False
