source_id,true_label,motif_a_attribution,motif_b_attribution,intervening_region_attribution,background_attribution
8,0,0.1021125540137291,0.062256697565317154,0.05090129002928734,0.054840266704559326
16,0,0.02612260729074478,0.06143565475940704,0.023129047825932503,0.021329885348677635
22,0,0.02162218652665615,0.007240466773509979,0.020926307886838913,0.01861276850104332
28,0,0.008508116006851196,0.025255560874938965,0.020243627950549126,0.01944466307759285
38,1,0.07946544140577316,0.017166867852211,0.08921006321907043,0.057062625885009766
45,0,0.044467538595199585,0.06133232265710831,0.06822209060192108,0.05113213136792183
69,1,0.0797911286354065,0.06602205336093903,0.037777286022901535,0.035432811826467514
83,1,0.07247395813465118,0.029394211247563362,0.045556847006082535,0.032528892159461975
98,1,0.029637113213539124,0.02220761775970459,0.039376046508550644,0.028236890211701393
113,0,0.0049591064453125,0.0034061968326568604,0.0047491127625107765,0.004840873647481203
153,0,0.007592126727104187,0.01024666428565979,0.00981608685106039,0.010229736566543579
162,0,0.00277515547350049,0.003434366313740611,0.0028698728419840336,0.002355818869546056
176,1,0.030908431857824326,0.02427186258137226,0.0369449146091938,0.03200586885213852
177,0,0.02556733787059784,0.08151175826787949,0.06903520226478577,0.06339019536972046
182,0,0.0051167309284210205,0.0022420734167099,0.0015930189983919263,0.0018117973813787103
184,1,0.058315083384513855,0.06009422242641449,0.04883947968482971,0.04161961376667023
240,0,0.002469465136528015,0.0009174294536933303,0.001184644177556038,0.0016393625410273671
245,0,0.038242630660533905,0.06616293638944626,0.06425896286964417,0.06751687079668045
250,0,0.061597466468811035,0.1421542465686798,0.06701415032148361,0.05952949449419975
254,1,0.0628659576177597,0.04250963032245636,0.04142027720808983,0.044659603387117386
264,0,0.12148401141166687,0.12045718729496002,0.059046030044555664,0.04575692489743233
271,1,0.05123616009950638,0.07708877325057983,0.0886223241686821,0.07152687758207321
279,0,0.034761711955070496,0.016037529334425926,0.029671529307961464,0.02366669289767742
300,1,0.010827679187059402,0.014723778702318668,0.019141005352139473,0.01804392598569393
306,0,0.08037301898002625,0.06616905331611633,0.05357753485441208,0.05299217253923416
309,0,0.1200074553489685,0.08067871630191803,0.054660096764564514,0.05079590156674385
318,0,0.013752326369285583,0.009803563356399536,0.01079015713185072,0.012127377092838287
319,0,0.04886960983276367,0.011228926479816437,0.04988378658890724,0.05706094950437546
337,1,0.013235306367278099,0.010470978915691376,0.01965685561299324,0.016611894592642784
344,1,0.07057477533817291,0.013784494251012802,0.019868766888976097,0.018962150439620018
356,1,0.0035257823765277863,0.02176124043762684,0.009864762425422668,0.012350538745522499
360,1,0.021823342889547348,0.012454269453883171,0.03192325308918953,0.02862425148487091
368,0,0.04867338389158249,0.11430247873067856,0.057309724390506744,0.05599410459399223
369,0,0.02604217827320099,0.06515158712863922,0.06493052840232849,0.05025441199541092
380,1,0.017299843952059746,0.008969378657639027,0.015529295429587364,0.01947767473757267
386,1,0.04001842439174652,0.04629839211702347,0.04311706870794296,0.06566116958856583
394,0,0.13191738724708557,0.047863736748695374,0.07111365348100662,0.0693942978978157
397,0,0.09145524352788925,0.09343799203634262,0.05554940924048424,0.062252551317214966
411,1,0.02032412588596344,0.06536643207073212,0.03767715394496918,0.0413796603679657
428,1,0.03299388289451599,0.04647669196128845,0.027548925951123238,0.016873376443982124
465,1,0.03196798264980316,0.0278986394405365,0.030148549005389214,0.03681927174329758
469,1,0.03106367588043213,0.06295230984687805,0.024106336757540703,0.03203989565372467
480,1,0.039539873600006104,0.021999776363372803,0.03092929907143116,0.038351938128471375
490,1,0.14908525347709656,0.032455287873744965,0.04729693382978439,0.05811569467186928
516,0,0.04178166389465332,0.04431995749473572,0.05191296339035034,0.047049380838871
525,0,0.030898764729499817,0.03646928071975708,0.03924845904111862,0.036804381757974625
536,1,0.06030862033367157,0.10698665678501129,0.06027394160628319,0.06429101526737213
548,0,0.009368784725666046,0.01560724712908268,0.017910270020365715,0.01723456010222435
553,0,0.04007691890001297,0.04668094962835312,0.019710615277290344,0.019567767158150673
555,0,0.006654411554336548,0.011679098010063171,0.005593221168965101,0.008029093034565449
561,1,0.016150176525115967,0.005952328443527222,0.007651801686733961,0.00769202783703804
562,0,0.03311654552817345,0.04398208484053612,0.04552968591451645,0.0423479862511158
578,0,0.14278794825077057,0.07391959428787231,0.050462715327739716,0.04033251479268074
579,1,0.13734012842178345,0.03790111839771271,0.06470531225204468,0.05944418907165527
580,0,0.033957839012145996,0.061429575085639954,0.04279588162899017,0.046550437808036804
584,1,0.0121535025537014,0.01892750710248947,0.008101440034806728,0.00992756336927414
601,0,0.06258318573236465,0.08704744279384613,0.07646290212869644,0.06515875458717346
605,1,0.03455208241939545,0.029174529016017914,0.054569538682699203,0.0494912788271904
625,0,0.03480280935764313,0.0715729296207428,0.050926875323057175,0.05182099714875221
635,1,0.01779583841562271,0.06570567190647125,0.030372582376003265,0.020040564239025116
644,0,0.016452953219413757,0.009586945176124573,0.015048383735120296,0.020537322387099266
649,0,0.023692168295383453,0.06403543055057526,0.06731078773736954,0.05630183219909668
655,0,0.05644451826810837,0.06927050650119781,0.06426247954368591,0.05163639783859253
670,0,0.023034751415252686,0.0925111174583435,0.036462895572185516,0.0336461216211319
685,1,0.002094671130180359,0.0016648471355438232,0.0016589410370215774,0.002059275982901454
690,1,0.0009681223891675472,0.004157764837145805,0.0014636906562373042,0.0015349715249612927
698,1,0.08192788064479828,0.03511418029665947,0.05074268952012062,0.0438460148870945
700,1,0.08103357255458832,0.03494724631309509,0.04509691148996353,0.03580018877983093
719,0,0.04508950561285019,0.03684188425540924,0.041375625878572464,0.02884981594979763
722,0,0.015099916607141495,0.017086513340473175,0.006997089367359877,0.009007994085550308
724,1,0.06913821399211884,0.08254449814558029,0.03968105837702751,0.04062464088201523
745,1,0.06379693746566772,0.042379170656204224,0.05492489039897919,0.045225199311971664
746,0,0.054707035422325134,0.00815026555210352,0.007618919014930725,0.010438350029289722
752,1,0.041258588433265686,0.07953671365976334,0.03834014758467674,0.046612538397312164
759,1,0.0325581356883049,0.035085529088974,0.03401130810379982,0.03152962774038315
768,1,0.073305144906044,0.060626059770584106,0.05795048922300339,0.04946082457900047
771,1,0.044672124087810516,0.1417691856622696,0.06919705122709274,0.05211598053574562
776,1,0.048456426709890366,0.029651395976543427,0.04503431171178818,0.04561430960893631
783,1,0.028267912566661835,0.04094129055738449,0.03752951696515083,0.03819777071475983
787,0,0.030623450875282288,0.024274930357933044,0.03662988170981407,0.031797897070646286
794,0,0.06659840792417526,0.02225257083773613,0.021156830713152885,0.014795470051467419
831,1,0.058340370655059814,0.0408526211977005,0.0429878905415535,0.03520319610834122
841,0,0.050274841487407684,0.14819088578224182,0.0497710183262825,0.049911580979824066
848,1,0.02220071852207184,0.04635921120643616,0.05193248391151428,0.04571698233485222
878,0,0.023906167596578598,0.04927942529320717,0.01777816377580166,0.020017867907881737
881,0,0.026665501296520233,0.05613114312291145,0.02915504202246666,0.0202682763338089
882,0,0.05941574275493622,0.05140766501426697,0.04814957082271576,0.05968243256211281
905,0,0.005399384535849094,0.005184757523238659,0.005758841056376696,0.004589821211993694
906,0,0.04986736178398132,0.04244665801525116,0.043463174253702164,0.04752914234995842
911,0,0.004108385648578405,0.007968686521053314,0.0058967177756130695,0.007779160980135202
915,1,0.029799386858940125,0.23355799913406372,0.06120442599058151,0.05196056887507439
925,0,0.06288124620914459,0.05948100984096527,0.0345466174185276,0.04357803612947464
940,0,0.12392470240592957,0.09632965922355652,0.07054649293422699,0.06169774383306503
947,1,0.11371807754039764,0.04354242980480194,0.04285856708884239,0.04262673482298851
957,0,0.058750733733177185,0.043876200914382935,0.04618636146187782,0.0544867143034935
960,0,0.03758735954761505,0.13600577414035797,0.045228511095047,0.04663561284542084
972,0,0.00588802108541131,0.019656285643577576,0.005364279728382826,0.00807606615126133
985,1,0.07685202360153198,0.05433832108974457,0.04257823899388313,0.039606254547834396
1005,1,0.03796795755624771,0.03287142515182495,0.030040495097637177,0.03152170777320862
1016,1,0.054026782512664795,0.031149253249168396,0.040582623332738876,0.04339488968253136
